timestep,lane_id,queueing_time,queueing_length,queueing_length_experimental
60.00,E2C_1,1.00,8.80,8.80
60.00,E2C_2,2.00,24.21,24.21
60.00,E2C_3,0.00,0.00,12.24
60.00,N2C_2,3.00,3.22,3.22
60.00,S2C_0,3.00,3.21,3.21
60.00,W2C_2,6.00,14.20,14.20
60.00,W2C_3,0.00,0.00,20.39
120.00,E2C_0,4.00,3.21,3.21
120.00,E2C_2,3.00,3.20,3.20
120.00,N2C_0,0.00,0.00,7.54
120.00,N2C_1,45.00,26.21,26.21
120.00,N2C_2,44.00,25.01,25.01
120.00,N2C_3,49.00,31.51,36.12
120.00,S2C_0,59.00,30.81,30.81
120.00,S2C_1,55.00,51.71,51.71
120.00,S2C_2,52.00,43.99,47.23
120.00,S2C_3,33.00,10.20,10.20
120.00,W2C_1,1.00,5.52,5.52
180.00,E2C_0,47.00,34.71,34.71
180.00,E2C_1,47.00,20.20,20.20
180.00,E2C_2,50.00,21.11,21.11
180.00,E2C_3,38.00,12.80,12.80
180.00,N2C_1,3.00,3.20,6.95
180.00,N2C_2,1.00,3.23,3.23
180.00,N2C_3,1.00,3.21,31.21
180.00,S2C_1,4.00,3.20,3.20
180.00,S2C_2,4.00,5.50,8.76
180.00,W2C_0,33.00,13.40,13.40
180.00,W2C_1,50.00,28.61,31.97
180.00,W2C_2,56.00,38.71,38.71
180.00,W2C_3,49.00,35.01,35.01
240.00,E2C_2,0.00,0.00,3.20
240.00,E2C_3,4.00,10.51,10.51
240.00,N2C_0,33.00,9.60,9.60
240.00,N2C_1,57.00,43.01,43.01
240.00,N2C_2,50.00,41.51,41.51
240.00,N2C_3,59.00,36.61,36.61
240.00,S2C_0,38.00,25.22,25.22
240.00,S2C_1,59.00,42.31,46.86
240.00,S2C_2,60.00,44.61,44.61
240.00,S2C_3,36.00,17.20,17.20
240.00,W2C_3,28.00,42.65,42.65
300.00,E2C_0,35.00,35.11,35.11
300.00,E2C_1,40.00,26.41,26.41
300.00,E2C_2,44.00,25.10,25.10
300.00,E2C_3,64.00,31.61,31.61
300.00,N2C_2,2.00,5.50,5.50
300.00,N2C_3,12.00,22.16,26.90
300.00,S2C_2,2.00,5.52,5.52
300.00,W2C_0,32.00,29.00,29.00
300.00,W2C_1,50.00,43.61,43.61
300.00,W2C_2,47.00,42.52,42.52
300.00,W2C_3,54.00,42.11,45.57
360.00,E2C_0,2.00,3.26,3.26
360.00,E2C_3,41.00,30.15,30.15
360.00,N2C_0,49.00,54.81,54.81
360.00,N2C_1,43.00,22.70,22.70
360.00,N2C_2,40.00,18.90,18.90
360.00,N2C_3,72.00,48.11,48.11
360.00,S2C_0,49.00,30.61,30.61
360.00,S2C_1,52.00,40.41,40.41
360.00,S2C_2,47.00,43.11,43.11
360.00,W2C_2,0.00,0.00,3.23
360.00,W2C_3,2.00,6.45,9.74
420.00,:Center_7_0,56.00,8.10,8.10
420.00,:Center_11_0,0.00,0.00,11.57
420.00,E2C_0,27.00,10.90,10.90
420.00,E2C_1,44.00,34.11,34.11
420.00,E2C_2,46.00,34.01,34.01
420.00,E2C_3,51.00,54.21,54.21
420.00,N2C_0,3.00,3.20,3.20
420.00,N2C_1,59.00,50.22,50.22
420.00,N2C_2,59.00,49.21,49.21
420.00,N2C_3,3.00,19.17,25.90
420.00,S2C_2,1.00,3.27,3.27
420.00,W2C_0,39.00,27.70,27.70
420.00,W2C_1,54.00,28.11,28.11
420.00,W2C_2,54.00,28.31,28.31
420.00,W2C_3,61.00,58.91,58.91
480.00,:Center_7_0,0.00,0.00,10.59
480.00,E2C_0,1.00,13.00,13.00
480.00,E2C_3,3.00,25.74,56.84
480.00,N2C_0,40.00,21.91,25.36
480.00,N2C_1,119.00,88.71,88.71
480.00,N2C_2,119.00,92.82,92.82
480.00,N2C_3,58.00,45.51,45.51
480.00,S2C_0,27.00,18.00,25.03
480.00,S2C_1,55.00,35.91,35.91
480.00,S2C_2,43.00,36.41,36.41
480.00,S2C_3,53.00,29.81,29.81
480.00,W2C_1,0.00,0.00,5.82
480.00,W2C_2,4.00,5.50,5.50
480.00,W2C_3,3.00,38.40,56.53
540.00,E2C_0,58.00,51.91,51.91
540.00,E2C_1,37.00,25.70,25.70
540.00,E2C_2,39.00,24.31,24.31
540.00,E2C_3,62.00,98.02,98.02
540.00,N2C_3,5.00,7.23,50.86
540.00,S2C_3,41.00,15.55,15.55
540.00,W2C_0,30.00,15.70,15.70
540.00,W2C_1,50.00,29.11,29.11
540.00,W2C_2,42.00,29.11,29.11
540.00,W2C_3,62.00,64.52,64.52
600.00,E2C_0,1.00,5.50,5.50
600.00,E2C_2,17.00,10.89,10.89
600.00,E2C_3,7.00,58.08,85.05
600.00,N2C_0,28.00,22.70,22.70
600.00,N2C_1,50.00,33.81,33.81
600.00,N2C_2,50.00,37.41,37.41
600.00,N2C_3,62.00,64.31,64.31
600.00,S2C_0,52.00,28.00,28.00
600.00,S2C_1,46.00,36.31,36.31
600.00,S2C_2,42.00,40.01,40.01
600.00,S2C_3,60.00,46.21,46.21
600.00,W2C_0,2.00,5.51,5.51
600.00,W2C_1,1.00,5.50,5.50
600.00,W2C_2,1.00,5.50,5.50
600.00,W2C_3,22.00,66.98,66.98
660.00,E2C_0,49.00,13.21,13.21
660.00,E2C_1,53.00,40.51,40.51
660.00,E2C_2,77.00,37.70,37.70
660.00,E2C_3,64.00,102.72,105.94
660.00,N2C_0,1.00,5.52,5.52
660.00,N2C_2,0.00,0.00,4.79
660.00,N2C_3,29.00,78.76,78.76
660.00,S2C_0,4.00,4.00,4.00
660.00,S2C_2,4.00,5.50,5.50
660.00,S2C_3,1.00,25.76,25.76
660.00,W2C_0,48.00,16.40,16.40
660.00,W2C_1,51.00,41.41,41.41
660.00,W2C_2,41.00,41.42,41.42
660.00,W2C_3,63.00,114.72,114.72
720.00,E2C_1,0.00,0.00,4.61
720.00,E2C_2,2.00,3.20,3.20
720.00,E2C_3,7.00,51.20,114.17
720.00,N2C_0,24.00,12.50,12.50
720.00,N2C_1,47.00,30.81,34.16
720.00,N2C_2,37.00,26.20,29.72
720.00,N2C_3,66.00,112.09,112.09
720.00,S2C_0,50.00,25.71,25.71
720.00,S2C_1,52.00,34.61,34.61
720.00,S2C_2,43.00,34.21,34.21
720.00,S2C_3,55.00,45.81,45.81
720.00,W2C_2,1.00,5.52,5.52
720.00,W2C_3,20.00,106.87,106.87
780.00,E2C_0,35.00,11.00,11.00
780.00,E2C_1,56.00,46.15,46.15
780.00,E2C_2,54.00,39.02,39.02
780.00,E2C_3,56.00,126.22,126.22
780.00,N2C_0,2.00,3.20,3.20
780.00,N2C_3,16.00,108.86,113.84
780.00,S2C_1,3.00,10.00,10.00
780.00,S2C_2,0.00,0.00,5.50
780.00,S2C_3,32.00,58.00,58.00
780.00,W2C_0,37.00,28.91,28.91
780.00,W2C_1,49.00,24.92,32.00
780.00,W2C_2,48.00,34.41,34.41
780.00,W2C_3,55.00,109.42,117.19
840.00,E2C_3,8.00,96.02,134.66
840.00,N2C_0,60.00,33.81,33.81
840.00,N2C_1,40.00,38.41,38.41
840.00,N2C_2,38.00,37.61,37.61
840.00,N2C_3,58.00,114.92,114.92
840.00,S2C_0,1.00,7.71,7.71
840.00,S2C_1,61.00,44.61,44.61
840.00,S2C_2,49.00,50.81,50.81
840.00,S2C_3,61.00,63.51,63.51
840.00,W2C_2,2.00,13.00,13.00
840.00,W2C_3,13.00,142.61,142.61
900.00,E2C_0,45.00,57.61,61.40
900.00,E2C_1,43.00,23.71,30.72
900.00,E2C_2,46.00,30.91,30.91
900.00,E2C_3,59.00,109.03,109.03
900.00,N2C_3,41.00,135.97,135.97
900.00,S2C_0,2.00,3.20,10.23
900.00,S2C_3,5.00,29.85,50.13
900.00,W2C_0,31.00,34.41,34.41
900.00,W2C_1,56.00,41.02,41.02
900.00,W2C_2,50.00,36.61,43.85
900.00,W2C_3,63.00,139.32,139.32
960.00,E2C_1,3.00,5.50,12.64
960.00,E2C_2,1.00,5.52,5.52
960.00,E2C_3,7.00,114.11,114.11
960.00,N2C_0,21.00,10.00,13.44
960.00,N2C_1,48.00,37.21,37.21
960.00,N2C_2,42.00,30.20,30.20
960.00,N2C_3,95.00,152.01,155.29
960.00,S2C_0,60.00,20.40,20.40
960.00,S2C_1,44.00,29.41,29.41
960.00,S2C_2,35.00,31.51,31.51
960.00,S2C_3,55.00,103.61,103.61
960.00,W2C_1,3.00,4.00,4.00
960.00,W2C_2,2.00,3.31,10.81
960.00,W2C_3,8.00,22.11,134.34
1020.00,E2C_0,15.00,10.20,10.20
1020.00,E2C_1,60.00,49.11,49.11
1020.00,E2C_2,50.00,46.91,46.91
1020.00,E2C_3,60.00,125.01,125.01
1020.00,N2C_0,2.00,5.50,5.50
1020.00,N2C_2,42.00,20.35,20.35
1020.00,N2C_3,43.00,165.71,177.41
1020.00,S2C_1,2.00,3.20,3.20
1020.00,S2C_2,3.00,10.22,10.22
1020.00,S2C_3,5.00,8.72,102.86
1020.00,W2C_0,37.00,23.21,23.21
1020.00,W2C_1,54.00,29.61,29.61
1020.00,W2C_2,58.00,38.33,38.33
1020.00,W2C_3,67.00,114.83,114.83
1080.00,:Center_11_0,57.00,3.10,3.10
1080.00,E2C_2,3.00,3.21,3.21
1080.00,E2C_3,5.00,15.33,19.94
1080.00,N2C_0,52.00,27.91,27.91
1080.00,N2C_1,44.00,38.52,38.52
1080.00,N2C_2,102.00,39.49,39.49
1080.00,N2C_3,57.00,184.63,184.63
1080.00,S2C_1,56.00,42.31,42.31
1080.00,S2C_2,61.00,42.13,42.13
1080.00,S2C_3,61.00,131.52,131.52
1080.00,W2C_0,0.00,0.00,6.07
1080.00,W2C_1,60.00,59.42,62.87
1080.00,W2C_2,59.00,64.34,64.34
1080.00,W2C_3,47.00,112.97,112.97
1140.00,E2C_0,32.00,28.91,28.91
1140.00,E2C_1,45.00,36.71,36.71
1140.00,E2C_2,49.00,33.81,40.93
1140.00,E2C_3,62.00,68.39,68.39
1140.00,N2C_1,3.00,7.24,10.64
1140.00,N2C_2,1.00,5.42,24.58
1140.00,N2C_3,51.00,191.85,204.75
1140.00,S2C_0,0.00,0.00,3.21
1140.00,S2C_1,0.00,0.00,3.39
1140.00,S2C_2,0.00,0.00,3.49
1140.00,S2C_3,36.00,131.26,131.26
1140.00,W2C_0,48.00,29.91,29.91
1140.00,W2C_1,120.00,93.22,93.22
1140.00,W2C_2,119.00,96.34,96.34
1140.00,W2C_3,56.00,128.13,128.13
1200.00,E2C_1,1.00,3.26,3.26
1200.00,E2C_2,0.00,0.00,3.23
1200.00,E2C_3,43.00,57.60,57.60
1200.00,N2C_0,20.00,14.20,14.20
1200.00,N2C_1,62.00,58.32,58.32
1200.00,N2C_2,61.00,66.33,66.33
1200.00,N2C_3,59.00,202.26,202.26
1200.00,S2C_0,58.00,27.51,34.56
1200.00,S2C_1,54.00,43.81,47.30
1200.00,S2C_2,50.00,43.41,43.41
1200.00,S2C_3,62.00,133.02,133.02
1200.00,W2C_1,3.00,5.50,5.50
1200.00,W2C_2,15.00,17.73,17.73
1200.00,W2C_3,39.00,153.95,161.46
1260.00,:Center_7_0,56.00,3.10,3.10
1260.00,E2C_0,46.00,19.50,19.50
1260.00,E2C_1,53.00,45.51,45.51
1260.00,E2C_2,47.00,36.11,36.11
1260.00,E2C_3,57.00,63.52,63.52
1260.00,N2C_1,59.00,81.82,85.07
1260.00,N2C_2,57.00,89.33,89.33
1260.00,N2C_3,20.00,192.44,230.41
1260.00,S2C_2,1.00,3.21,3.21
1260.00,S2C_3,4.00,27.04,27.04
1260.00,W2C_0,25.00,21.70,21.70
1260.00,W2C_1,57.00,43.81,43.81
1260.00,W2C_2,59.00,39.18,39.18
1260.00,W2C_3,53.00,168.60,173.27
1320.00,E2C_3,5.00,40.78,53.91
1320.00,N2C_0,13.00,15.10,15.10
1320.00,N2C_1,117.00,120.13,120.13
1320.00,N2C_2,117.00,124.32,124.32
1320.00,N2C_3,57.00,215.57,229.90
1320.00,S2C_0,5.00,9.66,9.66
1320.00,S2C_1,48.00,31.31,34.60
1320.00,S2C_2,34.00,35.21,35.21
1320.00,S2C_3,63.00,61.51,68.70
1320.00,W2C_0,0.00,0.00,4.04
1320.00,W2C_1,1.00,3.25,3.25
1320.00,W2C_2,3.00,8.76,8.76
1320.00,W2C_3,5.00,36.66,181.90
1380.00,E2C_0,25.00,15.40,15.40
1380.00,E2C_1,54.00,54.41,54.41
1380.00,E2C_2,45.00,51.49,51.49
1380.00,E2C_3,62.00,72.02,87.54
1380.00,N2C_0,0.00,0.00,5.76
1380.00,N2C_1,1.00,4.08,15.27
1380.00,N2C_2,1.00,3.21,13.28
1380.00,N2C_3,6.00,246.25,253.39
1380.00,S2C_2,3.00,13.00,13.00
1380.00,S2C_3,46.00,88.66,88.66
1380.00,W2C_0,51.00,7.20,7.20
1380.00,W2C_1,55.00,47.01,47.01
1380.00,W2C_2,61.00,52.81,52.81
1380.00,W2C_3,58.00,168.28,168.28
1440.00,E2C_0,2.00,13.00,13.00
1440.00,E2C_2,1.00,4.02,4.02
1440.00,E2C_3,2.00,84.02,84.02
1440.00,N2C_0,52.00,26.03,26.03
1440.00,N2C_1,59.00,46.91,46.91
1440.00,N2C_2,60.00,48.81,48.81
1440.00,N2C_3,63.00,223.73,263.86
1440.00,S2C_0,0.00,0.00,12.07
1440.00,S2C_1,51.00,57.42,57.42
1440.00,S2C_2,49.00,54.11,54.11
1440.00,S2C_3,106.00,121.82,121.82
1440.00,W2C_2,11.00,11.07,11.07
1440.00,W2C_3,16.00,145.38,171.58
1500.00,E2C_0,44.00,31.70,31.70
1500.00,E2C_1,53.00,34.11,34.11
1500.00,E2C_2,54.00,27.01,27.01
1500.00,E2C_3,59.00,88.32,95.40
1500.00,N2C_1,1.00,9.02,9.02
1500.00,N2C_2,1.00,3.25,7.05
1500.00,N2C_3,49.00,295.68,295.68
1500.00,S2C_1,0.00,0.00,5.60
1500.00,S2C_3,23.00,135.19,135.19
1500.00,W2C_0,42.00,25.11,25.11
1500.00,W2C_1,53.00,20.60,20.60
1500.00,W2C_2,71.00,21.06,24.31
1500.00,W2C_3,57.00,209.67,229.98
1560.00,E2C_0,1.00,4.03,4.03
1560.00,E2C_2,1.00,5.51,5.51
1560.00,E2C_3,5.00,64.38,102.62
1560.00,N2C_0,24.00,12.50,16.21
1560.00,N2C_1,36.00,37.71,37.71
1560.00,N2C_2,57.00,37.81,37.81
1560.00,N2C_3,58.00,257.88,298.15
1560.00,S2C_1,54.00,29.11,29.11
1560.00,S2C_2,44.00,29.92,29.92
1560.00,S2C_3,58.00,170.63,170.63
1560.00,W2C_0,4.00,3.20,3.20
1560.00,W2C_1,1.00,3.20,3.20
1560.00,W2C_2,14.00,32.41,32.41
1560.00,W2C_3,19.00,173.97,216.59
1620.00,E2C_0,20.00,7.20,7.20
1620.00,E2C_1,40.00,45.11,45.11
1620.00,E2C_2,51.00,46.31,46.31
1620.00,E2C_3,63.00,117.45,117.45
1620.00,N2C_1,1.00,3.23,3.23
1620.00,N2C_2,17.00,158.00,158.00
1620.00,N2C_3,31.00,125.21,338.06
1620.00,S2C_3,8.00,164.15,164.15
1620.00,W2C_0,42.00,16.01,16.01
1620.00,W2C_1,57.00,59.61,64.05
1620.00,W2C_2,65.00,68.91,68.91
1620.00,W2C_3,64.00,224.14,224.14
1680.00,:Center_7_0,56.00,14.80,7.80
1680.00,:Center_11_0,55.00,3.10,3.10
1680.00,E2C_0,0.00,0.00,3.43
1680.00,E2C_1,3.00,5.50,5.50
1680.00,E2C_2,19.00,8.81,8.81
1680.00,E2C_3,50.00,133.37,133.37
1680.00,N2C_0,31.00,30.91,30.91
1680.00,N2C_1,50.00,43.41,43.41
1680.00,N2C_2,57.00,46.88,46.88
1680.00,N2C_3,54.00,303.90,303.90
1680.00,S2C_0,24.00,37.91,37.91
1680.00,S2C_1,47.00,21.91,21.91
1680.00,S2C_2,50.00,24.40,24.40
1680.00,S2C_3,57.00,174.14,174.14
1680.00,W2C_0,1.00,5.51,5.51
1680.00,W2C_1,59.00,94.02,94.02
1680.00,W2C_2,52.00,91.42,96.11
1680.00,W2C_3,38.00,127.83,221.46
1740.00,:Center_7_0,116.00,14.80,7.80
1740.00,E2C_0,52.00,26.21,26.21
1740.00,E2C_1,57.00,34.31,34.31
1740.00,E2C_2,79.00,33.12,36.33
1740.00,E2C_3,110.00,140.37,140.37
1740.00,N2C_1,58.00,76.41,76.41
1740.00,N2C_2,117.00,74.18,77.62
1740.00,N2C_3,41.00,338.16,338.16
1740.00,S2C_1,1.00,5.51,8.90
1740.00,S2C_3,3.00,24.06,35.78
1740.00,W2C_0,48.00,21.51,21.51
1740.00,W2C_1,119.00,133.92,133.92
1740.00,W2C_2,112.00,134.33,134.33
1740.00,W2C_3,96.00,239.98,239.98
1800.00,E2C_1,2.00,3.21,3.21
1800.00,E2C_2,7.00,11.92,11.92
1800.00,E2C_3,12.00,168.47,168.47
1800.00,N2C_0,17.00,19.20,19.20
1800.00,N2C_1,118.00,126.60,126.60
1800.00,N2C_2,177.00,123.82,127.05
1800.00,N2C_3,56.00,328.67,331.92
1800.00,S2C_0,44.00,36.51,36.51
1800.00,S2C_1,59.00,25.31,25.31
1800.00,S2C_2,39.00,26.11,26.11
1800.00,S2C_3,62.00,111.02,111.02
1800.00,W2C_0,4.00,4.71,4.71
1800.00,W2C_1,2.00,5.50,21.05
1800.00,W2C_2,34.00,143.15,143.15
1800.00,W2C_3,46.00,189.58,243.75
1860.00,:Center_7_0,57.00,12.10,12.10
1860.00,E2C_0,52.00,32.22,32.22
1860.00,E2C_1,58.00,52.01,52.01
1860.00,E2C_2,50.00,55.71,55.71
1860.00,E2C_3,53.00,147.63,147.63
1860.00,N2C_1,178.00,165.63,165.63
1860.00,N2C_2,48.00,126.78,161.94
1860.00,N2C_3,53.00,321.06,331.99
1860.00,S2C_2,0.00,0.00,4.05
1860.00,S2C_3,1.00,3.21,6.64
1860.00,W2C_0,54.00,29.81,29.81
1860.00,W2C_1,58.00,124.86,124.86
1860.00,W2C_2,94.00,129.43,129.43
1860.00,W2C_3,105.00,248.89,259.89
1920.00,:Center_7_0,117.00,15.30,12.10
1920.00,:Center_11_0,58.00,12.10,12.10
1920.00,E2C_1,2.00,4.00,4.00
1920.00,E2C_2,84.00,35.31,35.31
1920.00,E2C_3,56.00,194.49,194.49
1920.00,N2C_0,50.00,36.81,36.81
1920.00,N2C_1,238.00,193.94,193.94
1920.00,N2C_2,108.00,200.06,200.06
1920.00,N2C_3,54.00,184.79,350.34
1920.00,S2C_0,47.00,16.60,23.61
1920.00,S2C_1,54.00,29.61,32.83
1920.00,S2C_2,45.00,30.85,30.85
1920.00,S2C_3,58.00,20.51,20.51
1920.00,W2C_1,59.00,142.70,166.85
1920.00,W2C_2,46.00,179.03,179.03
1920.00,W2C_3,44.00,210.95,267.71
1980.00,:Center_7_0,177.00,15.30,12.10
1980.00,E2C_0,57.00,13.40,13.40
1980.00,E2C_1,59.00,58.61,58.61
1980.00,E2C_2,144.00,61.01,61.01
1980.00,E2C_3,116.00,225.15,225.15
1980.00,N2C_1,298.00,219.64,219.64
1980.00,N2C_2,168.00,220.57,220.57
1980.00,N2C_3,53.00,344.77,344.77
1980.00,S2C_2,0.00,0.00,3.23
1980.00,W2C_0,36.00,28.21,28.21
1980.00,W2C_1,119.00,219.74,219.74
1980.00,W2C_2,106.00,216.47,221.17
1980.00,W2C_3,56.00,245.41,279.29
2040.00,E2C_1,1.00,3.24,3.24
2040.00,E2C_2,204.00,35.31,35.31
2040.00,E2C_3,173.00,249.28,249.28
2040.00,N2C_0,9.00,8.70,8.70
2040.00,N2C_1,52.00,193.85,261.92
2040.00,N2C_2,228.00,245.47,248.72
2040.00,N2C_3,59.00,402.63,369.21
2040.00,S2C_0,7.00,6.40,6.40
2040.00,S2C_1,51.00,40.81,44.07
2040.00,S2C_2,56.00,42.31,42.31
2040.00,S2C_3,7.00,7.70,7.70
2040.00,W2C_0,2.00,3.20,3.20
2040.00,W2C_1,25.00,187.94,187.94
2040.00,W2C_2,42.00,248.31,248.31
2040.00,W2C_3,43.00,288.30,288.30
2100.00,E2C_0,52.00,16.61,27.70
2100.00,E2C_1,58.00,54.41,54.41
2100.00,E2C_2,211.00,53.82,53.82
2100.00,E2C_3,57.00,240.21,268.88
2100.00,N2C_1,3.00,5.50,282.72
2100.00,N2C_2,54.00,289.25,289.25
2100.00,N2C_3,26.00,426.24,364.04
2100.00,S2C_2,2.00,5.50,5.50
2100.00,S2C_3,45.00,18.35,18.35
2100.00,W2C_0,17.00,13.40,13.40
2100.00,W2C_1,60.00,158.73,158.73
2100.00,W2C_2,55.00,146.81,146.81
2100.00,W2C_3,55.00,314.43,314.43
2160.00,E2C_0,3.00,9.00,9.00
2160.00,E2C_1,4.00,3.22,10.29
2160.00,E2C_2,46.00,40.39,40.39
2160.00,E2C_3,50.00,270.13,280.83
2160.00,N2C_0,22.00,10.00,10.00
2160.00,N2C_1,58.00,182.34,182.34
2160.00,N2C_2,60.00,181.50,181.50
2160.00,N2C_3,60.00,238.51,363.82
2160.00,S2C_0,8.00,10.20,10.20
2160.00,S2C_1,56.00,42.71,42.71
2160.00,S2C_2,43.00,42.71,42.71
2160.00,S2C_3,58.00,61.62,61.62
2160.00,W2C_1,0.00,0.00,13.04
2160.00,W2C_2,25.00,98.09,151.67
2160.00,W2C_3,43.00,334.45,334.45
2220.00,E2C_0,0.00,0.00,8.03
2220.00,E2C_1,60.00,89.91,97.12
2220.00,E2C_2,106.00,99.60,99.60
2220.00,E2C_3,102.00,300.13,300.13
2220.00,N2C_0,0.00,0.00,4.03
2220.00,N2C_1,1.00,3.21,174.26
2220.00,N2C_2,10.00,215.09,215.09
2220.00,N2C_3,53.00,419.88,372.47
2220.00,S2C_3,46.00,83.06,83.06
2220.00,W2C_0,35.00,43.41,50.61
2220.00,W2C_1,58.00,123.62,123.62
2220.00,W2C_2,85.00,133.41,133.41
2220.00,W2C_3,84.00,353.42,360.61
2280.00,:Center_7_0,0.00,0.00,10.96
2280.00,E2C_1,3.00,10.01,13.27
2280.00,E2C_2,11.00,79.40,82.92
2280.00,E2C_3,31.00,190.44,302.92
2280.00,N2C_0,56.00,18.70,18.70
2280.00,N2C_1,60.00,203.96,211.02
2280.00,N2C_2,64.00,208.79,208.79
2280.00,N2C_3,62.00,397.34,365.28
2280.00,S2C_1,37.00,33.41,40.71
2280.00,S2C_2,44.00,32.01,35.26
2280.00,S2C_3,105.00,122.16,122.16
2280.00,W2C_1,1.00,5.52,12.64
2280.00,W2C_2,38.00,167.18,167.18
2280.00,W2C_3,49.00,351.97,351.97
2340.00,E2C_1,61.00,97.02,97.02
2340.00,E2C_2,65.00,97.01,97.01
2340.00,E2C_3,63.00,316.64,316.64
2340.00,N2C_0,1.00,26.90,26.90
2340.00,N2C_1,3.00,26.54,144.84
2340.00,N2C_2,50.00,228.72,228.72
2340.00,N2C_3,49.00,469.81,362.46
2340.00,S2C_1,0.00,0.00,3.49
2340.00,S2C_2,3.00,4.00,7.54
2340.00,S2C_3,44.00,117.56,117.56
2340.00,W2C_0,15.00,12.20,12.20
2340.00,W2C_1,60.00,115.10,115.10
2340.00,W2C_2,98.00,162.68,162.68
2340.00,W2C_3,105.00,360.10,360.10
2400.00,E2C_1,3.00,12.51,16.42
2400.00,E2C_2,53.00,70.24,78.27
2400.00,E2C_3,45.00,330.21,334.00
2400.00,N2C_0,47.00,51.20,51.20
2400.00,N2C_1,62.00,184.77,184.77
2400.00,N2C_2,62.00,244.81,244.81
2400.00,N2C_3,61.00,412.64,362.41
2400.00,S2C_0,47.00,15.40,15.40
2400.00,S2C_1,54.00,28.81,28.81
2400.00,S2C_2,59.00,25.11,25.11
2400.00,S2C_3,54.00,124.22,131.26
2400.00,W2C_1,3.00,7.71,7.71
2400.00,W2C_2,16.00,176.94,176.94
2400.00,W2C_3,38.00,214.53,346.44
2460.00,E2C_0,11.00,16.50,16.50
2460.00,E2C_1,62.00,115.22,115.22
2460.00,E2C_2,113.00,114.33,121.35
2460.00,E2C_3,58.00,328.80,328.80
2460.00,N2C_0,1.00,8.85,8.85
2460.00,N2C_1,0.00,0.00,7.56
2460.00,N2C_2,43.00,237.20,237.20
2460.00,N2C_3,40.00,459.05,369.76
2460.00,S2C_1,1.00,3.21,3.21
2460.00,S2C_2,1.00,3.20,3.20
2460.00,S2C_3,47.00,137.37,137.37
2460.00,W2C_0,32.00,18.90,18.90
2460.00,W2C_1,61.00,104.60,109.97
2460.00,W2C_2,48.00,150.63,150.63
2460.00,W2C_3,49.00,333.74,349.34
2520.00,:Center_11_0,55.00,4.60,4.60
2520.00,E2C_0,5.00,5.50,5.50
2520.00,E2C_1,1.00,3.20,14.99
2520.00,E2C_2,5.00,15.51,27.72
2520.00,E2C_3,25.00,344.07,344.07
2520.00,N2C_0,61.00,26.76,26.76
2520.00,N2C_1,58.00,212.69,256.63
2520.00,N2C_2,61.00,226.02,254.37
2520.00,N2C_3,55.00,414.17,363.10
2520.00,S2C_0,22.00,19.50,23.03
2520.00,S2C_1,56.00,49.70,53.09
2520.00,S2C_2,52.00,40.91,40.91
2520.00,S2C_3,107.00,158.85,158.85
2520.00,W2C_1,58.00,154.67,158.12
2520.00,W2C_2,53.00,154.73,154.73
2520.00,W2C_3,52.00,369.76,362.06
2580.00,E2C_0,44.00,24.00,24.00
2580.00,E2C_1,60.00,76.82,76.82
2580.00,E2C_2,63.00,73.21,73.21
2580.00,E2C_3,63.00,269.63,298.46
2580.00,N2C_0,0.00,0.00,3.69
2580.00,N2C_1,6.00,185.76,217.05
2580.00,N2C_2,25.00,219.57,219.57
2580.00,N2C_3,35.00,436.90,361.66
2580.00,S2C_1,2.00,4.05,4.05
2580.00,S2C_2,22.00,76.66,76.66
2580.00,S2C_3,41.00,158.09,158.09
2580.00,W2C_0,35.00,23.67,23.67
2580.00,W2C_1,118.00,180.04,180.04
2580.00,W2C_2,113.00,176.30,183.49
2580.00,W2C_3,55.00,387.85,362.04
2640.00,E2C_2,32.00,26.52,31.31
2640.00,E2C_3,48.00,319.65,319.65
2640.00,N2C_0,13.00,6.40,6.40
2640.00,N2C_1,61.00,191.60,191.60
2640.00,N2C_2,63.00,193.48,193.48
2640.00,N2C_3,56.00,466.20,361.92
2640.00,S2C_0,47.00,34.44,34.44
2640.00,S2C_1,59.00,35.41,35.41
2640.00,S2C_2,76.00,63.66,63.66
2640.00,S2C_3,55.00,190.83,190.83
2640.00,W2C_0,2.00,13.00,24.04
2640.00,W2C_1,22.00,159.12,159.12
2640.00,W2C_2,37.00,211.02,211.02
2640.00,W2C_3,80.00,393.53,364.76
2700.00,E2C_0,33.00,21.90,21.90
2700.00,E2C_1,55.00,56.01,56.01
2700.00,E2C_2,92.00,54.18,54.18
2700.00,E2C_3,101.00,324.60,324.60
2700.00,N2C_1,16.00,186.23,186.23
2700.00,N2C_2,45.00,262.33,262.33
2700.00,N2C_3,49.00,449.16,360.76
2700.00,S2C_0,5.00,3.20,3.20
2700.00,S2C_2,47.00,29.90,29.90
2700.00,S2C_3,45.00,188.87,188.87
2700.00,W2C_0,60.00,33.61,33.61
2700.00,W2C_1,56.00,123.56,149.85
2700.00,W2C_2,82.00,156.93,156.93
2700.00,W2C_3,91.00,438.18,360.81
2760.00,E2C_0,2.00,3.22,3.22
2760.00,E2C_1,4.00,12.20,20.91
2760.00,E2C_2,26.00,90.73,90.73
2760.00,E2C_3,47.00,219.02,304.27
2760.00,N2C_0,14.00,14.20,14.20
2760.00,N2C_1,59.00,160.73,164.10
2760.00,N2C_2,105.00,244.65,244.65
2760.00,N2C_3,106.00,460.48,360.52
2760.00,S2C_0,53.00,17.90,25.00
2760.00,S2C_1,53.00,48.71,53.08
2760.00,S2C_2,56.00,45.81,57.06
2760.00,S2C_3,56.00,204.83,209.46
2760.00,W2C_2,23.00,202.08,202.08
2760.00,W2C_3,30.00,445.35,366.47
2820.00,:Center_7_0,58.00,2.30,2.30
2820.00,E2C_0,50.00,36.61,36.61
2820.00,E2C_1,63.00,64.82,64.82
2820.00,E2C_2,79.00,77.96,77.96
2820.00,E2C_3,56.00,344.40,349.25
2820.00,N2C_1,57.00,200.34,239.08
2820.00,N2C_2,59.00,389.80,332.59
2820.00,N2C_3,98.00,399.65,352.30
2820.00,S2C_3,4.00,17.03,191.94
2820.00,W2C_0,43.00,26.50,26.50
2820.00,W2C_1,56.00,128.03,135.33
2820.00,W2C_2,62.00,187.43,187.43
2820.00,W2C_3,59.00,417.98,359.57
2880.00,E2C_0,31.00,54.40,54.40
2880.00,E2C_1,23.00,85.72,85.72
2880.00,E2C_2,118.00,84.83,84.83
2880.00,E2C_3,47.00,360.06,360.06
2880.00,N2C_0,24.00,19.50,19.50
2880.00,N2C_1,117.00,277.25,277.25
2880.00,N2C_2,119.00,409.57,280.79
2880.00,N2C_3,106.00,456.70,363.21
2880.00,S2C_0,23.00,23.00,23.00
2880.00,S2C_1,47.00,37.41,47.91
2880.00,S2C_2,41.00,46.73,46.73
2880.00,S2C_3,63.00,152.63,152.63
2880.00,W2C_0,4.00,3.20,14.26
2880.00,W2C_1,5.00,13.43,156.90
2880.00,W2C_2,37.00,145.66,160.49
2880.00,W2C_3,48.00,472.04,367.36
2940.00,E2C_0,91.00,86.41,86.41
2940.00,E2C_1,83.00,115.12,115.12
2940.00,E2C_2,178.00,121.91,121.91
2940.00,E2C_3,58.00,367.11,360.10
2940.00,N2C_1,4.00,226.67,296.58
2940.00,N2C_2,53.00,328.24,328.24
2940.00,N2C_3,82.00,468.42,363.20
2940.00,S2C_1,2.00,3.20,3.20
2940.00,S2C_2,0.00,0.00,22.35
2940.00,S2C_3,53.00,143.88,147.59
2940.00,W2C_0,60.00,47.61,47.61
2940.00,W2C_1,64.00,129.95,136.99
2940.00,W2C_2,66.00,150.63,150.63
2940.00,W2C_3,62.00,452.41,362.70
3000.00,E2C_0,4.00,3.20,3.20
3000.00,E2C_1,4.00,12.25,19.39
3000.00,E2C_2,32.00,82.07,93.51
3000.00,E2C_3,45.00,386.16,364.16
3000.00,N2C_0,44.00,55.62,55.62
3000.00,N2C_1,56.00,163.18,278.29
3000.00,N2C_2,82.00,351.06,351.06
3000.00,N2C_3,53.00,466.83,364.52
3000.00,S2C_0,25.00,14.70,14.70
3000.00,S2C_1,49.00,40.81,40.81
3000.00,S2C_2,60.00,47.25,47.25
3000.00,S2C_3,105.00,153.95,153.95
3000.00,W2C_1,5.00,8.71,11.96
3000.00,W2C_2,44.00,199.67,199.67
3000.00,W2C_3,34.00,447.21,365.16
3060.00,E2C_0,52.00,33.21,33.21
3060.00,E2C_1,62.00,100.02,100.02
3060.00,E2C_2,92.00,100.76,100.76
3060.00,E2C_3,98.00,421.33,362.71
3060.00,N2C_0,3.00,12.29,12.29
3060.00,N2C_1,1.00,3.24,336.73
3060.00,N2C_2,119.00,374.24,374.24
3060.00,N2C_3,42.00,459.61,361.56
3060.00,S2C_0,2.00,3.22,3.22
3060.00,S2C_2,20.00,29.85,29.85
3060.00,S2C_3,43.00,146.58,146.58
3060.00,W2C_0,2.00,6.40,6.40
3060.00,W2C_1,61.00,141.32,169.81
3060.00,W2C_2,57.00,226.96,226.96
3060.00,W2C_3,54.00,443.49,360.59
3120.00,:Center_11_0,54.00,4.60,4.60
3120.00,E2C_0,1.00,3.23,3.23
3120.00,E2C_1,3.00,4.00,4.00
3120.00,E2C_3,158.00,434.07,360.20
3120.00,N2C_0,59.00,53.11,53.11
3120.00,N2C_1,60.00,164.24,248.22
3120.00,N2C_2,179.00,364.67,364.67
3120.00,N2C_3,54.00,465.31,360.96
3120.00,S2C_0,49.00,26.81,26.81
3120.00,S2C_1,50.00,50.22,50.22
3120.00,S2C_2,60.00,49.07,49.07
3120.00,S2C_3,60.00,159.93,159.93
3120.00,W2C_1,60.00,219.09,222.43
3120.00,W2C_2,117.00,223.68,223.68
3120.00,W2C_3,51.00,468.36,362.57
3180.00,E2C_0,46.00,30.61,30.61
3180.00,E2C_1,49.00,60.31,60.31
3180.00,E2C_2,48.00,64.22,64.22
3180.00,E2C_3,60.00,312.92,330.12
3180.00,N2C_0,0.00,0.00,296.06
3180.00,N2C_1,5.00,311.50,311.50
3180.00,N2C_2,239.00,387.27,359.16
3180.00,N2C_3,29.00,458.93,364.56
3180.00,S2C_1,4.00,3.20,10.35
3180.00,S2C_2,34.00,33.36,37.98
3180.00,S2C_3,46.00,153.39,153.39
3180.00,W2C_0,21.00,16.92,16.92
3180.00,W2C_1,120.00,257.74,257.74
3180.00,W2C_2,177.00,259.22,259.22
3180.00,W2C_3,75.00,465.01,360.65
3240.00,E2C_1,0.00,0.00,16.11
3240.00,E2C_2,17.00,74.50,74.50
3240.00,E2C_3,44.00,358.81,365.97
3240.00,N2C_0,50.00,48.29,48.29
3240.00,N2C_1,61.00,366.28,366.28
3240.00,N2C_2,299.00,389.81,362.35
3240.00,N2C_3,57.00,466.77,360.33
3240.00,S2C_1,59.00,79.42,79.42
3240.00,S2C_2,94.00,77.03,77.03
3240.00,S2C_3,100.00,181.09,181.09
3240.00,W2C_0,0.00,0.00,251.67
3240.00,W2C_1,3.00,291.05,306.02
3240.00,W2C_2,29.00,301.66,301.66
3240.00,W2C_3,21.00,370.16,359.96
3300.00,:Center_3_0,0.00,0.00,8.18
3300.00,E2C_0,18.00,13.20,13.20
3300.00,E2C_1,55.00,99.32,99.32
3300.00,E2C_2,72.00,99.12,99.12
3300.00,E2C_3,56.00,369.15,362.44
3300.00,N2C_0,1.00,164.14,282.41
3300.00,N2C_1,46.00,114.53,303.68
3300.00,N2C_2,68.00,398.41,355.52
3300.00,N2C_3,43.00,450.91,365.43
3300.00,S2C_0,0.00,0.00,4.03
3300.00,S2C_1,4.00,3.21,3.21
3300.00,S2C_2,41.00,15.04,15.04
3300.00,S2C_3,44.00,160.65,196.00
3300.00,W2C_0,32.00,34.34,34.34
3300.00,W2C_1,61.00,294.48,294.48
3300.00,W2C_2,89.00,317.70,317.70
3300.00,W2C_3,79.00,464.12,366.52
3360.00,:Center_7_0,0.00,0.00,12.33
3360.00,:Center_15_0,0.00,0.00,9.36
3360.00,E2C_1,3.00,10.28,14.31
3360.00,E2C_2,56.00,48.64,119.74
3360.00,E2C_3,40.00,390.12,361.86
3360.00,N2C_0,29.00,43.29,43.29
3360.00,N2C_1,60.00,204.86,215.96
3360.00,N2C_2,112.00,384.37,362.38
3360.00,N2C_3,57.00,469.30,362.74
3360.00,S2C_0,51.00,35.21,42.33
3360.00,S2C_1,59.00,47.61,47.61
3360.00,S2C_2,101.00,50.85,50.85
3360.00,S2C_3,103.00,216.28,216.28
3360.00,W2C_0,3.00,3.00,3.00
3360.00,W2C_1,42.00,162.66,279.84
3360.00,W2C_2,50.00,293.18,296.54
3360.00,W2C_3,71.00,379.06,364.21
3420.00,E2C_0,37.00,19.20,19.20
3420.00,E2C_1,62.00,107.32,107.32
3420.00,E2C_2,113.00,109.72,109.72
3420.00,E2C_3,57.00,431.49,364.76
3420.00,N2C_1,33.00,304.89,313.47
3420.00,N2C_2,172.00,389.93,361.00
3420.00,N2C_3,46.00,469.92,364.41
3420.00,S2C_1,6.00,6.40,13.09
3420.00,S2C_2,48.00,16.71,16.71
3420.00,S2C_3,38.00,139.06,226.08
3420.00,W2C_0,63.00,31.91,31.91
3420.00,W2C_1,54.00,313.16,313.16
3420.00,W2C_2,62.00,311.11,311.11
3420.00,W2C_3,56.00,442.60,361.90
3480.00,E2C_0,0.00,0.00,3.22
3480.00,E2C_1,3.00,11.00,18.24
3480.00,E2C_2,28.00,129.20,136.28
3480.00,E2C_3,48.00,427.89,362.36
3480.00,N2C_0,57.00,62.27,62.27
3480.00,N2C_1,61.00,213.86,277.10
3480.00,N2C_2,232.00,403.35,361.00
3480.00,N2C_3,103.00,469.84,360.26
3480.00,S2C_0,38.00,23.70,27.77
3480.00,S2C_1,64.00,64.81,64.81
3480.00,S2C_2,58.00,65.12,65.12
3480.00,S2C_3,91.00,218.57,218.57
3480.00,W2C_1,3.00,278.93,282.38
3480.00,W2C_2,60.00,325.33,325.33
3480.00,W2C_3,34.00,472.22,359.97
3540.00,:Center_11_0,0.00,0.00,9.65
3540.00,E2C_0,29.00,37.61,37.61
3540.00,E2C_1,62.00,125.93,125.93
3540.00,E2C_2,64.00,121.74,124.99
3540.00,E2C_3,59.00,412.38,363.79
3540.00,N2C_0,6.00,324.06,324.06
3540.00,N2C_1,7.00,326.83,353.33
3540.00,N2C_2,138.00,387.21,362.98
3540.00,N2C_3,67.00,467.16,369.70
3540.00,S2C_0,4.00,8.73,8.73
3540.00,S2C_1,2.00,3.21,27.02
3540.00,S2C_2,118.00,86.44,86.44
3540.00,S2C_3,48.00,173.34,207.72
3540.00,W2C_0,15.00,21.52,21.52
3540.00,W2C_1,55.00,325.34,325.34
3540.00,W2C_2,79.00,342.00,342.00
3540.00,W2C_3,58.00,467.32,362.54
3600.00,E2C_0,0.00,0.00,9.14
3600.00,E2C_1,2.00,10.26,13.58
3600.00,E2C_2,55.00,119.59,119.59
3600.00,E2C_3,47.00,399.26,368.20
3600.00,N2C_0,30.00,88.90,88.90
3600.00,N2C_1,62.00,217.27,373.67
3600.00,N2C_2,75.00,411.55,362.98
3600.00,N2C_3,91.00,469.04,363.46
3600.00,S2C_0,62.00,8.70,8.70
3600.00,S2C_1,60.00,103.32,103.32
3600.00,S2C_2,178.00,101.03,104.73
3600.00,S2C_3,106.00,226.48,226.48
3600.00,W2C_1,6.00,17.80,304.07
3600.00,W2C_2,74.00,354.85,354.85
3600.00,W2C_3,36.00,462.54,370.73
3660.00,:Center_11_0,0.00,0.00,8.45
3660.00,E2C_0,57.00,20.51,20.51
3660.00,E2C_1,61.00,90.02,100.45
3660.00,E2C_2,115.00,112.47,112.47
3660.00,E2C_3,107.00,433.13,363.18
3660.00,N2C_0,15.00,120.23,124.78
3660.00,N2C_1,24.00,321.07,338.18
3660.00,N2C_2,51.00,386.52,362.31
3660.00,N2C_3,47.00,467.38,360.50
3660.00,S2C_0,0.00,0.00,5.60
3660.00,S2C_1,3.00,12.52,17.89
3660.00,S2C_2,44.00,113.84,113.84
3660.00,S2C_3,28.00,209.76,228.84
3660.00,W2C_0,48.00,123.98,123.98
3660.00,W2C_1,66.00,287.68,310.81
3660.00,W2C_2,107.00,363.93,363.93
3660.00,W2C_3,61.00,457.09,364.49
3720.00,E2C_0,0.00,0.00,10.95
3720.00,E2C_1,1.00,3.57,11.14
3720.00,E2C_2,170.00,101.18,101.18
3720.00,E2C_3,167.00,448.94,363.13
3720.00,N2C_0,62.00,124.49,136.17
3720.00,N2C_1,60.00,265.75,347.69
3720.00,N2C_2,111.00,393.52,366.29
3720.00,N2C_3,106.00,471.05,364.24
3720.00,S2C_0,55.00,43.41,43.41
3720.00,S2C_1,61.00,68.61,68.61
3720.00,S2C_2,55.00,65.31,65.31
3720.00,S2C_3,59.00,191.24,251.32
3720.00,W2C_0,12.00,45.50,264.24
3720.00,W2C_1,2.00,12.56,363.40
3720.00,W2C_2,55.00,376.37,360.86
3720.00,W2C_3,51.00,442.29,362.36
3780.00,:Center_7_0,58.00,3.10,3.10
3780.00,E2C_0,58.00,17.90,17.90
3780.00,E2C_1,56.00,108.15,108.15
3780.00,E2C_2,230.00,108.65,115.72
3780.00,E2C_3,227.00,458.55,363.13
3780.00,N2C_0,122.00,160.35,160.35
3780.00,N2C_1,60.00,288.62,366.50
3780.00,N2C_2,137.00,407.74,364.43
3780.00,N2C_3,110.00,468.35,364.23
3780.00,S2C_3,3.00,6.45,249.23
3780.00,W2C_0,72.00,81.41,81.41
3780.00,W2C_1,61.00,211.94,357.63
3780.00,W2C_2,115.00,353.85,373.11
3780.00,W2C_3,108.00,474.84,359.80
3840.00,E2C_0,2.00,3.21,3.21
3840.00,E2C_1,2.00,3.23,7.32
3840.00,E2C_2,29.00,357.85,357.85
3840.00,E2C_3,20.00,355.05,364.16
3840.00,N2C_0,143.00,166.95,166.95
3840.00,N2C_1,182.00,428.94,350.97
3840.00,N2C_2,197.00,442.07,362.38
3840.00,N2C_3,107.00,468.21,362.20
3840.00,S2C_1,48.00,38.11,41.44
3840.00,S2C_2,53.00,37.34,37.34
3840.00,S2C_3,62.00,219.74,219.74
3840.00,W2C_0,0.00,0.00,3.73
3840.00,W2C_1,22.00,390.96,364.25
3840.00,W2C_2,175.00,392.08,363.87
3840.00,W2C_3,69.00,472.13,373.80
3900.00,:Center_3_0,0.00,0.00,11.83
3900.00,E2C_0,52.00,13.41,13.41
3900.00,E2C_1,58.00,85.32,85.32
3900.00,E2C_2,78.00,156.43,156.43
3900.00,E2C_3,63.00,424.27,364.48
3900.00,N2C_0,28.00,206.47,206.47
3900.00,N2C_1,89.00,421.28,365.82
3900.00,N2C_2,58.00,450.40,362.40
3900.00,N2C_3,88.00,466.32,362.20
3900.00,S2C_0,0.00,0.00,4.12
3900.00,S2C_1,1.00,3.22,14.55
3900.00,S2C_2,5.00,46.09,46.09
3900.00,S2C_3,40.00,210.22,226.10
3900.00,W2C_0,48.00,74.01,74.01
3900.00,W2C_1,60.00,371.23,361.24
3900.00,W2C_2,235.00,408.64,364.69
3900.00,W2C_3,57.00,465.07,367.50
3960.00,:Center_15_0,45.00,11.90,11.90
3960.00,E2C_1,33.00,112.04,112.04
3960.00,E2C_2,99.00,122.24,122.24
3960.00,E2C_3,41.00,435.31,362.16
3960.00,N2C_0,63.00,262.23,262.23
3960.00,N2C_1,54.00,309.57,350.08
3960.00,N2C_2,118.00,463.92,359.93
3960.00,N2C_3,125.00,466.31,360.76
3960.00,S2C_0,50.00,34.21,34.21
3960.00,S2C_1,58.00,73.12,73.12
3960.00,S2C_2,64.00,70.13,74.79
3960.00,S2C_3,100.00,257.24,257.24
3960.00,W2C_0,3.00,56.34,56.34
3960.00,W2C_1,5.00,18.02,329.40
3960.00,W2C_2,295.00,436.57,331.89
3960.00,W2C_3,66.00,465.06,366.06
4020.00,:Center_3_0,0.00,0.00,13.81
4020.00,E2C_0,41.00,35.21,35.21
4020.00,E2C_1,57.00,107.66,107.66
4020.00,E2C_2,157.00,116.77,116.77
4020.00,E2C_3,56.00,433.28,366.71
4020.00,N2C_0,23.00,257.39,257.39
4020.00,N2C_1,18.00,308.60,353.54
4020.00,N2C_2,178.00,421.03,360.98
4020.00,N2C_3,60.00,467.45,363.90
4020.00,S2C_0,5.00,3.15,3.15
4020.00,S2C_1,4.00,6.41,45.55
4020.00,S2C_2,47.00,60.34,63.54
4020.00,S2C_3,42.00,203.81,249.99
4020.00,W2C_0,61.00,70.89,77.95
4020.00,W2C_1,62.00,251.99,351.96
4020.00,W2C_2,79.00,434.57,366.34
4020.00,W2C_3,49.00,467.84,363.08
4080.00,E2C_1,1.00,4.04,144.75
4080.00,E2C_2,31.00,147.04,147.04
4080.00,E2C_3,47.00,454.76,363.66
4080.00,N2C_0,62.00,315.21,315.21
4080.00,N2C_1,60.00,156.47,351.53
4080.00,N2C_2,238.00,461.39,363.15
4080.00,N2C_3,105.00,466.96,361.89
4080.00,S2C_0,51.00,13.35,13.35
4080.00,S2C_1,62.00,482.48,64.62
4080.00,S2C_2,57.00,62.51,67.09
4080.00,S2C_3,55.00,264.92,272.17
4080.00,W2C_0,7.00,250.84,335.77
4080.00,W2C_1,3.00,260.97,354.93
4080.00,W2C_2,57.00,452.54,365.88
4080.00,W2C_3,24.00,465.61,360.86
4140.00,E2C_0,53.00,28.81,32.29
4140.00,E2C_1,59.00,141.32,141.32
4140.00,E2C_2,88.00,147.81,154.87
4140.00,E2C_3,103.00,430.82,360.30
4140.00,N2C_0,14.00,141.96,352.60
4140.00,N2C_1,37.00,474.09,357.57
4140.00,N2C_2,65.00,470.56,362.15
4140.00,N2C_3,86.00,468.93,366.90
4140.00,S2C_1,0.00,0.00,13.03
4140.00,S2C_2,5.00,2.82,2.82
4140.00,S2C_3,4.00,278.89,278.89
4140.00,W2C_0,60.00,317.56,317.56
4140.00,W2C_1,56.00,437.52,363.87
4140.00,W2C_2,70.00,430.52,371.08
4140.00,W2C_3,57.00,451.11,363.77
4200.00,:Center_7_0,49.00,13.20,9.60
4200.00,E2C_1,1.00,171.58,171.58
4200.00,E2C_2,37.00,168.23,168.23
4200.00,E2C_3,94.00,468.03,360.30
4200.00,N2C_0,51.00,390.73,361.27
4200.00,N2C_1,97.00,431.70,360.50
4200.00,N2C_2,108.00,468.02,362.32
4200.00,N2C_3,87.00,473.44,364.70
4200.00,S2C_0,47.00,25.11,25.11
4200.00,S2C_1,54.00,46.86,46.86
4200.00,S2C_2,57.00,53.33,53.33
4200.00,S2C_3,62.00,239.44,242.76
4200.00,W2C_0,1.00,5.51,5.51
4200.00,W2C_1,3.00,272.18,288.08
4200.00,W2C_2,66.00,430.91,353.36
4200.00,W2C_3,53.00,461.12,362.14
4260.00,:Center_7_0,55.00,2.30,2.30
4260.00,E2C_0,15.00,6.40,10.76
4260.00,E2C_1,59.00,155.53,155.53
4260.00,E2C_2,97.00,166.57,166.57
4260.00,E2C_3,63.00,466.95,362.09
4260.00,N2C_0,111.00,435.98,361.22
4260.00,N2C_1,157.00,473.28,358.72
4260.00,N2C_2,123.00,469.48,361.99
4260.00,N2C_3,77.00,471.88,363.72
4260.00,S2C_3,5.00,212.47,251.23
4260.00,W2C_0,44.00,81.32,84.78
4260.00,W2C_1,61.00,180.93,180.93
4260.00,W2C_2,117.00,407.99,362.01
4260.00,W2C_3,109.00,471.43,363.50
4320.00,E2C_1,5.00,16.41,19.94
4320.00,E2C_2,57.00,197.24,197.24
4320.00,E2C_3,61.00,468.48,362.76
4320.00,N2C_0,171.00,464.85,343.52
4320.00,N2C_1,217.00,449.02,363.06
4320.00,N2C_2,183.00,458.86,361.03
4320.00,N2C_3,58.00,470.36,364.59
4320.00,S2C_0,56.00,25.95,25.95
4320.00,S2C_1,42.00,34.31,37.52
4320.00,S2C_2,49.00,37.21,37.21
4320.00,S2C_3,64.00,160.93,160.93
4320.00,W2C_0,4.00,116.82,116.82
4320.00,W2C_1,18.00,363.57,363.57
4320.00,W2C_2,53.00,409.39,363.06
4320.00,W2C_3,88.00,447.97,363.50
4380.00,E2C_0,48.00,37.01,37.01
4380.00,E2C_1,62.00,168.14,168.14
4380.00,E2C_2,117.00,153.01,156.23
4380.00,E2C_3,111.00,472.26,363.66
4380.00,N2C_0,78.00,394.84,369.13
4380.00,N2C_1,277.00,442.87,363.01
4380.00,N2C_2,171.00,456.40,366.74
4380.00,N2C_3,48.00,467.46,359.51
4380.00,S2C_3,3.00,143.62,186.07
4380.00,W2C_0,41.00,335.54,335.54
4380.00,W2C_1,62.00,337.54,363.03
4380.00,W2C_2,113.00,401.67,365.63
4380.00,W2C_3,111.00,425.97,362.03
4440.00,E2C_0,2.00,13.00,13.00
4440.00,E2C_1,14.00,167.14,167.14
4440.00,E2C_2,33.00,187.60,187.60
4440.00,E2C_3,109.00,469.83,363.30
4440.00,N2C_0,58.00,482.43,340.87
4440.00,N2C_1,337.00,479.34,373.92
4440.00,N2C_2,231.00,476.17,366.12
4440.00,N2C_3,65.00,475.06,373.67
4440.00,S2C_0,20.00,11.70,11.70
4440.00,S2C_1,51.00,23.71,23.71
4440.00,S2C_2,44.00,25.31,25.31
4440.00,S2C_3,59.00,126.83,126.83
4440.00,W2C_0,0.00,0.00,26.09
4440.00,W2C_1,5.00,359.73,366.77
4440.00,W2C_2,39.00,428.76,363.03
4440.00,W2C_3,98.00,471.55,362.03
4500.00,:Center_7_0,56.00,2.30,2.30
4500.00,E2C_0,38.00,23.20,23.20
4500.00,E2C_1,61.00,144.68,148.62
4500.00,E2C_2,89.00,203.93,203.93
4500.00,E2C_3,99.00,469.80,362.56
4500.00,N2C_0,46.00,458.10,199.89
4500.00,N2C_1,98.00,481.26,362.16
4500.00,N2C_2,122.00,476.77,366.55
4500.00,N2C_3,83.00,474.68,367.05
4500.00,S2C_2,0.00,0.00,3.49
4500.00,S2C_3,5.00,13.00,19.76
4500.00,W2C_0,39.00,73.45,76.88
4500.00,W2C_1,59.00,144.52,344.70
4500.00,W2C_2,62.00,434.75,361.26
4500.00,W2C_3,56.00,454.18,364.10
4560.00,E2C_1,2.00,3.20,172.83
4560.00,E2C_2,52.00,201.53,201.53
4560.00,E2C_3,82.00,465.39,361.86
4560.00,N2C_0,106.00,480.92,261.68
4560.00,N2C_1,119.00,464.06,364.63
4560.00,N2C_2,91.00,477.41,366.54
4560.00,N2C_3,92.00,470.37,366.23
4560.00,S2C_0,7.00,10.20,10.20
4560.00,S2C_1,52.00,40.61,40.61
4560.00,S2C_2,53.00,39.61,39.61
4560.00,S2C_3,60.00,72.63,76.05
4560.00,W2C_0,1.00,3.21,128.02
4560.00,W2C_1,3.00,353.53,364.59
4560.00,W2C_2,109.00,442.39,341.08
4560.00,W2C_3,49.00,464.29,360.48
4620.00,:Center_7_0,55.00,2.30,2.30
4620.00,E2C_0,38.00,25.61,25.61
4620.00,E2C_1,60.00,148.65,164.23
4620.00,E2C_2,102.00,224.17,224.17
4620.00,E2C_3,109.00,469.64,359.30
4620.00,N2C_0,166.00,281.57,281.57
4620.00,N2C_1,179.00,444.33,365.56
4620.00,N2C_2,134.00,472.77,364.61
4620.00,N2C_3,65.00,470.66,365.07
4620.00,S2C_1,2.00,3.20,3.20
4620.00,S2C_2,4.00,5.51,12.53
4620.00,S2C_3,4.00,3.21,18.36
4620.00,W2C_0,60.00,346.59,346.59
4620.00,W2C_1,61.00,367.25,363.98
4620.00,W2C_2,96.00,450.92,359.00
4620.00,W2C_3,54.00,467.13,364.68
4680.00,E2C_1,2.00,163.16,203.14
4680.00,E2C_2,56.00,249.99,249.99
4680.00,E2C_3,88.00,466.43,373.56
4680.00,N2C_0,226.00,369.82,362.10
4680.00,N2C_1,239.00,478.91,365.56
4680.00,N2C_2,194.00,475.59,362.47
4680.00,N2C_3,90.00,472.80,365.06
4680.00,S2C_0,33.00,18.91,18.91
4680.00,S2C_1,57.00,40.41,43.93
4680.00,S2C_2,53.00,43.21,43.21
4680.00,S2C_3,60.00,55.11,58.51
4680.00,W2C_1,3.00,348.60,363.01
4680.00,W2C_2,82.00,463.97,361.51
4680.00,W2C_3,49.00,468.67,364.23
4740.00,:Center_11_0,47.00,13.92,10.11
4740.00,E2C_0,54.00,43.71,43.71
4740.00,E2C_1,58.00,183.59,183.59
4740.00,E2C_2,116.00,259.13,259.13
4740.00,E2C_3,111.00,465.78,372.28
4740.00,N2C_0,195.00,478.77,361.95
4740.00,N2C_1,186.00,477.41,365.56
4740.00,N2C_2,56.00,476.40,364.21
4740.00,N2C_3,101.00,479.10,362.49
4740.00,S2C_1,4.00,9.00,9.00
4740.00,S2C_3,11.00,52.77,52.77
4740.00,W2C_0,44.00,414.47,56.39
4740.00,W2C_1,61.00,400.01,359.97
4740.00,W2C_2,90.00,468.53,363.69
4740.00,W2C_3,106.00,470.95,362.21
4800.00,E2C_0,2.00,184.57,184.57
4800.00,E2C_1,5.00,230.14,237.38
4800.00,E2C_2,43.00,274.54,274.54
4800.00,E2C_3,52.00,466.33,367.21
4800.00,N2C_0,143.00,478.67,361.55
4800.00,N2C_1,182.00,477.39,358.94
4800.00,N2C_2,116.00,476.40,363.86
4800.00,N2C_3,94.00,475.59,364.26
4800.00,S2C_0,50.00,25.91,25.91
4800.00,S2C_1,40.00,38.62,38.62
4800.00,S2C_2,40.00,44.82,44.82
4800.00,S2C_3,64.00,73.51,73.51
4800.00,W2C_0,8.00,413.76,63.90
4800.00,W2C_1,18.00,426.34,361.18
4800.00,W2C_2,49.00,467.30,351.58
4800.00,W2C_3,49.00,470.88,363.00
4860.00,E2C_0,47.00,68.73,68.73
4860.00,E2C_1,62.00,287.29,287.29
4860.00,E2C_2,95.00,291.79,291.79
4860.00,E2C_3,112.00,473.41,366.70
4860.00,N2C_0,123.00,478.66,363.10
4860.00,N2C_1,18.00,474.86,363.49
4860.00,N2C_2,58.00,473.01,361.15
4860.00,N2C_3,106.00,475.10,362.22
4860.00,S2C_2,1.00,3.23,3.23
4860.00,S2C_3,12.00,49.98,62.15
4860.00,W2C_0,63.00,168.17,180.50
4860.00,W2C_1,55.00,465.19,362.47
4860.00,W2C_2,59.00,465.17,357.68
4860.00,W2C_3,51.00,471.18,363.33
4920.00,E2C_0,1.00,3.20,6.56
4920.00,E2C_1,5.00,276.38,283.50
4920.00,E2C_2,54.00,349.84,349.84
4920.00,E2C_3,43.00,430.29,365.95
4920.00,N2C_0,37.00,475.75,347.48
4920.00,N2C_1,60.00,432.32,360.81
4920.00,N2C_2,93.00,471.44,363.36
4920.00,N2C_3,110.00,471.37,362.07
4920.00,S2C_0,42.00,13.40,13.40
4920.00,S2C_1,47.00,42.41,42.41
4920.00,S2C_2,40.00,47.41,47.41
4920.00,S2C_3,72.00,62.51,62.51
4920.00,W2C_0,112.00,139.48,139.48
4920.00,W2C_1,22.00,420.98,360.83
4920.00,W2C_2,114.00,467.54,356.24
4920.00,W2C_3,46.00,416.68,364.09
4980.00,E2C_0,59.00,58.71,58.71
4980.00,E2C_1,57.00,254.13,274.52
4980.00,E2C_2,108.00,356.82,356.82
4980.00,E2C_3,57.00,464.35,362.12
4980.00,N2C_0,16.00,433.43,329.83
4980.00,N2C_1,19.00,457.23,352.80
4980.00,N2C_2,112.00,475.23,363.25
4980.00,N2C_3,122.00,472.81,361.85
4980.00,S2C_3,48.00,66.16,66.16
4980.00,W2C_0,32.00,263.06,263.06
4980.00,W2C_1,172.00,277.35,352.89
4980.00,W2C_2,174.00,467.61,354.20
4980.00,W2C_3,57.00,452.97,363.88
5040.00,E2C_0,5.00,45.50,94.38
5040.00,E2C_1,35.00,263.86,267.20
5040.00,E2C_2,149.00,378.04,351.89
5040.00,E2C_3,48.00,449.40,363.96
5040.00,N2C_0,61.00,478.13,368.10
5040.00,N2C_1,58.00,472.72,364.33
5040.00,N2C_2,107.00,471.20,365.08
5040.00,N2C_3,114.00,473.36,365.10
5040.00,S2C_0,49.00,25.91,30.44
5040.00,S2C_1,41.00,31.91,31.91
5040.00,S2C_2,36.00,28.20,31.48
5040.00,S2C_3,107.00,80.26,83.51
5040.00,W2C_0,76.00,290.08,290.08
5040.00,W2C_1,232.00,418.08,360.88
5040.00,W2C_2,234.00,467.59,353.88
5040.00,W2C_3,36.00,436.94,363.37
5100.00,E2C_0,19.00,33.59,33.59
5100.00,E2C_1,27.00,319.33,322.74
5100.00,E2C_2,99.00,353.88,357.12
5100.00,E2C_3,63.00,471.05,362.48
5100.00,N2C_0,11.00,473.78,74.22
5100.00,N2C_1,10.00,300.60,326.89
5100.00,N2C_2,42.00,472.59,363.23
5100.00,N2C_3,50.00,468.40,363.05
5100.00,S2C_3,21.00,93.27,93.27
5100.00,W2C_0,136.00,290.83,290.83
5100.00,W2C_1,292.00,474.99,364.07
5100.00,W2C_2,161.00,475.19,360.52
5100.00,W2C_3,64.00,462.97,364.42
5160.00,E2C_1,18.00,86.88,343.39
5160.00,E2C_2,35.00,394.67,348.67
5160.00,E2C_3,43.00,388.07,368.86
5160.00,N2C_0,29.00,229.91,240.92
5160.00,N2C_1,43.00,481.00,336.23
5160.00,N2C_2,102.00,476.91,362.03
5160.00,N2C_3,65.00,467.08,363.21
5160.00,S2C_0,18.00,6.40,6.40
5160.00,S2C_1,42.00,46.11,46.11
5160.00,S2C_2,39.00,48.11,48.11
5160.00,S2C_3,60.00,94.22,94.22
5160.00,W2C_0,23.00,474.93,357.87
5160.00,W2C_1,54.00,471.58,363.60
5160.00,W2C_2,57.00,471.72,365.40
5160.00,W2C_3,50.00,472.25,364.46
5220.00,E2C_0,48.00,56.22,56.22
5220.00,E2C_1,57.00,373.46,366.46
5220.00,E2C_2,78.00,377.39,362.66
5220.00,E2C_3,60.00,457.17,362.47
5220.00,N2C_0,13.00,480.22,333.06
5220.00,N2C_1,12.00,408.75,360.65
5220.00,N2C_2,146.00,472.33,357.62
5220.00,N2C_3,47.00,472.65,360.79
5220.00,S2C_2,1.00,4.00,4.00
5220.00,S2C_3,28.00,88.67,108.40
5220.00,W2C_0,25.00,404.64,364.98
5220.00,W2C_1,62.00,474.40,363.85
5220.00,W2C_2,113.00,465.16,360.94
5220.00,W2C_3,102.00,475.01,359.36
5280.00,E2C_1,7.00,235.06,259.04
5280.00,E2C_2,52.00,382.80,364.89
5280.00,E2C_3,48.00,460.32,366.19
5280.00,N2C_0,40.00,338.03,362.39
5280.00,N2C_1,61.00,269.89,364.88
5280.00,N2C_2,206.00,477.56,361.89
5280.00,N2C_3,66.00,478.96,373.37
5280.00,S2C_0,42.00,13.60,13.60
5280.00,S2C_1,53.00,40.31,40.31
5280.00,S2C_2,39.00,40.51,40.51
5280.00,S2C_3,86.00,121.68,128.79
5280.00,W2C_0,74.00,482.18,363.98
5280.00,W2C_1,27.00,476.42,361.29
5280.00,W2C_2,173.00,476.89,365.00
5280.00,W2C_3,78.00,475.09,368.28
5340.00,E2C_0,25.00,48.21,290.19
5340.00,E2C_1,62.00,355.67,359.33
5340.00,E2C_2,63.00,392.18,363.19
5340.00,E2C_3,62.00,453.20,359.44
5340.00,N2C_0,31.00,467.37,286.24
5340.00,N2C_1,46.00,463.68,358.25
5340.00,N2C_2,52.00,473.35,369.62
5340.00,N2C_3,59.00,464.22,371.27
5340.00,S2C_1,2.00,3.31,3.31
5340.00,S2C_3,21.00,118.97,118.97
5340.00,W2C_0,68.00,478.08,366.40
5340.00,W2C_1,84.00,474.31,359.58
5340.00,W2C_2,233.00,476.89,365.00
5340.00,W2C_3,117.00,475.09,362.62
5400.00,E2C_0,1.00,4.00,250.15
5400.00,E2C_1,9.00,269.86,281.86
5400.00,E2C_2,31.00,294.46,294.46
5400.00,E2C_3,53.00,464.88,363.56
5400.00,N2C_0,60.00,481.46,354.87
5400.00,N2C_1,106.00,471.10,362.76
5400.00,N2C_2,90.00,478.70,367.97
5400.00,N2C_3,83.00,473.43,368.14
5400.00,S2C_0,48.00,17.40,17.40
5400.00,S2C_1,45.00,23.71,23.71
5400.00,S2C_2,50.00,25.00,25.00
5400.00,S2C_3,61.00,129.42,129.42
5400.00,W2C_0,128.00,469.35,372.57
5400.00,W2C_1,142.00,472.58,368.86
5400.00,W2C_2,293.00,477.99,374.34
5400.00,W2C_3,66.00,474.66,363.81
5460.00,E2C_0,59.00,73.49,73.49
5460.00,E2C_1,56.00,319.78,342.27
5460.00,E2C_2,59.00,340.06,340.06
5460.00,E2C_3,62.00,419.30,365.37
5460.00,N2C_0,50.00,479.61,369.22
5460.00,N2C_1,166.00,474.52,361.81
5460.00,N2C_2,125.00,476.37,363.93
5460.00,N2C_3,29.00,467.20,362.83
5460.00,S2C_2,0.00,0.00,4.35
5460.00,S2C_3,18.00,72.06,72.06
5460.00,W2C_0,188.00,481.55,320.72
5460.00,W2C_1,202.00,480.27,365.74
5460.00,W2C_2,117.00,476.81,374.34
5460.00,W2C_3,106.00,477.22,363.28
5520.00,:Center_15_0,0.00,0.00,11.11
5520.00,E2C_0,3.00,4.00,4.00
5520.00,E2C_1,2.00,3.23,3.23
5520.00,E2C_2,42.00,301.99,301.99
5520.00,E2C_3,17.00,382.70,369.17
5520.00,N2C_0,51.00,482.40,362.44
5520.00,N2C_1,226.00,470.56,351.48
5520.00,N2C_2,180.00,474.86,357.83
5520.00,N2C_3,54.00,440.09,362.64
5520.00,S2C_0,32.00,41.71,41.71
5520.00,S2C_1,43.00,25.94,25.94
5520.00,S2C_2,45.00,23.61,26.97
5520.00,S2C_3,59.00,77.52,77.52
5520.00,W2C_0,106.00,479.00,370.36
5520.00,W2C_1,94.00,479.81,362.36
5520.00,W2C_2,119.00,476.49,368.20
5520.00,W2C_3,91.00,474.30,363.21
5580.00,E2C_0,53.00,37.41,37.41
5580.00,E2C_1,57.00,120.55,120.55
5580.00,E2C_2,55.00,297.61,297.61
5580.00,E2C_3,62.00,372.38,361.97
5580.00,N2C_0,34.00,476.64,364.53
5580.00,N2C_1,25.00,467.11,362.01
5580.00,N2C_2,240.00,469.94,367.65
5580.00,N2C_3,72.00,457.40,364.57
5580.00,S2C_2,39.00,47.26,47.26
5580.00,S2C_3,45.00,70.96,70.96
5580.00,W2C_0,135.00,482.93,369.81
5580.00,W2C_1,105.00,477.47,362.91
5580.00,W2C_2,179.00,478.38,363.19
5580.00,W2C_3,106.00,476.63,364.59
5640.00,E2C_1,6.00,193.12,193.12
5640.00,E2C_2,35.00,195.32,195.32
5640.00,E2C_3,23.00,435.00,363.55
5640.00,N2C_0,43.00,482.39,69.61
5640.00,N2C_1,66.00,467.37,363.17
5640.00,N2C_2,300.00,471.69,367.65
5640.00,N2C_3,60.00,466.88,363.39
5640.00,S2C_0,48.00,17.90,17.90
5640.00,S2C_1,52.00,50.01,54.52
5640.00,S2C_2,55.00,47.98,47.98
5640.00,S2C_3,56.00,96.42,96.42
5640.00,W2C_0,82.00,466.50,365.09
5640.00,W2C_1,108.00,474.99,362.40
5640.00,W2C_2,54.00,472.68,355.91
5640.00,W2C_3,104.00,474.82,364.59
5700.00,E2C_0,0.00,0.00,3.18
5700.00,E2C_1,62.00,142.73,149.88
5700.00,E2C_2,61.00,202.22,202.22
5700.00,E2C_3,63.00,398.76,365.72
5700.00,N2C_0,26.00,242.76,242.76
5700.00,N2C_1,126.00,428.78,360.87
5700.00,N2C_2,102.00,469.16,364.27
5700.00,N2C_3,64.00,465.12,364.27
5700.00,S2C_1,2.00,3.24,3.24
5700.00,S2C_2,35.00,9.86,9.86
5700.00,S2C_3,35.00,122.77,122.77
5700.00,W2C_0,75.00,483.08,364.64
5700.00,W2C_1,89.00,478.12,361.77
5700.00,W2C_2,74.00,476.28,362.60
5700.00,W2C_3,108.00,474.81,364.00
5760.00,:Center_7_0,0.00,0.00,11.40
5760.00,E2C_0,8.00,13.44,13.44
5760.00,E2C_1,5.00,18.09,37.28
5760.00,E2C_2,16.00,179.05,197.71
5760.00,E2C_3,63.00,451.46,365.47
5760.00,N2C_0,49.00,373.54,361.58
5760.00,N2C_1,186.00,434.93,362.80
5760.00,N2C_2,162.00,475.32,364.27
5760.00,N2C_3,124.00,467.20,362.90
5760.00,S2C_0,25.00,10.00,10.00
5760.00,S2C_1,59.00,56.51,56.51
5760.00,S2C_2,95.00,58.77,58.77
5760.00,S2C_3,60.00,124.52,124.52
5760.00,W2C_0,117.00,475.99,364.49
5760.00,W2C_1,13.00,480.50,362.38
5760.00,W2C_2,47.00,479.02,363.62
5760.00,W2C_3,45.00,478.03,363.70
5820.00,E2C_0,68.00,68.05,68.05
5820.00,E2C_1,63.00,140.17,144.75
5820.00,E2C_2,76.00,136.92,136.92
5820.00,E2C_3,65.00,445.92,363.53
5820.00,N2C_0,109.00,477.69,361.21
5820.00,N2C_1,246.00,473.90,363.36
5820.00,N2C_2,214.00,476.02,366.16
5820.00,N2C_3,184.00,467.39,362.56
5820.00,S2C_0,4.00,3.20,3.20
5820.00,S2C_2,2.00,4.00,4.00
5820.00,S2C_3,6.00,6.41,19.80
5820.00,W2C_0,46.00,441.92,354.15
5820.00,W2C_1,55.00,469.36,370.86
5820.00,W2C_2,107.00,475.33,361.86
5820.00,W2C_3,64.00,474.34,369.74
5880.00,E2C_0,5.00,3.20,3.20
5880.00,E2C_1,1.00,3.21,3.21
5880.00,E2C_2,1.00,42.84,42.84
5880.00,E2C_3,31.00,433.75,367.41
5880.00,N2C_0,47.00,482.42,361.91
5880.00,N2C_1,66.00,468.18,361.46
5880.00,N2C_2,155.00,472.74,362.95
5880.00,N2C_3,132.00,467.39,362.56
5880.00,S2C_0,47.00,39.81,39.81
5880.00,S2C_1,52.00,34.71,34.71
5880.00,S2C_2,51.00,34.61,34.61
5880.00,S2C_3,62.00,55.71,55.71
5880.00,W2C_0,45.00,472.64,361.66
5880.00,W2C_1,115.00,468.52,364.96
5880.00,W2C_2,62.00,452.48,362.13
5880.00,W2C_3,49.00,458.49,367.95
5940.00,E2C_0,56.00,21.90,21.90
5940.00,E2C_1,59.00,99.62,103.05
5940.00,E2C_2,57.00,99.63,99.63
5940.00,E2C_3,62.00,245.33,305.46
5940.00,N2C_0,36.00,476.38,360.31
5940.00,N2C_1,106.00,477.29,361.46
5940.00,N2C_2,154.00,469.48,362.95
5940.00,N2C_3,56.00,465.65,363.76
5940.00,S2C_0,0.00,0.00,3.31
5940.00,S2C_1,4.00,12.20,12.20
5940.00,S2C_2,4.00,12.51,12.51
5940.00,S2C_3,32.00,54.85,54.85
5940.00,W2C_0,47.00,479.88,362.83
5940.00,W2C_1,175.00,477.15,362.74
5940.00,W2C_2,117.00,477.44,362.13
5940.00,W2C_3,79.00,471.19,365.65
6000.00,E2C_1,0.00,0.00,19.10
6000.00,E2C_2,1.00,7.29,7.29
6000.00,E2C_3,34.00,398.35,361.86
6000.00,N2C_0,53.00,481.22,363.24
6000.00,N2C_1,56.00,409.38,361.67
6000.00,N2C_2,101.00,468.86,361.30
6000.00,N2C_3,106.00,464.58,362.29
6000.00,S2C_0,38.00,35.91,35.91
6000.00,S2C_1,61.00,41.01,41.01
6000.00,S2C_2,61.00,38.21,38.21
6000.00,S2C_3,63.00,66.91,66.91
6000.00,W2C_0,107.00,468.65,366.36
6000.00,W2C_1,235.00,479.14,373.13
6000.00,W2C_2,177.00,474.04,356.63
6000.00,W2C_3,66.00,472.44,361.97
6060.00,E2C_0,34.00,21.70,21.70
6060.00,E2C_1,58.00,62.41,62.41
6060.00,E2C_2,58.00,55.91,55.91
6060.00,E2C_3,58.00,227.76,295.28
6060.00,N2C_0,15.00,475.56,297.59
6060.00,N2C_1,18.00,474.98,365.34
6060.00,N2C_2,108.00,471.06,361.16
6060.00,N2C_3,48.00,459.65,363.87
6060.00,S2C_0,2.00,5.50,5.50
6060.00,S2C_2,0.00,0.00,4.04
6060.00,S2C_3,9.00,14.56,76.42
6060.00,W2C_0,167.00,479.98,272.07
6060.00,W2C_1,295.00,452.90,369.93
6060.00,W2C_2,237.00,463.09,353.42
6060.00,W2C_3,168.00,467.60,360.58
6120.00,E2C_1,3.00,9.00,16.75
6120.00,E2C_2,32.00,31.69,31.69
6120.00,E2C_3,41.00,329.86,329.86
6120.00,N2C_0,33.00,476.13,351.62
6120.00,N2C_1,60.00,476.95,331.65
6120.00,N2C_2,112.00,475.48,360.28
6120.00,N2C_3,66.00,473.71,364.47
6120.00,S2C_0,10.00,19.50,19.50
6120.00,S2C_1,45.00,52.54,52.54
6120.00,S2C_2,48.00,59.01,59.01
6120.00,S2C_3,66.00,84.27,84.27
6120.00,W2C_0,61.00,480.28,343.74
6120.00,W2C_1,107.00,480.56,362.58
6120.00,W2C_2,297.00,478.98,367.95
6120.00,W2C_3,136.00,469.99,366.77
6180.00,:Center_11_0,0.00,0.00,15.50
6180.00,E2C_0,0.00,0.00,3.37
6180.00,E2C_1,60.00,60.71,60.71
6180.00,E2C_2,92.00,58.49,58.49
6180.00,E2C_3,96.00,335.36,335.36
6180.00,N2C_0,20.00,478.60,347.42
6180.00,N2C_1,65.00,481.50,361.89
6180.00,N2C_2,95.00,476.08,366.75
6180.00,N2C_3,48.00,455.73,363.66
6180.00,S2C_3,5.00,8.74,20.83
6180.00,W2C_0,26.00,364.23,364.23
6180.00,W2C_1,86.00,474.34,361.64
6180.00,W2C_2,123.00,477.19,365.35
6180.00,W2C_3,110.00,472.37,364.15
6240.00,E2C_0,5.00,5.50,5.50
6240.00,E2C_1,3.00,6.52,6.52
6240.00,E2C_2,30.00,95.83,95.83
6240.00,E2C_3,37.00,197.24,362.30
6240.00,N2C_0,75.00,466.53,307.88
6240.00,N2C_1,125.00,475.76,360.59
6240.00,N2C_2,125.00,478.56,363.91
6240.00,N2C_3,65.00,467.92,363.04
6240.00,S2C_0,36.00,15.70,15.70
6240.00,S2C_1,43.00,34.41,34.41
6240.00,S2C_2,55.00,38.31,38.31
6240.00,S2C_3,61.00,47.81,47.81
6240.00,W2C_0,71.00,466.87,221.73
6240.00,W2C_1,146.00,470.28,360.97
6240.00,W2C_2,49.00,473.16,363.77
6240.00,W2C_3,121.00,472.72,363.37
6300.00,E2C_0,39.00,31.71,31.71
6300.00,E2C_1,61.00,66.82,70.28
6300.00,E2C_2,68.00,76.99,76.99
6300.00,E2C_3,65.00,352.18,352.18
6300.00,N2C_0,135.00,409.01,369.39
6300.00,N2C_1,185.00,474.93,362.77
6300.00,N2C_2,80.00,470.54,365.62
6300.00,N2C_3,103.00,466.92,362.07
6300.00,S2C_2,0.00,0.00,4.55
6300.00,W2C_0,60.00,475.98,361.66
6300.00,W2C_1,206.00,459.52,364.07
6300.00,W2C_2,109.00,452.71,361.68
6300.00,W2C_3,181.00,472.20,363.14
6360.00,E2C_2,3.00,19.04,19.04
6360.00,E2C_3,5.00,263.90,348.57
6360.00,N2C_0,195.00,476.90,365.68
6360.00,N2C_1,245.00,479.78,359.74
6360.00,N2C_2,107.00,473.70,365.38
6360.00,N2C_3,163.00,470.60,361.78
6360.00,S2C_0,27.00,20.20,20.20
6360.00,S2C_1,52.00,43.11,43.11
6360.00,S2C_2,54.00,37.81,37.81
6360.00,S2C_3,33.00,11.93,11.93
6360.00,W2C_0,38.00,461.93,285.03
6360.00,W2C_1,266.00,474.18,363.92
6360.00,W2C_2,133.00,476.73,362.02
6360.00,W2C_3,241.00,478.38,362.82
6420.00,E2C_0,7.00,10.20,10.20
6420.00,E2C_1,51.00,52.71,52.71
6420.00,E2C_2,51.00,53.37,53.37
6420.00,E2C_3,63.00,241.22,342.59
6420.00,N2C_0,83.00,469.93,329.95
6420.00,N2C_1,95.00,468.44,365.96
6420.00,N2C_2,115.00,470.82,363.74
6420.00,N2C_3,72.00,468.58,362.60
6420.00,S2C_0,0.00,0.00,3.30
6420.00,W2C_0,62.00,481.04,337.82
6420.00,W2C_1,326.00,473.10,360.08
6420.00,W2C_2,193.00,474.72,362.00
6420.00,W2C_3,217.00,478.05,364.16
6480.00,E2C_0,0.00,0.00,5.98
6480.00,E2C_2,0.00,0.00,9.07
6480.00,E2C_3,45.00,340.36,340.36
6480.00,N2C_0,94.00,481.28,365.90
6480.00,N2C_1,79.00,476.61,363.63
6480.00,N2C_2,141.00,474.01,363.05
6480.00,N2C_3,62.00,462.93,365.26
6480.00,S2C_0,58.00,49.31,49.31
6480.00,S2C_1,44.00,13.40,13.40
6480.00,S2C_2,41.00,8.70,8.70
6480.00,S2C_3,39.00,41.51,41.51
6480.00,W2C_0,41.00,378.46,365.04
6480.00,W2C_1,142.00,476.10,363.57
6480.00,W2C_2,166.00,477.59,362.87
6480.00,W2C_3,77.00,474.89,364.11
6540.00,E2C_0,57.00,48.41,48.41
6540.00,E2C_1,53.00,55.21,55.21
6540.00,E2C_2,50.00,55.22,55.22
6540.00,E2C_3,64.00,257.69,295.01
6540.00,N2C_0,127.00,473.23,364.18
6540.00,N2C_1,154.00,452.82,359.99
6540.00,N2C_2,92.00,467.11,363.72
6540.00,N2C_3,36.00,464.17,360.25
6540.00,S2C_2,3.00,5.50,5.50
6540.00,W2C_0,45.00,474.57,359.03
6540.00,W2C_1,93.00,479.83,363.56
6540.00,W2C_2,95.00,475.03,362.87
6540.00,W2C_3,62.00,471.77,360.41
6600.00,E2C_2,16.00,3.00,3.00
6600.00,E2C_3,8.00,187.04,297.16
6600.00,N2C_0,39.00,478.20,364.18
6600.00,N2C_1,214.00,465.50,364.90
6600.00,N2C_2,116.00,471.38,363.48
6600.00,N2C_3,110.00,461.13,366.28
6600.00,S2C_0,26.00,23.61,23.61
6600.00,S2C_1,56.00,39.71,43.42
6600.00,S2C_2,53.00,47.66,47.66
6600.00,S2C_3,3.00,20.00,20.00
6600.00,W2C_0,32.00,478.99,374.00
6600.00,W2C_1,37.00,479.48,365.44
6600.00,W2C_2,71.00,477.98,361.27
6600.00,W2C_3,48.00,471.05,363.47
6660.00,E2C_0,50.00,47.41,47.41
6660.00,E2C_1,30.00,34.76,38.07
6660.00,E2C_2,76.00,34.91,39.42
6660.00,E2C_3,62.00,249.86,277.02
6660.00,N2C_0,40.00,466.68,364.91
6660.00,N2C_1,274.00,462.32,362.85
6660.00,N2C_2,65.00,466.72,362.68
6660.00,N2C_3,61.00,470.27,363.14
6660.00,W2C_0,76.00,481.69,361.91
6660.00,W2C_1,79.00,477.26,364.57
6660.00,W2C_2,78.00,476.36,361.05
6660.00,W2C_3,53.00,469.66,361.87
6720.00,E2C_2,1.00,12.88,12.88
6720.00,E2C_3,3.00,10.58,306.20
6720.00,N2C_0,83.00,472.93,371.63
6720.00,N2C_1,334.00,479.42,357.79
6720.00,N2C_2,89.00,472.88,361.97
6720.00,N2C_3,67.00,470.48,364.07
6720.00,S2C_0,15.00,12.81,16.14
6720.00,S2C_1,29.00,23.20,23.20
6720.00,S2C_2,41.00,24.31,24.31
6720.00,S2C_3,46.00,36.11,36.11
6720.00,W2C_0,114.00,478.12,272.09
6720.00,W2C_1,139.00,459.93,365.37
6720.00,W2C_2,138.00,477.89,363.09
6720.00,W2C_3,43.00,476.74,363.46
6780.00,:Center_3_0,0.00,0.00,15.24
6780.00,E2C_1,48.00,33.41,33.41
6780.00,E2C_2,48.00,39.68,39.68
6780.00,E2C_3,61.00,211.54,211.54
6780.00,N2C_0,21.00,480.20,361.22
6780.00,N2C_1,17.00,477.25,364.04
6780.00,N2C_2,88.00,476.61,361.97
6780.00,N2C_3,84.00,470.50,364.53
6780.00,S2C_3,19.00,53.76,53.76
6780.00,W2C_0,174.00,382.58,364.07
6780.00,W2C_1,199.00,465.46,361.92
6780.00,W2C_2,198.00,477.66,366.23
6780.00,W2C_3,60.00,471.55,363.33
6840.00,E2C_0,2.00,13.00,13.00
6840.00,E2C_2,3.00,5.50,5.50
6840.00,E2C_3,3.00,11.06,195.70
6840.00,N2C_0,64.00,481.31,204.91
6840.00,N2C_1,59.00,478.11,363.27
6840.00,N2C_2,115.00,474.09,363.68
6840.00,N2C_3,76.00,468.82,364.50
6840.00,S2C_0,41.00,28.91,32.75
6840.00,S2C_1,37.00,28.40,28.40
6840.00,S2C_2,35.00,19.41,19.41
6840.00,S2C_3,55.00,86.72,86.72
6840.00,W2C_0,234.00,482.56,360.20
6840.00,W2C_1,259.00,477.42,362.83
6840.00,W2C_2,258.00,473.94,362.12
6840.00,W2C_3,52.00,470.47,364.33
6900.00,E2C_0,34.00,30.20,33.54
6900.00,E2C_1,56.00,46.91,46.91
6900.00,E2C_2,48.00,33.51,37.06
6900.00,E2C_3,62.00,180.93,180.93
6900.00,N2C_0,30.00,424.35,277.49
6900.00,N2C_1,27.00,314.61,363.84
6900.00,N2C_2,36.00,458.78,360.16
6900.00,N2C_3,31.00,470.72,364.54
6900.00,S2C_0,2.00,5.50,5.50
6900.00,S2C_3,46.00,105.91,113.04
6900.00,W2C_0,294.00,477.30,363.76
6900.00,W2C_1,319.00,477.16,362.40
6900.00,W2C_2,318.00,476.15,362.12
6900.00,W2C_3,91.00,471.83,364.37
6960.00,E2C_3,47.00,176.48,180.12
6960.00,N2C_0,54.00,391.90,361.60
6960.00,N2C_1,59.00,476.82,360.88
6960.00,N2C_2,75.00,456.13,363.56
6960.00,N2C_3,62.00,474.51,364.46
6960.00,S2C_0,47.00,58.81,58.81
6960.00,S2C_1,46.00,21.40,21.40
6960.00,S2C_2,47.00,19.62,19.62
6960.00,S2C_3,104.00,126.86,134.06
6960.00,W2C_0,189.00,476.21,363.76
6960.00,W2C_1,207.00,476.23,362.40
6960.00,W2C_2,204.00,475.95,361.80
6960.00,W2C_3,82.00,469.35,364.00
7020.00,E2C_0,37.00,31.41,31.41
7020.00,E2C_1,48.00,36.71,36.71
7020.00,E2C_2,45.00,32.81,32.81
7020.00,E2C_3,105.00,203.88,203.88
7020.00,N2C_0,49.00,479.16,373.92
7020.00,N2C_1,19.00,460.94,358.87
7020.00,N2C_2,130.00,476.63,360.56
7020.00,N2C_3,42.00,466.07,360.66
7020.00,S2C_3,4.00,23.21,144.95
7020.00,W2C_0,122.00,482.73,364.13
7020.00,W2C_1,172.00,476.23,362.40
7020.00,W2C_2,240.00,472.42,361.80
7020.00,W2C_3,142.00,472.23,364.00
7080.00,E2C_0,1.00,4.01,4.01
7080.00,E2C_2,41.00,20.65,20.65
7080.00,E2C_3,39.00,173.81,204.69
7080.00,N2C_0,53.00,479.85,366.51
7080.00,N2C_1,74.00,477.92,320.83
7080.00,N2C_2,190.00,475.60,366.01
7080.00,N2C_3,76.00,464.79,362.90
7080.00,S2C_0,19.00,15.70,15.70
7080.00,S2C_1,51.00,42.71,42.71
7080.00,S2C_2,52.00,46.31,46.31
7080.00,S2C_3,63.00,147.32,150.86
7080.00,W2C_0,63.00,479.70,363.42
7080.00,W2C_1,17.00,475.21,364.59
7080.00,W2C_2,74.00,459.78,363.43
7080.00,W2C_3,140.00,472.22,362.98
7140.00,:Center_7_0,58.00,4.60,4.60
7140.00,E2C_0,54.00,40.01,47.06
7140.00,E2C_1,46.00,52.51,52.51
7140.00,E2C_2,101.00,47.01,47.01
7140.00,E2C_3,62.00,222.35,222.35
7140.00,N2C_0,31.00,410.07,363.54
7140.00,N2C_1,134.00,418.48,359.91
7140.00,N2C_2,75.00,471.84,358.82
7140.00,N2C_3,50.00,466.34,363.89
7140.00,S2C_1,0.00,0.00,5.54
7140.00,S2C_2,1.00,4.01,4.01
7140.00,S2C_3,3.00,10.01,26.61
7140.00,W2C_0,96.00,482.98,363.27
7140.00,W2C_1,57.00,401.07,306.79
7140.00,W2C_2,84.00,471.22,366.60
7140.00,W2C_3,64.00,472.22,361.56
7200.00,E2C_2,3.00,20.14,20.14
7200.00,E2C_3,10.00,248.16,251.84
7200.00,N2C_0,89.00,478.51,153.34
7200.00,N2C_1,194.00,471.92,363.77
7200.00,N2C_2,113.00,469.52,360.96
7200.00,N2C_3,110.00,465.15,360.65
7200.00,S2C_0,48.00,29.71,29.71
7200.00,S2C_1,55.00,33.91,33.91
7200.00,S2C_2,54.00,28.91,28.91
7200.00,S2C_3,61.00,53.02,53.02
7200.00,W2C_0,16.00,449.71,229.90
7200.00,W2C_1,58.00,454.37,363.58
7200.00,W2C_2,80.00,471.98,363.08
7200.00,W2C_3,90.00,470.97,364.15
7260.00,E2C_0,45.00,25.91,25.91
7260.00,E2C_1,40.00,481.68,37.52
7260.00,E2C_2,63.00,40.15,44.71
7260.00,E2C_3,61.00,250.82,250.82
7260.00,N2C_0,42.00,285.58,285.58
7260.00,N2C_1,254.00,479.03,363.07
7260.00,N2C_2,55.00,475.50,360.09
7260.00,N2C_3,80.00,473.77,366.59
7260.00,S2C_0,1.00,3.22,3.22
7260.00,S2C_3,5.00,10.99,22.01
7260.00,W2C_0,56.00,326.67,331.25
7260.00,W2C_1,118.00,443.39,361.46
7260.00,W2C_2,140.00,475.83,358.35
7260.00,W2C_3,150.00,476.16,363.67
7320.00,E2C_0,2.00,9.00,9.00
7320.00,E2C_3,7.00,10.19,248.48
7320.00,N2C_0,20.00,366.58,366.58
7320.00,N2C_1,314.00,457.18,362.50
7320.00,N2C_2,106.00,471.89,362.30
7320.00,N2C_3,123.00,467.30,362.01
7320.00,S2C_0,51.00,26.81,26.81
7320.00,S2C_1,44.00,30.01,30.01
7320.00,S2C_2,43.00,36.71,36.71
7320.00,S2C_3,63.00,45.48,45.48
7320.00,W2C_0,47.00,456.11,365.68
7320.00,W2C_1,18.00,466.68,364.87
7320.00,W2C_2,171.00,477.54,369.67
7320.00,W2C_3,198.00,477.00,363.67
7380.00,E2C_0,54.00,41.61,41.61
7380.00,E2C_1,21.00,34.41,34.41
7380.00,E2C_2,11.00,31.41,31.41
7380.00,E2C_3,64.00,205.02,205.02
7380.00,N2C_0,33.00,416.86,364.43
7380.00,N2C_1,15.00,471.92,363.18
7380.00,N2C_2,124.00,478.72,362.30
7380.00,N2C_3,90.00,476.64,361.75
7380.00,S2C_3,31.00,38.16,41.43
7380.00,W2C_0,95.00,466.73,365.05
7380.00,W2C_1,78.00,464.91,360.66
7380.00,W2C_2,117.00,475.89,369.67
7380.00,W2C_3,171.00,477.00,363.27
7440.00,E2C_1,60.00,51.41,51.41
7440.00,E2C_2,60.00,53.51,53.51
7440.00,E2C_3,5.00,52.38,172.27
7440.00,N2C_0,63.00,480.94,363.81
7440.00,N2C_1,61.00,457.87,363.93
7440.00,N2C_2,162.00,475.53,362.30
7440.00,N2C_3,58.00,473.54,360.27
7440.00,S2C_0,29.00,12.80,12.80
7440.00,S2C_1,31.00,26.11,26.11
7440.00,S2C_2,9.00,27.20,27.20
7440.00,S2C_3,54.00,82.32,82.32
7440.00,W2C_0,49.00,466.04,215.34
7440.00,W2C_1,91.00,471.65,361.84
7440.00,W2C_2,82.00,469.46,367.97
7440.00,W2C_3,33.00,474.91,362.22
7500.00,E2C_0,45.00,24.20,28.88
7500.00,E2C_1,120.00,75.72,75.72
7500.00,E2C_2,120.00,82.22,82.22
7500.00,E2C_3,63.00,139.83,139.83
7500.00,N2C_0,41.00,477.89,97.47
7500.00,N2C_1,17.00,480.13,363.71
7500.00,N2C_2,133.00,475.33,359.21
7500.00,N2C_3,42.00,466.19,362.01
7500.00,S2C_0,0.00,0.00,4.58
7500.00,S2C_2,52.00,32.09,32.09
7500.00,S2C_3,49.00,120.57,120.57
7500.00,W2C_0,72.00,469.10,284.92
7500.00,W2C_1,71.00,468.01,362.29
7500.00,W2C_2,81.00,464.75,365.92
7500.00,W2C_3,58.00,456.70,364.31
7560.00,E2C_1,1.00,3.28,3.28
7560.00,E2C_2,2.00,3.20,3.20
7560.00,E2C_3,4.00,6.42,23.76
7560.00,N2C_0,61.00,477.70,132.30
7560.00,N2C_1,61.00,467.98,356.13
7560.00,N2C_2,193.00,476.30,353.95
7560.00,N2C_3,64.00,439.61,363.19
7560.00,S2C_0,26.00,13.40,13.40
7560.00,S2C_1,52.00,60.01,60.01
7560.00,S2C_2,112.00,52.49,63.15
7560.00,S2C_3,57.00,132.83,132.83
7560.00,W2C_0,132.00,461.70,237.92
7560.00,W2C_1,112.00,466.70,361.32
7560.00,W2C_2,50.00,480.41,364.11
7560.00,W2C_3,49.00,449.78,361.28
7620.00,E2C_0,31.00,11.00,11.00
7620.00,E2C_1,53.00,34.51,34.51
7620.00,E2C_2,50.00,31.31,31.31
7620.00,E2C_3,62.00,47.91,47.91
7620.00,N2C_0,26.00,215.23,215.23
7620.00,N2C_1,25.00,474.74,372.00
7620.00,N2C_2,253.00,468.06,362.42
7620.00,N2C_3,73.00,467.42,362.53
7620.00,S2C_1,0.00,0.00,3.89
7620.00,S2C_2,51.00,30.00,36.84
7620.00,S2C_3,46.00,158.86,158.86
7620.00,W2C_0,172.00,363.46,363.46
7620.00,W2C_1,172.00,474.75,364.57
7620.00,W2C_2,100.00,476.29,360.57
7620.00,W2C_3,62.00,475.67,364.68
7680.00,E2C_1,6.00,24.09,28.69
7680.00,E2C_2,5.00,8.74,20.54
7680.00,E2C_3,3.00,3.22,3.22
7680.00,N2C_0,86.00,350.35,350.35
7680.00,N2C_1,82.00,475.69,362.79
7680.00,N2C_2,183.00,476.06,365.93
7680.00,N2C_3,109.00,470.89,364.55
7680.00,S2C_0,21.00,25.10,25.10
7680.00,S2C_1,55.00,54.31,54.31
7680.00,S2C_2,111.00,49.20,68.58
7680.00,S2C_3,106.00,167.92,167.92
7680.00,W2C_0,144.00,459.18,362.14
7680.00,W2C_1,162.00,474.09,362.66
7680.00,W2C_2,61.00,467.86,359.91
7680.00,W2C_3,90.00,474.81,364.03
7740.00,E2C_0,44.00,10.20,10.20
7740.00,E2C_1,64.00,83.22,83.22
7740.00,E2C_2,62.00,72.71,72.71
7740.00,E2C_3,56.00,41.81,41.81
7740.00,N2C_0,146.00,482.65,364.42
7740.00,N2C_1,142.00,479.25,356.88
7740.00,N2C_2,243.00,479.77,362.42
7740.00,N2C_3,53.00,472.93,360.92
7740.00,S2C_1,3.00,9.00,28.67
7740.00,S2C_2,3.00,18.71,29.82
7740.00,S2C_3,5.00,13.01,111.45
7740.00,W2C_0,177.00,481.36,362.14
7740.00,W2C_1,180.00,479.45,364.20
7740.00,W2C_2,62.00,472.15,365.57
7740.00,W2C_3,111.00,473.66,363.53
7800.00,E2C_0,0.00,0.00,3.20
7800.00,E2C_3,48.00,38.45,38.45
7800.00,N2C_0,206.00,477.95,363.06
7800.00,N2C_1,202.00,469.05,360.74
7800.00,N2C_2,116.00,474.42,365.29
7800.00,N2C_3,107.00,471.37,363.95
7800.00,S2C_0,1.00,8.77,8.77
7800.00,S2C_1,60.00,91.71,95.38
7800.00,S2C_2,61.00,94.73,94.73
7800.00,S2C_3,63.00,134.02,134.02
7800.00,W2C_0,106.00,481.09,362.67
7800.00,W2C_1,30.00,478.39,362.53
7800.00,W2C_2,52.00,474.58,362.15
7800.00,W2C_3,44.00,468.43,360.15
7860.00,E2C_0,33.00,10.20,10.20
7860.00,E2C_1,40.00,32.79,36.03
7860.00,E2C_2,47.00,37.41,37.41
7860.00,E2C_3,107.00,60.86,60.86
7860.00,N2C_0,197.00,475.62,358.00
7860.00,N2C_1,120.00,410.55,362.05
7860.00,N2C_2,109.00,472.41,364.52
7860.00,N2C_3,110.00,469.68,363.13
7860.00,S2C_0,2.00,5.50,5.50
7860.00,S2C_1,1.00,3.26,3.26
7860.00,S2C_3,18.00,71.26,71.26
7860.00,W2C_0,59.00,481.19,361.14
7860.00,W2C_1,62.00,437.21,358.12
7860.00,W2C_2,92.00,474.81,361.51
7860.00,W2C_3,56.00,466.19,363.24
7920.00,E2C_1,4.00,5.50,5.50
7920.00,E2C_2,2.00,5.52,5.52
7920.00,E2C_3,2.00,7.72,24.10
7920.00,N2C_0,60.00,477.39,364.33
7920.00,N2C_1,56.00,477.64,363.15
7920.00,N2C_2,134.00,476.16,363.31
7920.00,N2C_3,136.00,472.65,360.13
7920.00,S2C_0,57.00,30.08,30.08
7920.00,S2C_1,48.00,36.61,47.27
7920.00,S2C_2,45.00,43.81,43.81
7920.00,S2C_3,57.00,75.51,75.51
7920.00,W2C_0,62.00,451.66,340.15
7920.00,W2C_1,13.00,472.60,365.09
7920.00,W2C_2,52.00,477.31,363.21
7920.00,W2C_3,41.00,465.64,362.68
7980.00,E2C_0,17.00,10.00,10.00
7980.00,E2C_1,56.00,53.61,53.61
7980.00,E2C_2,55.00,44.41,51.62
7980.00,E2C_3,61.00,43.61,43.61
7980.00,N2C_0,28.00,472.17,361.01
7980.00,N2C_1,56.00,474.91,360.43
7980.00,N2C_2,78.00,474.85,362.26
7980.00,N2C_3,49.00,471.48,368.23
7980.00,S2C_1,0.00,0.00,4.24
7980.00,S2C_2,1.00,3.21,3.21
7980.00,S2C_3,46.00,82.26,85.96
7980.00,W2C_0,122.00,436.52,366.57
7980.00,W2C_1,31.00,466.66,354.50
7980.00,W2C_2,112.00,469.46,359.99
7980.00,W2C_3,66.00,465.27,364.69
8040.00,:Center_15_0,8.00,14.20,11.00
8040.00,E2C_0,0.00,0.00,4.13
8040.00,E2C_1,36.00,93.62,93.62
8040.00,E2C_2,33.00,90.32,97.75
8040.00,N2C_0,62.00,483.08,363.47
8040.00,N2C_1,65.00,472.88,360.09
8040.00,N2C_2,114.00,473.11,363.30
8040.00,N2C_3,59.00,467.62,365.45
8040.00,S2C_0,43.00,17.20,17.20
8040.00,S2C_1,51.00,45.02,45.02
8040.00,S2C_2,58.00,38.31,41.65
8040.00,S2C_3,54.00,87.22,87.22
8040.00,W2C_0,48.00,480.54,366.42
8040.00,W2C_1,83.00,477.61,364.18
8040.00,W2C_2,31.00,475.59,364.36
8040.00,W2C_3,50.00,475.85,362.11
8100.00,E2C_0,58.00,44.61,44.61
8100.00,E2C_1,62.00,124.52,124.52
8100.00,E2C_2,64.00,111.57,111.57
8100.00,E2C_3,3.00,11.01,11.01
8100.00,N2C_0,23.00,354.49,357.91
8100.00,N2C_1,11.00,416.81,353.07
8100.00,N2C_2,174.00,470.40,357.83
8100.00,N2C_3,33.00,467.08,363.29
8100.00,S2C_3,41.00,97.86,101.28
8100.00,W2C_0,55.00,328.62,339.00
8100.00,W2C_1,143.00,431.05,365.89
8100.00,W2C_2,91.00,474.80,361.92
8100.00,W2C_3,53.00,477.31,362.32
8160.00,E2C_0,1.00,3.43,3.43
8160.00,N2C_0,48.00,478.61,118.16
8160.00,N2C_1,59.00,477.41,325.44
8160.00,N2C_2,234.00,477.34,357.83
8160.00,N2C_3,93.00,471.16,363.87
8160.00,S2C_0,40.00,29.70,29.70
8160.00,S2C_1,34.00,33.21,33.21
8160.00,S2C_2,31.00,30.70,34.07
8160.00,S2C_3,56.00,120.02,120.02
8160.00,W2C_0,92.00,476.72,345.13
8160.00,W2C_1,123.00,469.60,363.99
8160.00,W2C_2,151.00,472.81,366.12
8160.00,W2C_3,46.00,471.61,363.95
8220.00,:Center_3_0,0.00,0.00,13.56
8220.00,E2C_0,57.00,32.01,32.01
8220.00,E2C_1,21.00,23.61,23.61
8220.00,E2C_2,18.00,22.41,22.41
8220.00,E2C_3,30.00,8.70,8.70
8220.00,N2C_0,23.00,413.76,226.19
8220.00,N2C_1,56.00,442.18,353.81
8220.00,N2C_2,88.00,472.03,360.58
8220.00,N2C_3,51.00,470.06,362.38
8220.00,S2C_1,3.00,5.50,5.50
8220.00,S2C_2,9.00,3.00,3.00
8220.00,S2C_3,7.00,101.09,101.09
8220.00,W2C_0,56.00,481.56,366.49
8220.00,W2C_1,183.00,475.54,361.32
8220.00,W2C_2,211.00,468.59,361.02
8220.00,W2C_3,56.00,467.19,361.85
8280.00,E2C_1,1.00,3.51,3.51
8280.00,E2C_2,3.00,3.20,3.20
8280.00,N2C_0,62.00,476.31,255.01
8280.00,N2C_1,107.00,473.57,322.69
8280.00,N2C_2,96.00,476.99,360.85
8280.00,N2C_3,89.00,469.06,361.32
8280.00,S2C_0,39.00,25.91,25.91
8280.00,S2C_1,58.00,36.30,36.30
8280.00,S2C_2,69.00,43.94,43.94
8280.00,S2C_3,55.00,93.84,93.84
8280.00,W2C_0,80.00,466.78,360.38
8280.00,W2C_1,243.00,456.07,364.52
8280.00,W2C_2,271.00,472.78,365.85
8280.00,W2C_3,57.00,475.95,361.88
8340.00,E2C_0,23.00,7.20,7.20
8340.00,E2C_1,56.00,50.11,50.11
8340.00,E2C_2,58.00,47.92,47.92
8340.00,E2C_3,8.00,7.70,7.70
8340.00,N2C_0,23.00,328.54,328.54
8340.00,N2C_1,167.00,408.67,362.73
8340.00,N2C_2,121.00,473.15,364.44
8340.00,N2C_3,63.00,474.18,362.04
8340.00,S2C_3,2.00,7.75,76.86
8340.00,W2C_0,62.00,482.98,364.24
8340.00,W2C_1,303.00,478.92,359.05
8340.00,W2C_2,120.00,471.97,361.74
8340.00,W2C_3,64.00,478.54,357.65
8400.00,E2C_3,18.00,39.55,39.55
8400.00,N2C_0,71.00,399.67,367.81
8400.00,N2C_1,227.00,460.65,361.20
8400.00,N2C_2,136.00,474.59,363.66
8400.00,N2C_3,60.00,470.96,361.20
8400.00,S2C_0,55.00,32.31,35.53
8400.00,S2C_1,40.00,23.61,23.61
8400.00,S2C_2,31.00,31.20,31.20
8400.00,S2C_3,62.00,87.72,87.72
8400.00,W2C_0,46.00,482.58,124.43
8400.00,W2C_1,247.00,475.91,362.97
8400.00,W2C_2,55.00,478.90,363.95
8400.00,W2C_3,30.00,475.48,368.64
8460.00,E2C_0,46.00,18.90,18.90
8460.00,E2C_1,52.00,26.86,26.86
8460.00,E2C_2,38.00,25.11,25.11
8460.00,E2C_3,77.00,57.01,57.01
8460.00,N2C_0,131.00,473.60,356.36
8460.00,N2C_1,287.00,470.54,360.87
8460.00,N2C_2,139.00,478.26,367.06
8460.00,N2C_3,42.00,472.13,361.37
8460.00,S2C_0,3.00,9.00,9.00
8460.00,W2C_0,29.00,479.45,223.30
8460.00,W2C_1,60.00,399.42,360.93
8460.00,W2C_2,77.00,477.17,354.18
8460.00,W2C_3,63.00,477.37,364.86
8520.00,E2C_2,3.00,4.00,4.00
8520.00,E2C_3,39.00,61.36,61.36
8520.00,N2C_0,55.00,477.94,346.19
8520.00,N2C_1,39.00,477.71,363.52
8520.00,N2C_2,196.00,478.26,367.05
8520.00,N2C_3,64.00,468.29,363.85
8520.00,S2C_0,57.00,62.81,62.81
8520.00,S2C_1,34.00,27.21,27.21
8520.00,S2C_2,34.00,33.21,33.21
8520.00,W2C_0,19.00,348.73,351.95
8520.00,W2C_1,9.00,445.11,355.90
8520.00,W2C_2,43.00,475.43,364.48
8520.00,W2C_3,33.00,464.40,363.44
8580.00,E2C_0,47.00,18.90,18.90
8580.00,E2C_1,46.00,38.51,38.51
8580.00,E2C_2,44.00,42.41,42.41
8580.00,E2C_3,64.00,82.62,82.62
8580.00,N2C_0,48.00,473.63,363.39
8580.00,N2C_1,30.00,470.23,361.54
8580.00,N2C_2,136.00,468.02,363.42
8580.00,N2C_3,46.00,464.13,363.66
8580.00,S2C_3,10.00,31.35,31.35
8580.00,W2C_0,17.00,475.58,350.05
8580.00,W2C_1,57.00,472.99,359.34
8580.00,W2C_2,58.00,476.41,361.74
8580.00,W2C_3,62.00,447.89,363.16
8640.00,:Center_15_0,6.00,15.06,11.64
8640.00,E2C_1,1.00,3.24,3.24
8640.00,E2C_2,2.00,3.35,3.35
8640.00,E2C_3,38.00,100.46,100.46
8640.00,N2C_0,29.00,398.81,365.36
8640.00,N2C_1,51.00,479.66,366.28
8640.00,N2C_2,111.00,478.50,362.52
8640.00,N2C_3,68.00,463.11,363.27
8640.00,S2C_0,45.00,16.40,16.40
8640.00,S2C_1,32.00,13.60,13.60
8640.00,S2C_2,37.00,17.31,17.31
8640.00,S2C_3,60.00,61.01,61.01
8640.00,W2C_0,36.00,475.87,359.47
8640.00,W2C_1,13.00,483.06,363.00
8640.00,W2C_2,52.00,473.89,358.04
8640.00,W2C_3,47.00,470.11,365.38
8700.00,:Center_3_0,0.00,0.00,11.24
8700.00,E2C_0,30.00,34.61,34.61
8700.00,E2C_1,58.00,47.61,58.68
8700.00,E2C_2,50.00,49.31,49.31
8700.00,E2C_3,64.00,111.02,111.02
8700.00,N2C_0,43.00,472.90,268.50
8700.00,N2C_1,36.00,475.54,357.38
8700.00,N2C_2,81.00,471.50,362.66
8700.00,N2C_3,43.00,437.76,363.27
8700.00,S2C_1,3.00,4.00,4.00
8700.00,S2C_3,37.00,74.86,74.86
8700.00,W2C_0,96.00,211.56,216.09
8700.00,W2C_1,57.00,420.53,361.41
8700.00,W2C_2,82.00,474.04,361.85
8700.00,W2C_3,53.00,464.35,363.39
8760.00,E2C_0,0.00,0.00,3.37
8760.00,E2C_2,0.00,0.00,6.66
8760.00,E2C_3,40.00,108.26,108.26
8760.00,N2C_0,40.00,338.68,338.68
8760.00,N2C_1,75.00,472.33,362.37
8760.00,N2C_2,141.00,471.50,362.07
8760.00,N2C_3,62.00,468.70,360.57
8760.00,S2C_0,53.00,33.21,33.21
8760.00,S2C_1,41.00,41.63,41.63
8760.00,S2C_2,44.00,36.41,36.41
8760.00,S2C_3,57.00,80.12,80.12
8760.00,W2C_0,33.00,329.79,329.79
8760.00,W2C_1,17.00,469.04,360.07
8760.00,W2C_2,63.00,467.38,356.87
8760.00,W2C_3,48.00,466.79,362.77
8820.00,E2C_0,45.00,39.71,39.71
8820.00,E2C_1,47.00,34.41,34.41
8820.00,E2C_2,60.00,38.08,38.08
8820.00,E2C_3,58.00,141.03,141.03
8820.00,N2C_0,52.00,403.95,372.50
8820.00,N2C_1,125.00,479.65,360.34
8820.00,N2C_2,72.00,476.35,357.82
8820.00,N2C_3,135.00,475.39,363.46
8820.00,S2C_2,2.00,3.20,3.20
8820.00,S2C_3,7.00,46.39,74.66
8820.00,W2C_0,64.00,417.56,373.12
8820.00,W2C_1,58.00,432.08,343.11
8820.00,W2C_2,111.00,461.00,362.78
8820.00,W2C_3,107.00,464.44,363.58
8880.00,E2C_2,1.00,3.21,3.21
8880.00,E2C_3,44.00,139.09,139.09
8880.00,N2C_0,62.00,477.62,278.02
8880.00,N2C_1,185.00,443.69,363.16
8880.00,N2C_2,74.00,476.60,365.96
8880.00,N2C_3,60.00,471.62,363.66
8880.00,S2C_0,47.00,51.61,51.61
8880.00,S2C_1,49.00,30.20,30.20
8880.00,S2C_2,31.00,16.60,16.60
8880.00,S2C_3,58.00,79.82,79.82
8880.00,W2C_0,18.00,474.77,362.99
8880.00,W2C_1,5.00,394.53,356.26
8880.00,W2C_2,55.00,474.05,362.09
8880.00,W2C_3,47.00,470.81,361.66
8940.00,E2C_0,22.00,10.20,10.20
8940.00,E2C_1,54.00,50.11,50.11
8940.00,E2C_2,51.00,53.33,53.33
8940.00,E2C_3,102.00,148.14,148.14
8940.00,N2C_0,35.00,464.49,336.68
8940.00,N2C_1,28.00,396.47,361.24
8940.00,N2C_2,95.00,473.21,365.93
8940.00,N2C_3,43.00,464.59,363.71
8940.00,S2C_0,0.00,0.00,3.24
8940.00,S2C_3,18.00,86.66,86.66
8940.00,W2C_0,57.00,398.76,291.52
8940.00,W2C_1,58.00,298.95,298.95
8940.00,W2C_2,87.00,474.63,354.98
8940.00,W2C_3,56.00,475.65,361.52
9000.00,E2C_2,40.00,36.17,36.17
9000.00,E2C_3,43.00,138.37,138.37
9000.00,N2C_0,86.00,238.66,243.59
9000.00,N2C_1,88.00,461.12,362.20
9000.00,N2C_2,151.00,460.75,364.89
9000.00,N2C_3,103.00,465.26,363.43
9000.00,S2C_0,58.00,37.21,37.21
9000.00,S2C_1,40.00,25.91,25.91
9000.00,S2C_2,37.00,28.52,28.52
9000.00,S2C_3,63.00,101.54,101.54
9000.00,W2C_0,4.00,368.44,363.92
9000.00,W2C_1,58.00,468.40,363.61
9000.00,W2C_2,63.00,477.79,363.05
9000.00,W2C_3,101.00,470.53,360.26
9060.00,E2C_0,48.00,26.81,26.81
9060.00,E2C_1,45.00,30.11,30.11
9060.00,E2C_2,100.00,28.92,28.92
9060.00,E2C_3,58.00,174.44,174.44
9060.00,N2C_0,76.00,331.48,331.48
9060.00,N2C_1,85.00,459.36,364.09
9060.00,N2C_2,111.00,474.67,368.58
9060.00,N2C_3,109.00,472.38,366.15
9060.00,S2C_2,2.00,5.50,5.50
9060.00,S2C_3,6.00,34.65,34.65
9060.00,W2C_0,56.00,404.99,329.60
9060.00,W2C_1,60.00,386.43,355.74
9060.00,W2C_2,79.00,477.19,361.72
9060.00,W2C_3,105.00,467.87,371.81
9120.00,E2C_1,3.00,11.05,22.24
9120.00,E2C_2,27.00,18.22,30.62
9120.00,E2C_3,46.00,173.01,176.37
9120.00,N2C_0,64.00,365.79,361.29
9120.00,N2C_1,96.00,437.71,365.96
9120.00,N2C_2,120.00,477.54,360.76
9120.00,N2C_3,50.00,471.07,362.35
9120.00,S2C_0,15.00,23.71,23.71
9120.00,S2C_1,55.00,36.01,36.01
9120.00,S2C_2,52.00,34.91,38.21
9120.00,S2C_3,54.00,42.41,42.41
9120.00,W2C_0,35.00,227.57,227.57
9120.00,W2C_1,30.00,405.92,359.63
9120.00,W2C_2,65.00,468.10,366.28
9120.00,W2C_3,36.00,464.45,368.36
9180.00,:Center_11_0,0.00,0.00,8.85
9180.00,E2C_0,50.00,20.40,20.40
9180.00,E2C_1,61.00,51.21,51.21
9180.00,E2C_2,87.00,52.61,52.61
9180.00,E2C_3,104.00,223.44,223.44
9180.00,N2C_0,57.00,476.67,361.82
9180.00,N2C_1,86.00,476.24,362.26
9180.00,N2C_2,148.00,475.71,360.76
9180.00,N2C_3,39.00,473.91,366.31
9180.00,S2C_2,2.00,3.20,3.20
9180.00,S2C_3,21.00,61.05,61.05
9180.00,W2C_0,95.00,365.29,365.29
9180.00,W2C_1,64.00,480.46,352.41
9180.00,W2C_2,97.00,477.39,365.00
9180.00,W2C_3,96.00,455.78,365.45
9240.00,E2C_2,2.00,4.01,4.01
9240.00,E2C_3,44.00,191.54,226.78
9240.00,N2C_0,81.00,478.88,326.12
9240.00,N2C_1,61.00,476.02,363.36
9240.00,N2C_2,196.00,477.52,364.56
9240.00,N2C_3,59.00,467.71,364.37
9240.00,S2C_0,10.00,14.12,14.12
9240.00,S2C_1,53.00,31.35,31.35
9240.00,S2C_2,56.00,41.81,41.81
9240.00,S2C_3,64.00,69.51,69.51
9240.00,W2C_0,18.00,421.41,361.36
9240.00,W2C_1,29.00,470.34,363.58
9240.00,W2C_2,31.00,463.59,366.60
9240.00,W2C_3,67.00,473.14,362.21
9300.00,:Center_7_0,57.00,2.30,2.30
9300.00,E2C_0,47.00,32.31,32.31
9300.00,E2C_1,51.00,45.81,45.81
9300.00,E2C_2,47.00,36.14,39.51
9300.00,E2C_3,103.00,229.98,229.98
9300.00,N2C_0,141.00,476.97,176.43
9300.00,N2C_1,116.00,472.45,363.80
9300.00,N2C_2,75.00,476.01,361.99
9300.00,N2C_3,68.00,473.69,361.49
9300.00,S2C_3,0.00,0.00,3.40
9300.00,W2C_0,59.00,482.99,360.68
9300.00,W2C_1,57.00,437.61,358.86
9300.00,W2C_2,56.00,472.30,359.03
9300.00,W2C_3,57.00,456.50,362.70
9360.00,E2C_0,3.00,5.51,5.51
9360.00,E2C_2,1.00,5.54,5.54
9360.00,E2C_3,40.00,220.76,232.97
9360.00,N2C_0,201.00,255.97,255.97
9360.00,N2C_1,176.00,460.56,364.24
9360.00,N2C_2,98.00,471.29,361.26
9360.00,N2C_3,61.00,467.16,361.10
9360.00,S2C_0,54.00,29.11,29.11
9360.00,S2C_1,32.00,40.71,40.71
9360.00,S2C_2,20.00,36.62,41.10
9360.00,S2C_3,54.00,20.40,20.40
9360.00,W2C_0,21.00,482.77,300.69
9360.00,W2C_1,19.00,478.87,346.93
9360.00,W2C_2,53.00,476.01,368.04
9360.00,W2C_3,39.00,453.50,362.02
9420.00,E2C_0,27.00,10.00,10.00
9420.00,E2C_1,31.00,34.11,34.11
9420.00,E2C_2,46.00,29.91,29.91
9420.00,E2C_3,64.00,267.19,267.19
9420.00,N2C_0,35.00,351.10,354.67
9420.00,N2C_1,29.00,441.89,359.97
9420.00,N2C_2,113.00,469.72,363.16
9420.00,N2C_3,48.00,470.07,364.01
9420.00,S2C_0,0.00,0.00,5.54
9420.00,S2C_1,0.00,0.00,3.22
9420.00,S2C_2,2.00,4.00,4.00
9420.00,S2C_3,5.00,20.24,23.56
9420.00,W2C_0,46.00,415.29,363.59
9420.00,W2C_1,59.00,466.01,361.57
9420.00,W2C_2,113.00,471.53,361.22
9420.00,W2C_3,71.00,473.87,362.78
9480.00,:Center_11_0,56.00,2.30,2.30
9480.00,E2C_3,4.00,13.47,281.89
9480.00,N2C_0,73.00,472.20,365.15
9480.00,N2C_1,60.00,476.63,363.29
9480.00,N2C_2,106.00,471.46,361.93
9480.00,N2C_3,68.00,468.91,362.53
9480.00,S2C_0,31.00,29.91,29.91
9480.00,S2C_1,49.00,48.51,51.91
9480.00,S2C_2,45.00,43.71,43.71
9480.00,S2C_3,63.00,33.61,33.61
9480.00,W2C_0,106.00,467.78,193.32
9480.00,W2C_1,60.00,327.82,361.76
9480.00,W2C_2,81.00,437.81,361.42
9480.00,W2C_3,84.00,470.56,363.10
9540.00,E2C_0,42.00,24.31,24.31
9540.00,E2C_1,42.00,21.11,21.11
9540.00,E2C_2,35.00,21.50,21.50
9540.00,E2C_3,62.00,238.15,238.15
9540.00,N2C_0,62.00,478.38,52.14
9540.00,N2C_1,16.00,466.68,352.85
9540.00,N2C_2,75.00,476.48,362.00
9540.00,N2C_3,74.00,476.86,361.93
9540.00,S2C_3,34.00,49.35,49.35
9540.00,W2C_0,166.00,481.55,185.58
9540.00,W2C_1,118.00,385.31,364.84
9540.00,W2C_2,112.00,479.48,363.84
9540.00,W2C_3,107.00,468.95,364.08
9600.00,E2C_2,0.00,0.00,3.32
9600.00,E2C_3,38.00,225.45,235.87
9600.00,N2C_0,74.00,483.00,186.26
9600.00,N2C_1,64.00,481.07,362.19
9600.00,N2C_2,96.00,458.80,364.24
9600.00,N2C_3,62.00,472.51,364.14
9600.00,S2C_0,40.00,31.91,31.91
9600.00,S2C_1,43.00,36.51,36.51
9600.00,S2C_2,42.00,38.11,38.11
9600.00,S2C_3,59.00,71.51,71.51
9600.00,W2C_0,37.00,300.84,308.07
9600.00,W2C_1,35.00,441.10,364.17
9600.00,W2C_2,59.00,470.46,361.32
9600.00,W2C_3,82.00,474.79,364.15
9660.00,E2C_0,49.00,26.41,26.41
9660.00,E2C_1,51.00,32.91,32.91
9660.00,E2C_2,54.00,35.31,35.31
9660.00,E2C_3,88.00,242.44,242.44
9660.00,N2C_0,7.00,426.88,209.24
9660.00,N2C_1,10.00,394.00,368.99
9660.00,N2C_2,136.00,466.14,362.91
9660.00,N2C_3,31.00,465.80,362.13
9660.00,S2C_3,35.00,113.16,113.16
9660.00,W2C_0,59.00,422.67,365.41
9660.00,W2C_1,62.00,460.82,361.45
9660.00,W2C_2,77.00,477.69,360.00
9660.00,W2C_3,94.00,472.69,363.51
9720.00,:Center_15_0,5.00,12.71,9.41
9720.00,E2C_1,2.00,4.01,4.01
9720.00,E2C_2,9.00,19.09,19.09
9720.00,E2C_3,18.00,226.46,234.52
9720.00,N2C_0,67.00,471.27,232.24
9720.00,N2C_1,53.00,459.31,333.74
9720.00,N2C_2,196.00,447.39,362.53
9720.00,N2C_3,72.00,465.49,364.29
9720.00,S2C_1,47.00,52.41,52.41
9720.00,S2C_2,38.00,43.61,55.50
9720.00,S2C_3,61.00,140.32,140.32
9720.00,W2C_0,33.00,479.87,269.71
9720.00,W2C_1,26.00,431.10,368.14
9720.00,W2C_2,81.00,473.04,361.38
9720.00,W2C_3,25.00,457.83,362.28
9780.00,E2C_0,37.00,17.90,17.90
9780.00,E2C_1,55.00,43.91,43.91
9780.00,E2C_2,62.00,46.52,46.52
9780.00,E2C_3,65.00,258.46,258.46
9780.00,N2C_0,0.00,0.00,286.06
9780.00,N2C_1,50.00,443.34,362.82
9780.00,N2C_2,256.00,476.22,361.69
9780.00,N2C_3,74.00,471.04,363.40
9780.00,S2C_0,3.00,5.51,5.51
9780.00,S2C_1,0.00,0.00,3.28
9780.00,S2C_2,1.00,9.66,9.66
9780.00,S2C_3,36.00,135.69,135.69
9780.00,W2C_0,55.00,474.75,326.73
9780.00,W2C_1,59.00,465.27,360.78
9780.00,W2C_2,113.00,460.28,361.68
9780.00,W2C_3,72.00,464.80,363.18
9840.00,E2C_1,4.00,3.20,3.20
9840.00,E2C_2,1.00,3.25,3.25
9840.00,E2C_3,31.00,239.72,277.71
9840.00,N2C_0,53.00,394.43,98.53
9840.00,N2C_1,71.00,452.55,361.02
9840.00,N2C_2,113.00,450.29,369.75
9840.00,N2C_3,103.00,470.11,363.11
9840.00,S2C_0,23.00,19.50,19.50
9840.00,S2C_1,48.00,38.51,38.51
9840.00,S2C_2,61.00,45.37,45.37
9840.00,S2C_3,60.00,154.03,154.03
9840.00,W2C_0,32.00,437.21,362.55
9840.00,W2C_1,27.00,465.81,362.91
9840.00,W2C_2,80.00,472.75,361.54
9840.00,W2C_3,46.00,471.30,363.28
9900.00,E2C_1,53.00,50.81,50.81
9900.00,E2C_2,57.00,52.41,52.41
9900.00,E2C_3,61.00,269.13,284.23
9900.00,N2C_0,90.00,373.23,373.23
9900.00,N2C_1,118.00,462.58,358.63
9900.00,N2C_2,118.00,467.53,369.75
9900.00,N2C_3,56.00,478.37,364.67
9900.00,S2C_0,0.00,0.00,3.95
9900.00,S2C_1,1.00,3.41,3.41
9900.00,S2C_2,10.00,2.20,2.20
9900.00,S2C_3,2.00,6.56,56.36
9900.00,W2C_0,37.00,463.50,312.82
9900.00,W2C_1,44.00,483.07,364.50
9900.00,W2C_2,113.00,472.82,361.12
9900.00,W2C_3,61.00,472.92,365.62
9960.00,E2C_2,33.00,34.56,34.56
9960.00,E2C_3,44.00,234.88,262.25
9960.00,N2C_0,97.00,199.36,210.21
9960.00,N2C_1,170.00,432.71,358.57
9960.00,N2C_2,169.00,475.23,363.34
9960.00,N2C_3,61.00,474.66,363.93
9960.00,S2C_0,49.00,17.40,17.40
9960.00,S2C_1,42.00,41.11,44.56
9960.00,S2C_2,70.00,42.71,42.71
9960.00,S2C_3,61.00,50.01,50.01
9960.00,W2C_0,29.00,383.44,363.24
9960.00,W2C_1,5.00,416.18,363.96
9960.00,W2C_2,85.00,474.67,364.32
9960.00,W2C_3,71.00,459.32,364.75
10020.00,:Center_3_0,0.00,0.00,11.68
10020.00,:Center_15_0,56.00,2.30,2.30
10020.00,E2C_0,37.00,13.40,13.40
10020.00,E2C_1,54.00,54.11,54.11
10020.00,E2C_2,55.00,57.76,57.76
10020.00,E2C_3,48.00,228.25,276.09
10020.00,N2C_0,33.00,421.41,364.80
10020.00,N2C_1,13.00,465.10,361.31
10020.00,N2C_2,222.00,473.09,363.33
10020.00,N2C_3,58.00,471.85,361.98
10020.00,S2C_0,1.00,9.00,9.00
10020.00,S2C_1,60.00,83.22,83.22
10020.00,S2C_2,53.00,81.26,81.26
10020.00,S2C_3,8.00,3.87,3.87
10020.00,W2C_0,89.00,478.02,347.36
10020.00,W2C_1,62.00,439.46,364.70
10020.00,W2C_2,56.00,478.32,362.61
10020.00,W2C_3,131.00,476.15,364.21
10080.00,:Center_7_0,17.00,15.11,11.28
10080.00,E2C_0,1.00,5.56,12.66
10080.00,E2C_2,34.00,27.15,27.15
10080.00,E2C_3,16.00,278.12,281.47
10080.00,N2C_0,61.00,478.20,361.01
10080.00,N2C_1,60.00,475.00,364.48
10080.00,N2C_2,119.00,479.72,365.30
10080.00,N2C_3,67.00,469.21,360.56
10080.00,S2C_0,57.00,34.00,37.38
10080.00,S2C_1,120.00,120.42,120.42
10080.00,S2C_2,113.00,126.64,126.64
10080.00,S2C_3,42.00,10.28,10.28
10080.00,W2C_0,37.00,458.58,361.15
10080.00,W2C_1,12.00,476.95,355.67
10080.00,W2C_2,53.00,476.46,359.85
10080.00,W2C_3,83.00,475.47,360.70
10140.00,E2C_0,60.00,37.51,37.51
10140.00,E2C_1,56.00,52.71,52.71
10140.00,E2C_2,94.00,54.10,54.10
10140.00,E2C_3,53.00,284.31,284.31
10140.00,N2C_0,52.00,476.62,335.78
10140.00,N2C_1,60.00,475.30,359.35
10140.00,N2C_2,128.00,471.29,365.21
10140.00,N2C_3,29.00,471.14,362.23
10140.00,S2C_0,0.00,0.00,5.70
10140.00,S2C_1,5.00,20.00,27.12
10140.00,S2C_2,2.00,3.21,141.34
10140.00,S2C_3,45.00,16.81,23.90
10140.00,W2C_0,63.00,466.01,281.37
10140.00,W2C_1,58.00,480.44,359.78
10140.00,W2C_2,86.00,474.58,356.49
10140.00,W2C_3,97.00,474.09,366.04
10200.00,E2C_1,4.00,19.50,19.50
10200.00,E2C_2,12.00,18.12,22.85
10200.00,E2C_3,24.00,206.07,292.36
10200.00,N2C_0,28.00,422.95,278.54
10200.00,N2C_1,53.00,468.50,324.34
10200.00,N2C_2,89.00,464.58,351.13
10200.00,N2C_3,56.00,460.60,364.48
10200.00,S2C_0,50.00,40.11,40.11
10200.00,S2C_1,62.00,115.52,115.52
10200.00,S2C_2,60.00,112.72,112.72
10200.00,S2C_3,54.00,25.11,25.11
10200.00,W2C_0,10.00,148.15,148.15
10200.00,W2C_1,36.00,404.37,344.68
10200.00,W2C_2,41.00,471.52,360.17
10200.00,W2C_3,136.00,475.78,365.56
10260.00,E2C_0,50.00,22.40,37.96
10260.00,E2C_1,62.00,51.61,51.61
10260.00,E2C_2,72.00,50.13,50.13
10260.00,E2C_3,65.00,250.00,289.24
10260.00,N2C_0,15.00,478.19,247.40
10260.00,N2C_1,12.00,479.88,359.95
10260.00,N2C_2,130.00,472.01,364.53
10260.00,N2C_3,50.00,456.20,363.66
10260.00,S2C_1,0.00,0.00,4.13
10260.00,S2C_2,3.00,3.20,6.74
10260.00,S2C_3,38.00,26.15,30.77
10260.00,W2C_0,55.00,228.97,271.47
10260.00,W2C_1,57.00,452.39,365.82
10260.00,W2C_2,101.00,474.31,360.17
10260.00,W2C_3,49.00,473.61,362.61
10320.00,E2C_1,4.00,3.21,29.10
10320.00,E2C_2,30.00,24.44,24.44
10320.00,E2C_3,59.00,303.96,303.96
10320.00,N2C_0,61.00,175.04,175.04
10320.00,N2C_1,58.00,475.21,360.11
10320.00,N2C_2,85.00,472.01,360.25
10320.00,N2C_3,57.00,472.38,364.33
10320.00,S2C_0,35.00,27.21,27.21
10320.00,S2C_1,56.00,26.81,26.81
10320.00,S2C_2,59.00,25.61,25.61
10320.00,S2C_3,57.00,50.51,50.51
10320.00,W2C_0,27.00,483.05,361.02
10320.00,W2C_1,11.00,472.57,361.28
10320.00,W2C_2,62.00,477.58,356.34
10320.00,W2C_3,74.00,476.71,362.70
10380.00,:Center_7_0,57.00,3.10,3.10
10380.00,E2C_1,60.00,77.61,77.61
10380.00,E2C_2,58.00,70.89,70.89
10380.00,E2C_3,71.00,320.75,320.75
10380.00,N2C_0,24.00,324.01,344.23
10380.00,N2C_1,61.00,406.51,329.44
10380.00,N2C_2,60.00,469.62,361.96
10380.00,N2C_3,58.00,474.15,361.67
10380.00,W2C_0,59.00,478.18,364.67
10380.00,W2C_1,66.00,475.77,366.17
10380.00,W2C_2,86.00,473.70,363.29
10380.00,W2C_3,56.00,474.84,364.22
10440.00,:Center_7_0,0.00,0.00,11.58
10440.00,:Center_15_0,0.00,0.00,7.75
10440.00,E2C_3,85.00,359.48,359.48
10440.00,N2C_0,83.00,163.72,163.72
10440.00,N2C_1,119.00,476.29,365.21
10440.00,N2C_2,120.00,474.66,365.04
10440.00,N2C_3,104.00,473.40,361.59
10440.00,S2C_0,23.00,20.40,20.40
10440.00,S2C_1,51.00,24.31,24.31
10440.00,S2C_2,47.00,24.32,24.32
10440.00,S2C_3,39.00,24.20,27.89
10440.00,W2C_0,44.00,408.20,298.80
10440.00,W2C_1,27.00,460.52,315.80
10440.00,W2C_2,52.00,470.81,362.22
10440.00,W2C_3,91.00,470.75,364.20
10500.00,E2C_0,33.00,39.21,39.21
10500.00,E2C_1,38.00,24.31,27.52
10500.00,E2C_2,58.00,28.66,35.76
10500.00,E2C_3,112.00,372.62,361.61
10500.00,N2C_0,32.00,394.21,246.89
10500.00,N2C_1,100.00,397.45,344.77
10500.00,N2C_2,154.00,477.12,361.06
10500.00,N2C_3,127.00,476.08,363.56
10500.00,S2C_3,42.00,47.88,47.88
10500.00,W2C_0,57.00,395.62,332.73
10500.00,W2C_1,51.00,409.18,363.62
10500.00,W2C_2,106.00,477.07,362.52
10500.00,W2C_3,106.00,472.76,365.48
10560.00,E2C_1,2.00,4.01,4.01
10560.00,E2C_2,23.00,243.86,243.86
10560.00,E2C_3,25.00,200.05,345.87
10560.00,N2C_0,54.00,474.68,350.06
10560.00,N2C_1,56.00,426.83,365.11
10560.00,N2C_2,174.00,474.99,362.71
10560.00,N2C_3,150.00,475.22,364.31
10560.00,S2C_0,55.00,37.41,37.41
10560.00,S2C_1,39.00,15.70,15.70
10560.00,S2C_2,28.00,13.20,13.20
10560.00,S2C_3,52.00,87.42,87.42
10560.00,W2C_0,30.00,480.75,217.47
10560.00,W2C_1,35.00,472.33,356.36
10560.00,W2C_2,55.00,469.86,362.49
10560.00,W2C_3,88.00,468.93,364.26
10620.00,:Center_11_0,0.00,0.00,5.53
10620.00,E2C_0,36.00,19.81,19.81
10620.00,E2C_1,59.00,60.31,60.31
10620.00,E2C_2,59.00,81.67,81.67
10620.00,E2C_3,70.00,266.60,347.43
10620.00,N2C_0,40.00,442.18,361.95
10620.00,N2C_1,36.00,455.11,364.11
10620.00,N2C_2,83.00,473.56,363.00
10620.00,N2C_3,127.00,472.74,364.31
10620.00,S2C_3,9.00,13.13,93.93
10620.00,W2C_0,42.00,472.19,294.29
10620.00,W2C_1,58.00,475.56,362.71
10620.00,W2C_2,66.00,469.17,362.43
10620.00,W2C_3,64.00,473.19,362.47
10680.00,E2C_2,20.00,69.73,69.73
10680.00,E2C_3,49.00,347.12,347.12
10680.00,N2C_0,61.00,479.45,360.94
10680.00,N2C_1,56.00,471.62,363.51
10680.00,N2C_2,107.00,471.67,359.03
10680.00,N2C_3,131.00,477.13,364.49
10680.00,S2C_0,17.00,6.40,6.40
10680.00,S2C_1,50.00,33.81,33.81
10680.00,S2C_2,46.00,36.64,36.64
10680.00,S2C_3,66.00,87.48,87.48
10680.00,W2C_0,18.00,382.55,355.62
10680.00,W2C_1,51.00,458.77,361.75
10680.00,W2C_2,106.00,476.83,362.09
10680.00,W2C_3,43.00,475.03,363.37
10740.00,:Center_3_0,0.00,0.00,12.01
10740.00,E2C_0,42.00,22.70,22.70
10740.00,E2C_1,52.00,49.41,49.41
10740.00,E2C_2,72.00,48.17,48.17
10740.00,E2C_3,59.00,376.50,362.91
10740.00,N2C_0,16.00,477.95,231.55
10740.00,N2C_1,13.00,454.57,361.24
10740.00,N2C_2,79.00,478.51,364.36
10740.00,N2C_3,69.00,469.29,366.56
10740.00,S2C_0,3.00,5.50,5.50
10740.00,S2C_1,3.00,3.21,3.21
10740.00,S2C_3,34.00,87.16,87.16
10740.00,W2C_0,50.00,462.86,306.90
10740.00,W2C_1,84.00,474.95,361.35
10740.00,W2C_2,116.00,472.29,363.32
10740.00,W2C_3,101.00,473.23,362.87
10800.00,E2C_2,27.00,44.53,49.12
10800.00,E2C_3,16.00,259.18,361.74
10800.00,N2C_0,20.00,320.95,320.95
10800.00,N2C_1,58.00,468.29,339.30
10800.00,N2C_2,88.00,457.79,352.26
10800.00,N2C_3,59.00,469.34,364.06
10800.00,S2C_0,51.00,22.81,27.42
10800.00,S2C_1,52.00,24.40,24.40
10800.00,S2C_2,45.00,27.71,27.71
10800.00,S2C_3,63.00,108.52,108.52
10800.00,W2C_0,19.00,479.47,361.03
10800.00,W2C_1,26.00,472.46,360.65
10800.00,W2C_2,176.00,473.82,363.28
10800.00,W2C_3,48.00,456.23,361.93
10860.00,E2C_0,49.00,23.01,23.01
10860.00,E2C_1,38.00,42.81,47.38
10860.00,E2C_2,87.00,57.48,57.48
10860.00,E2C_3,58.00,313.13,363.69
10860.00,N2C_0,4.00,339.76,339.76
10860.00,N2C_1,10.00,472.08,366.62
10860.00,N2C_2,65.00,457.36,362.27
10860.00,N2C_3,30.00,466.78,363.26
10860.00,S2C_2,2.00,5.50,5.50
10860.00,S2C_3,30.00,127.67,127.67
10860.00,W2C_0,52.00,471.14,352.48
10860.00,W2C_1,86.00,448.19,362.65
10860.00,W2C_2,236.00,467.75,363.01
10860.00,W2C_3,108.00,464.87,363.14
10920.00,E2C_2,1.00,48.71,48.71
10920.00,E2C_3,22.00,208.85,358.51
10920.00,N2C_0,24.00,393.96,95.73
10920.00,N2C_1,68.00,465.13,361.51
10920.00,N2C_2,80.00,476.91,364.84
10920.00,N2C_3,66.00,475.81,361.52
10920.00,S2C_1,36.00,21.20,21.20
10920.00,S2C_2,43.00,25.91,25.91
10920.00,S2C_3,64.00,117.25,117.25
10920.00,W2C_0,100.00,462.90,155.20
10920.00,W2C_1,146.00,465.20,361.74
10920.00,W2C_2,30.00,466.12,361.68
10920.00,W2C_3,81.00,463.09,362.46
10980.00,E2C_0,0.00,0.00,3.12
10980.00,E2C_1,49.00,72.82,72.82
10980.00,E2C_2,57.00,67.84,67.84
10980.00,E2C_3,63.00,223.81,315.67
10980.00,N2C_0,15.00,381.47,361.61
10980.00,N2C_1,17.00,339.97,354.64
10980.00,N2C_2,69.00,471.55,360.35
10980.00,N2C_3,42.00,468.77,362.24
10980.00,S2C_1,1.00,3.25,3.25
10980.00,S2C_3,46.00,115.17,115.17
10980.00,W2C_0,38.00,422.94,344.41
10980.00,W2C_1,55.00,476.55,364.55
10980.00,W2C_2,84.00,477.87,364.69
10980.00,W2C_3,103.00,468.78,362.29
11040.00,E2C_0,0.00,0.00,3.91
11040.00,E2C_1,4.00,10.21,10.21
11040.00,E2C_2,4.00,29.83,29.83
11040.00,E2C_3,47.00,305.05,305.05
11040.00,N2C_0,25.00,447.20,192.78
11040.00,N2C_1,61.00,392.09,361.41
11040.00,N2C_2,86.00,477.50,360.70
11040.00,N2C_3,63.00,451.28,360.85
11040.00,S2C_1,31.00,18.70,18.70
11040.00,S2C_2,5.00,20.00,20.00
11040.00,S2C_3,105.00,138.77,138.77
11040.00,W2C_0,47.00,412.93,373.97
11040.00,W2C_1,19.00,475.57,354.92
11040.00,W2C_2,93.00,478.52,363.41
11040.00,W2C_3,37.00,471.34,364.21
11100.00,:Center_3_0,50.00,12.50,0.00
11100.00,E2C_0,34.00,24.40,24.40
11100.00,E2C_1,62.00,40.41,40.41
11100.00,E2C_2,60.00,41.05,41.05
11100.00,E2C_3,59.00,208.67,303.42
11100.00,N2C_0,10.00,315.13,315.13
11100.00,N2C_1,9.00,426.72,361.32
11100.00,N2C_2,83.00,469.80,363.43
11100.00,N2C_3,45.00,472.05,363.54
11100.00,S2C_2,27.00,12.40,12.40
11100.00,S2C_3,49.00,132.97,132.97
11100.00,W2C_0,45.00,474.39,361.19
11100.00,W2C_1,79.00,448.77,361.74
11100.00,W2C_2,118.00,478.39,363.40
11100.00,W2C_3,58.00,456.48,364.20
11160.00,E2C_3,2.00,13.90,302.87
11160.00,N2C_0,61.00,481.03,353.50
11160.00,N2C_1,54.00,394.89,363.10
11160.00,N2C_2,110.00,477.64,360.63
11160.00,N2C_3,57.00,452.41,363.00
11160.00,S2C_1,37.00,19.81,19.81
11160.00,S2C_2,87.00,15.60,15.60
11160.00,S2C_3,108.00,147.67,147.67
11160.00,W2C_0,104.00,477.81,364.12
11160.00,W2C_1,76.00,477.91,363.83
11160.00,W2C_2,52.00,472.77,363.18
11160.00,W2C_3,48.00,465.15,363.37
11220.00,E2C_0,15.00,10.20,10.20
11220.00,E2C_1,32.00,19.61,19.61
11220.00,E2C_2,51.00,26.91,26.91
11220.00,E2C_3,54.00,205.73,217.61
11220.00,N2C_0,57.00,478.06,303.20
11220.00,N2C_1,31.00,480.26,360.93
11220.00,N2C_2,109.00,475.27,360.32
11220.00,N2C_3,34.00,472.16,361.76
11220.00,S2C_0,2.00,3.23,3.23
11220.00,S2C_3,3.00,13.00,142.75
11220.00,W2C_0,45.00,479.48,240.73
11220.00,W2C_1,164.00,475.80,365.07
11220.00,W2C_2,81.00,477.20,361.70
11220.00,W2C_3,58.00,465.92,363.51
11280.00,E2C_2,55.00,21.13,21.13
11280.00,E2C_3,48.00,179.26,227.24
11280.00,N2C_0,101.00,191.39,191.39
11280.00,N2C_1,91.00,479.14,362.00
11280.00,N2C_2,93.00,470.44,373.11
11280.00,N2C_3,64.00,468.87,365.99
11280.00,S2C_0,44.00,21.20,21.20
11280.00,S2C_1,34.00,10.90,10.90
11280.00,S2C_2,30.00,11.90,11.90
11280.00,S2C_3,59.00,112.02,115.49
11280.00,W2C_0,45.00,478.05,293.64
11280.00,W2C_1,25.00,477.35,362.09
11280.00,W2C_2,53.00,470.08,364.23
11280.00,W2C_3,42.00,458.64,364.71
11340.00,E2C_0,26.00,9.68,9.68
11340.00,E2C_1,33.00,23.00,23.00
11340.00,E2C_2,115.00,21.13,21.13
11340.00,E2C_3,111.00,238.37,238.37
11340.00,N2C_0,124.00,424.08,312.01
11340.00,N2C_1,40.00,477.69,361.03
11340.00,N2C_2,125.00,463.22,361.86
11340.00,N2C_3,86.00,476.89,362.67
11340.00,S2C_0,0.00,0.00,5.65
11340.00,S2C_3,5.00,30.52,44.82
11340.00,W2C_0,58.00,389.67,361.99
11340.00,W2C_1,60.00,467.08,365.55
11340.00,W2C_2,65.00,461.40,358.03
11340.00,W2C_3,89.00,462.62,363.40
11400.00,E2C_0,6.00,3.20,3.20
11400.00,E2C_2,34.00,47.85,47.85
11400.00,E2C_3,45.00,202.46,205.74
11400.00,N2C_0,42.00,404.13,364.42
11400.00,N2C_1,56.00,447.50,363.77
11400.00,N2C_2,185.00,460.90,361.85
11400.00,N2C_3,70.00,473.66,360.19
11400.00,S2C_0,18.00,10.00,10.00
11400.00,S2C_1,25.00,14.20,14.20
11400.00,S2C_2,36.00,14.20,14.20
11400.00,S2C_3,64.00,58.01,58.01
11400.00,W2C_0,31.00,468.11,220.35
11400.00,W2C_1,41.00,456.78,339.34
11400.00,W2C_2,71.00,473.71,364.89
11400.00,W2C_3,51.00,468.85,362.46
11460.00,E2C_0,35.00,19.81,19.81
11460.00,E2C_1,21.00,14.70,14.70
11460.00,E2C_2,54.00,31.84,31.84
11460.00,E2C_3,54.00,205.67,205.67
11460.00,N2C_0,62.00,480.96,362.19
11460.00,N2C_1,45.00,475.32,363.88
11460.00,N2C_2,83.00,469.87,364.52
11460.00,N2C_3,35.00,471.49,361.66
11460.00,W2C_0,40.00,425.51,136.31
11460.00,W2C_1,80.00,455.82,357.20
11460.00,W2C_2,81.00,458.65,363.99
11460.00,W2C_3,63.00,457.73,363.23
11520.00,E2C_2,34.00,26.12,26.12
11520.00,E2C_3,34.00,195.20,218.59
11520.00,N2C_0,86.00,478.04,359.78
11520.00,N2C_1,58.00,474.00,363.39
11520.00,N2C_2,71.00,470.22,362.58
11520.00,N2C_3,61.00,466.55,361.35
11520.00,S2C_1,11.00,6.40,6.40
11520.00,S2C_2,6.00,7.20,7.20
11520.00,S2C_3,43.00,21.11,28.18
11520.00,W2C_0,16.00,398.71,276.40
11520.00,W2C_1,7.00,445.49,325.69
11520.00,W2C_2,41.00,474.27,362.86
11520.00,W2C_3,53.00,460.55,361.04
11580.00,E2C_0,38.00,10.20,10.20
11580.00,E2C_1,25.00,27.40,27.40
11580.00,E2C_2,56.00,26.00,26.00
11580.00,E2C_3,53.00,198.89,224.78
11580.00,N2C_0,46.00,298.32,302.96
11580.00,N2C_1,60.00,475.47,350.93
11580.00,N2C_2,59.00,474.00,361.18
11580.00,N2C_3,27.00,470.78,360.78
11580.00,S2C_1,2.00,9.00,9.00
11580.00,W2C_0,27.00,481.60,362.08
11580.00,W2C_1,61.00,467.85,365.58
11580.00,W2C_2,59.00,470.64,360.11
11580.00,W2C_3,66.00,456.73,361.79
11640.00,:Center_7_0,0.00,0.00,11.69
11640.00,E2C_1,2.00,5.52,5.52
11640.00,E2C_2,49.00,19.84,19.84
11640.00,E2C_3,23.00,208.83,220.77
11640.00,N2C_0,106.00,369.34,369.34
11640.00,N2C_1,120.00,475.94,363.70
11640.00,N2C_2,119.00,472.74,363.20
11640.00,N2C_3,62.00,479.63,367.15
11640.00,S2C_1,43.00,43.11,43.11
11640.00,S2C_2,48.00,38.70,45.73
11640.00,W2C_0,14.00,451.11,244.90
11640.00,W2C_1,31.00,477.54,362.02
11640.00,W2C_2,45.00,468.12,365.34
11640.00,W2C_3,76.00,458.76,363.99
11700.00,:Center_7_0,55.00,2.30,2.30
11700.00,E2C_0,14.00,11.00,11.00
11700.00,E2C_1,25.00,22.11,22.11
11700.00,E2C_2,95.00,19.84,19.84
11700.00,E2C_3,76.00,235.48,235.48
11700.00,N2C_0,166.00,462.84,363.49
11700.00,N2C_1,180.00,463.33,362.56
11700.00,N2C_2,179.00,478.20,365.57
11700.00,N2C_3,59.00,475.43,365.79
11700.00,S2C_2,1.00,3.22,3.22
11700.00,W2C_0,60.00,414.35,253.90
11700.00,W2C_1,64.00,473.26,360.27
11700.00,W2C_2,78.00,462.63,364.15
11700.00,W2C_3,62.00,453.18,362.15
11760.00,E2C_0,0.00,0.00,4.02
11760.00,E2C_2,23.00,58.59,58.59
11760.00,E2C_3,118.00,200.83,205.37
11760.00,N2C_0,226.00,482.77,363.46
11760.00,N2C_1,237.00,481.97,361.41
11760.00,N2C_2,220.00,471.46,366.72
11760.00,N2C_3,67.00,470.13,362.09
11760.00,S2C_1,53.00,23.01,23.01
11760.00,S2C_2,37.00,21.20,21.20
11760.00,W2C_0,13.00,293.53,296.80
11760.00,W2C_1,19.00,479.64,359.76
11760.00,W2C_2,66.00,472.13,364.31
11760.00,W2C_3,43.00,455.22,363.06
11820.00,E2C_0,49.00,17.90,17.90
11820.00,E2C_1,53.00,34.81,34.81
11820.00,E2C_2,76.00,37.21,37.21
11820.00,E2C_3,62.00,206.24,206.24
11820.00,N2C_0,130.00,422.33,363.86
11820.00,N2C_1,31.00,440.47,360.85
11820.00,N2C_2,39.00,476.09,365.46
11820.00,N2C_3,49.00,443.91,374.06
11820.00,W2C_0,20.00,481.27,363.79
11820.00,W2C_1,47.00,478.94,362.34
11820.00,W2C_2,109.00,475.93,361.44
11820.00,W2C_3,62.00,474.54,364.24
11880.00,E2C_2,6.00,35.55,35.55
11880.00,E2C_3,22.00,209.74,209.74
11880.00,N2C_0,52.00,479.30,362.17
11880.00,N2C_1,60.00,436.31,352.61
11880.00,N2C_2,64.00,476.91,360.74
11880.00,N2C_3,60.00,463.05,368.71
11880.00,S2C_0,0.00,0.00,3.01
11880.00,S2C_1,37.00,20.40,20.40
11880.00,S2C_2,40.00,20.41,20.41
11880.00,S2C_3,22.00,20.00,20.00
11880.00,W2C_0,23.00,476.52,66.31
11880.00,W2C_1,23.00,471.53,364.38
11880.00,W2C_2,94.00,467.76,364.37
11880.00,W2C_3,57.00,470.18,362.57
11940.00,E2C_0,35.00,18.70,18.70
11940.00,E2C_1,52.00,29.61,45.13
11940.00,E2C_2,66.00,32.45,32.45
11940.00,E2C_3,62.00,195.53,195.53
11940.00,N2C_0,43.00,473.05,0.00
11940.00,N2C_1,22.00,469.48,353.96
11940.00,N2C_2,41.00,471.97,360.65
11940.00,N2C_3,22.00,458.10,361.19
11940.00,S2C_3,6.00,11.91,11.91
11940.00,W2C_0,12.00,233.95,252.44
11940.00,W2C_1,55.00,473.07,362.14
11940.00,W2C_2,79.00,425.21,361.14
11940.00,W2C_3,63.00,463.02,362.54
12000.00,E2C_3,6.00,186.46,200.88
12000.00,N2C_0,43.00,482.94,181.41
12000.00,N2C_1,55.00,479.02,365.92
12000.00,N2C_2,84.00,437.88,361.73
12000.00,N2C_3,61.00,453.48,361.89
12000.00,S2C_1,28.00,16.01,16.01
12000.00,S2C_2,25.00,14.20,14.20
12000.00,S2C_3,65.00,15.10,15.10
12000.00,W2C_0,17.00,479.90,358.06
12000.00,W2C_1,21.00,436.38,364.96
12000.00,W2C_2,35.00,472.97,361.78
12000.00,W2C_3,36.00,475.53,363.46
12060.00,E2C_1,39.00,17.90,17.90
12060.00,E2C_2,54.00,10.90,10.90
12060.00,E2C_3,64.00,190.13,190.13
12060.00,N2C_0,30.00,257.98,257.98
12060.00,N2C_1,7.00,444.77,340.44
12060.00,N2C_2,53.00,472.76,361.66
12060.00,N2C_3,22.00,465.74,352.02
12060.00,W2C_0,37.00,457.64,324.90
12060.00,W2C_1,66.00,474.97,354.24
12060.00,W2C_2,95.00,478.10,360.75
12060.00,W2C_3,65.00,468.82,362.64
12120.00,E2C_2,1.00,5.55,5.55
12120.00,E2C_3,12.00,89.38,94.07
12120.00,N2C_0,90.00,289.57,296.72
12120.00,N2C_1,61.00,253.95,327.40
12120.00,N2C_2,92.00,472.75,362.82
12120.00,N2C_3,64.00,465.45,362.90
12120.00,S2C_0,30.00,23.50,23.50
12120.00,S2C_1,24.00,23.20,23.20
12120.00,S2C_2,52.00,14.20,14.20
12120.00,S2C_3,0.00,0.00,2.47
12120.00,W2C_0,62.00,384.15,361.55
12120.00,W2C_1,28.00,471.69,362.77
12120.00,W2C_2,63.00,473.90,363.74
12120.00,W2C_3,37.00,464.93,361.68
12180.00,E2C_0,0.00,0.00,3.31
12180.00,E2C_1,50.00,20.40,27.48
12180.00,E2C_2,36.00,31.20,31.20
12180.00,E2C_3,63.00,111.42,111.42
12180.00,N2C_0,10.00,312.42,352.16
12180.00,N2C_1,18.00,465.10,332.58
12180.00,N2C_2,152.00,469.63,364.33
12180.00,N2C_3,51.00,462.02,361.96
12180.00,S2C_1,2.00,5.51,5.51
12180.00,W2C_0,67.00,469.30,337.39
12180.00,W2C_1,62.00,476.38,359.73
12180.00,W2C_2,83.00,470.86,363.57
12180.00,W2C_3,63.00,462.18,360.90
12240.00,E2C_0,3.00,3.21,3.21
12240.00,E2C_3,3.00,5.50,5.50
12240.00,N2C_0,66.00,434.47,363.85
12240.00,N2C_1,61.00,443.07,365.34
12240.00,N2C_2,212.00,463.16,366.21
12240.00,N2C_3,57.00,465.49,361.93
12240.00,S2C_0,18.00,24.21,24.21
12240.00,S2C_1,36.00,12.50,12.50
12240.00,S2C_2,12.00,15.70,15.70
12240.00,S2C_3,27.00,6.40,6.40
12240.00,W2C_0,127.00,478.81,337.81
12240.00,W2C_1,63.00,420.25,364.51
12240.00,W2C_2,78.00,465.82,362.03
12240.00,W2C_3,51.00,470.57,362.33
12300.00,E2C_0,38.00,19.81,19.81
12300.00,E2C_1,30.00,10.90,10.90
12300.00,E2C_2,32.00,13.40,13.40
12300.00,E2C_3,50.00,10.00,10.00
12300.00,N2C_0,39.00,473.50,275.95
12300.00,N2C_1,7.00,474.15,348.52
12300.00,N2C_2,112.00,474.06,351.96
12300.00,N2C_3,32.00,469.15,361.38
12300.00,W2C_0,187.00,478.38,361.60
12300.00,W2C_1,118.00,354.89,362.14
12300.00,W2C_2,109.00,457.09,361.96
12300.00,W2C_3,59.00,461.48,365.52
12360.00,:Center_7_0,0.00,0.00,11.19
12360.00,E2C_3,33.00,22.75,22.75
12360.00,N2C_0,60.00,386.68,279.77
12360.00,N2C_1,62.00,476.76,373.36
12360.00,N2C_2,71.00,474.66,364.08
12360.00,N2C_3,65.00,469.92,365.43
12360.00,S2C_0,14.00,14.20,14.20
12360.00,S2C_1,36.00,15.70,15.70
12360.00,S2C_2,43.00,21.23,21.23
12360.00,S2C_3,30.00,10.40,10.40
12360.00,W2C_0,46.00,480.63,363.26
12360.00,W2C_1,27.00,467.89,365.40
12360.00,W2C_2,40.00,473.41,365.39
12360.00,W2C_3,25.00,464.99,363.82
12420.00,:Center_3_0,0.00,0.00,12.96
12420.00,E2C_1,33.00,15.50,15.50
12420.00,E2C_2,27.00,13.60,13.60
12420.00,E2C_3,51.00,27.01,30.35
12420.00,N2C_0,38.00,432.19,360.01
12420.00,N2C_1,17.00,477.71,363.08
12420.00,N2C_2,56.00,465.57,361.50
12420.00,N2C_3,52.00,473.05,361.04
12420.00,S2C_3,5.00,12.86,12.86
12420.00,W2C_0,40.00,364.87,364.87
12420.00,W2C_1,58.00,478.81,351.71
12420.00,W2C_2,59.00,477.68,361.51
12420.00,W2C_3,63.00,474.48,360.10
12480.00,E2C_3,36.00,19.15,26.19
12480.00,N2C_0,60.00,301.74,301.74
12480.00,N2C_1,60.00,448.54,363.25
12480.00,N2C_2,78.00,481.47,364.18
12480.00,N2C_3,62.00,430.75,363.40
12480.00,S2C_1,38.00,22.60,22.60
12480.00,S2C_2,46.00,26.50,26.50
12480.00,S2C_3,56.00,21.91,25.26
12480.00,W2C_0,1.00,428.80,297.94
12480.00,W2C_1,11.00,481.74,357.45
12480.00,W2C_2,41.00,475.31,361.70
12480.00,W2C_3,47.00,442.75,363.95
12540.00,:Center_7_0,56.00,8.10,8.10
12540.00,E2C_0,11.00,8.50,8.50
12540.00,E2C_1,26.00,14.70,14.70
12540.00,E2C_2,15.00,6.40,9.63
12540.00,E2C_3,52.00,33.81,33.81
12540.00,N2C_0,51.00,380.17,365.96
12540.00,N2C_1,58.00,463.52,363.84
12540.00,N2C_2,138.00,472.91,362.77
12540.00,N2C_3,24.00,463.83,364.95
12540.00,W2C_0,40.00,199.11,199.11
12540.00,W2C_1,59.00,221.03,321.17
12540.00,W2C_2,58.00,426.55,366.63
12540.00,W2C_3,65.00,455.51,364.50
12600.00,:Center_7_0,0.00,0.00,12.13
12600.00,E2C_3,52.00,35.55,35.55
12600.00,N2C_0,105.00,476.39,368.24
12600.00,N2C_1,118.00,475.32,355.18
12600.00,N2C_2,198.00,478.67,361.98
12600.00,N2C_3,72.00,467.81,364.52
12600.00,S2C_1,43.00,13.41,13.41
12600.00,S2C_2,28.00,17.40,17.40
12600.00,S2C_3,26.00,37.01,37.01
12600.00,W2C_0,14.00,240.33,240.33
12600.00,W2C_1,1.00,306.51,365.75
12600.00,W2C_2,71.00,435.63,362.38
12600.00,W2C_3,27.00,467.10,361.98
12660.00,:Center_3_0,0.00,0.00,12.97
12660.00,E2C_0,52.00,21.90,25.11
12660.00,E2C_1,14.00,7.20,7.20
12660.00,E2C_2,0.00,0.00,4.66
12660.00,E2C_3,58.00,40.81,40.81
12660.00,N2C_0,45.00,476.16,234.99
12660.00,N2C_1,19.00,445.72,363.86
12660.00,N2C_2,55.00,468.65,361.70
12660.00,N2C_3,18.00,457.48,359.57
12660.00,S2C_3,49.00,29.15,32.36
12660.00,W2C_0,65.00,243.72,250.73
12660.00,W2C_1,57.00,481.69,365.75
12660.00,W2C_2,79.00,472.59,366.18
12660.00,W2C_3,61.00,465.40,365.01
12720.00,E2C_2,5.00,5.50,5.50
12720.00,E2C_3,34.00,36.15,36.15
12720.00,N2C_0,62.00,368.14,361.02
12720.00,N2C_1,59.00,433.99,373.13
12720.00,N2C_2,63.00,448.48,369.44
12720.00,N2C_3,58.00,465.44,364.55
12720.00,S2C_0,0.00,0.00,3.23
12720.00,S2C_1,44.00,13.20,13.20
12720.00,S2C_2,41.00,17.20,17.20
12720.00,S2C_3,55.00,35.51,35.51
12720.00,W2C_0,4.00,16.01,278.30
12720.00,W2C_1,6.00,396.24,332.17
12720.00,W2C_2,42.00,469.31,361.55
12720.00,W2C_3,46.00,460.86,363.11
12780.00,E2C_0,3.00,10.00,10.00
12780.00,E2C_1,43.00,18.90,18.90
12780.00,E2C_2,36.00,17.00,17.00
12780.00,E2C_3,63.00,45.71,45.71
12780.00,N2C_0,3.00,468.42,279.87
12780.00,N2C_1,8.00,473.99,365.16
12780.00,N2C_2,37.00,458.56,361.56
12780.00,N2C_3,29.00,459.51,362.61
12780.00,S2C_0,1.00,3.22,3.22
12780.00,S2C_3,51.00,28.95,28.95
12780.00,W2C_0,61.00,355.82,355.82
12780.00,W2C_1,63.00,462.94,360.48
12780.00,W2C_2,60.00,460.80,362.63
12780.00,W2C_3,53.00,452.05,365.23
12840.00,E2C_3,52.00,44.85,44.85
12840.00,N2C_0,47.00,458.96,340.25
12840.00,N2C_1,57.00,406.41,366.77
12840.00,N2C_2,91.00,459.95,363.83
12840.00,N2C_3,60.00,455.32,362.99
12840.00,S2C_0,56.00,14.70,14.70
12840.00,S2C_1,18.00,11.00,11.00
12840.00,S2C_2,30.00,25.10,25.10
12840.00,S2C_3,110.00,33.45,33.45
12840.00,W2C_0,12.00,207.66,207.66
12840.00,W2C_1,16.00,426.94,362.05
12840.00,W2C_2,64.00,468.74,360.35
12840.00,W2C_3,23.00,434.93,361.63
12900.00,E2C_0,18.00,10.20,10.20
12900.00,E2C_1,42.00,15.50,15.50
12900.00,E2C_2,43.00,14.70,14.70
12900.00,E2C_3,109.00,56.36,56.36
12900.00,N2C_1,5.00,368.73,359.78
12900.00,N2C_2,40.00,453.08,361.92
12900.00,N2C_3,56.00,453.06,360.41
12900.00,S2C_3,41.00,30.95,30.95
12900.00,W2C_0,45.00,334.19,353.20
12900.00,W2C_1,60.00,429.14,318.94
12900.00,W2C_2,88.00,461.54,357.06
12900.00,W2C_3,64.00,464.83,362.49
12960.00,E2C_3,46.00,53.86,53.86
12960.00,N2C_0,49.00,93.01,97.52
12960.00,N2C_1,64.00,459.50,340.70
12960.00,N2C_2,72.00,463.96,364.10
12960.00,N2C_3,62.00,468.56,361.84
12960.00,S2C_1,36.00,12.80,12.80
12960.00,S2C_2,19.00,17.20,17.20
12960.00,S2C_3,58.00,42.91,42.91
12960.00,W2C_0,5.00,481.91,319.60
12960.00,W2C_1,10.00,469.64,360.55
12960.00,W2C_2,53.00,468.41,364.62
12960.00,W2C_3,28.00,468.56,361.29
13020.00,E2C_0,45.00,10.90,10.90
13020.00,E2C_1,30.00,17.40,17.40
13020.00,E2C_2,13.00,6.40,6.40
13020.00,E2C_3,58.00,67.02,67.02
13020.00,N2C_0,109.00,197.10,197.10
13020.00,N2C_1,124.00,432.75,287.66
13020.00,N2C_2,132.00,469.77,362.21
13020.00,N2C_3,38.00,459.31,365.09
13020.00,W2C_0,25.00,239.09,243.62
13020.00,W2C_1,60.00,458.49,360.61
13020.00,W2C_2,104.00,478.47,364.62
13020.00,W2C_3,62.00,467.22,359.89
13080.00,E2C_0,0.00,0.00,3.87
13080.00,E2C_3,42.00,59.75,59.75
13080.00,N2C_0,169.00,481.97,240.63
13080.00,N2C_1,184.00,467.63,361.88
13080.00,N2C_2,192.00,473.49,360.48
13080.00,N2C_3,61.00,468.93,362.03
13080.00,S2C_1,19.00,23.20,23.20
13080.00,S2C_2,47.00,24.91,24.91
13080.00,S2C_3,0.00,0.00,4.94
13080.00,W2C_0,18.00,195.38,198.62
13080.00,W2C_1,19.00,464.33,363.61
13080.00,W2C_2,56.00,426.17,366.50
13080.00,W2C_3,44.00,464.04,365.61
13140.00,E2C_0,51.00,17.40,28.41
13140.00,E2C_1,10.00,7.20,7.20
13140.00,E2C_2,22.00,10.20,10.20
13140.00,E2C_3,55.00,80.61,80.61
13140.00,N2C_0,44.00,471.59,344.95
13140.00,N2C_1,47.00,401.99,362.60
13140.00,N2C_2,67.00,474.88,364.17
13140.00,N2C_3,51.00,472.32,361.90
13140.00,S2C_1,0.00,0.00,3.83
13140.00,S2C_3,0.00,0.00,7.55
13140.00,W2C_0,34.00,323.88,323.88
13140.00,W2C_1,77.00,441.54,365.98
13140.00,W2C_2,116.00,459.63,366.49
13140.00,W2C_3,62.00,459.54,362.83
13200.00,E2C_3,49.00,66.35,66.35
13200.00,N2C_0,94.00,425.78,362.27
13200.00,N2C_1,62.00,442.24,364.49
13200.00,N2C_2,78.00,476.88,361.96
13200.00,N2C_3,104.00,478.20,362.84
13200.00,S2C_0,33.00,9.60,9.60
13200.00,S2C_1,47.00,12.83,12.83
13200.00,S2C_2,14.00,19.70,19.70
13200.00,S2C_3,56.00,20.40,20.40
13200.00,W2C_0,59.00,479.68,361.77
13200.00,W2C_1,8.00,463.26,361.99
13200.00,W2C_2,47.00,479.33,363.68
13200.00,W2C_3,85.00,459.54,363.87
13260.00,E2C_1,43.00,27.00,34.25
13260.00,E2C_2,46.00,32.70,32.70
13260.00,E2C_3,107.00,76.56,76.56
13260.00,N2C_0,37.00,479.59,366.74
13260.00,N2C_1,13.00,476.09,366.49
13260.00,N2C_2,42.00,475.83,366.65
13260.00,N2C_3,39.00,472.69,364.56
13260.00,S2C_1,0.00,0.00,3.28
13260.00,S2C_2,0.00,0.00,3.91
13260.00,S2C_3,6.00,15.71,15.71
13260.00,W2C_0,61.00,479.41,315.51
13260.00,W2C_1,58.00,467.47,361.57
13260.00,W2C_2,68.00,457.52,363.68
13260.00,W2C_3,72.00,460.71,361.31
13320.00,E2C_3,44.00,69.65,69.65
13320.00,N2C_0,62.00,463.59,365.03
13320.00,N2C_1,60.00,469.59,366.79
13320.00,N2C_2,65.00,473.77,363.32
13320.00,N2C_3,63.00,470.58,361.07
13320.00,S2C_1,36.00,22.41,22.41
13320.00,S2C_2,35.00,23.61,23.61
13320.00,S2C_3,63.00,22.11,22.11
13320.00,W2C_0,6.00,383.67,31.59
13320.00,W2C_1,6.00,387.69,361.20
13320.00,W2C_2,114.00,474.39,370.78
13320.00,W2C_3,107.00,475.41,361.78
13380.00,E2C_0,17.00,6.40,6.40
13380.00,E2C_1,35.00,10.90,10.90
13380.00,E2C_2,30.00,13.20,13.20
13380.00,E2C_3,56.00,74.41,74.41
13380.00,N2C_0,14.00,472.76,0.00
13380.00,N2C_1,18.00,415.44,360.80
13380.00,N2C_2,57.00,457.42,362.23
13380.00,N2C_3,34.00,471.01,364.34
13380.00,S2C_2,4.00,3.28,3.28
13380.00,S2C_3,2.00,3.21,17.73
13380.00,W2C_0,43.00,458.68,231.48
13380.00,W2C_1,63.00,439.90,361.73
13380.00,W2C_2,78.00,476.59,370.78
13380.00,W2C_3,62.00,469.62,361.80
13440.00,E2C_1,3.00,3.22,3.22
13440.00,E2C_2,0.00,0.00,3.83
13440.00,E2C_3,44.00,70.35,70.35
13440.00,N2C_0,57.00,117.58,117.58
13440.00,N2C_1,62.00,310.37,350.89
13440.00,N2C_2,103.00,463.83,362.22
13440.00,N2C_3,65.00,472.68,363.68
13440.00,S2C_0,30.00,9.60,9.60
13440.00,S2C_1,29.00,6.40,10.66
13440.00,S2C_2,16.00,10.28,10.28
13440.00,S2C_3,59.00,23.01,23.01
13440.00,W2C_0,20.00,267.49,278.54
13440.00,W2C_1,8.00,456.65,361.69
13440.00,W2C_2,20.00,458.50,359.63
13440.00,W2C_3,40.00,465.92,363.99
13500.00,:Center_7_0,59.00,4.60,4.60
13500.00,E2C_0,3.00,14.20,14.20
13500.00,E2C_1,46.00,9.60,9.60
13500.00,E2C_2,39.00,13.43,13.43
13500.00,E2C_3,57.00,86.82,86.82
13500.00,N2C_0,117.00,167.25,174.25
13500.00,N2C_1,110.00,301.10,356.78
13500.00,N2C_2,38.00,441.74,364.22
13500.00,N2C_3,63.00,460.20,363.15
13500.00,S2C_2,3.00,5.50,5.50
13500.00,W2C_0,80.00,352.33,355.57
13500.00,W2C_1,58.00,481.96,363.69
13500.00,W2C_2,62.00,465.14,363.27
13500.00,W2C_3,58.00,469.74,361.88
13560.00,E2C_3,49.00,85.97,85.97
13560.00,N2C_0,177.00,227.66,227.66
13560.00,N2C_1,170.00,441.32,369.03
13560.00,N2C_2,74.00,463.33,362.44
13560.00,N2C_3,63.00,472.27,366.80
13560.00,S2C_0,45.00,14.20,14.20
13560.00,S2C_1,17.00,13.20,13.20
13560.00,S2C_2,23.00,12.50,23.70
13560.00,S2C_3,30.00,18.70,18.70
13560.00,W2C_0,40.00,445.83,176.97
13560.00,W2C_1,21.00,473.88,362.03
13560.00,W2C_2,37.00,459.55,360.30
13560.00,W2C_3,49.00,429.81,361.95
13620.00,E2C_0,18.00,6.40,6.40
13620.00,E2C_1,31.00,16.64,16.64
13620.00,E2C_2,17.00,10.20,10.20
13620.00,E2C_3,56.00,94.72,98.12
13620.00,N2C_0,42.00,299.61,299.61
13620.00,N2C_1,26.00,479.16,361.01
13620.00,N2C_2,67.00,475.86,364.55
13620.00,N2C_3,31.00,466.26,362.81
13620.00,S2C_3,0.00,0.00,22.17
13620.00,W2C_0,100.00,147.83,151.65
13620.00,W2C_1,64.00,310.01,345.48
13620.00,W2C_2,86.00,460.19,363.05
13620.00,W2C_3,65.00,468.03,362.75
13680.00,E2C_3,42.00,86.86,86.86
13680.00,N2C_0,41.00,424.13,360.82
13680.00,N2C_1,61.00,476.89,362.33
13680.00,N2C_2,121.00,479.06,364.48
13680.00,N2C_3,62.00,463.76,364.57
13680.00,S2C_1,18.00,19.50,19.50
13680.00,S2C_2,33.00,10.20,10.20
13680.00,S2C_3,55.00,48.71,48.71
13680.00,W2C_0,144.00,307.67,307.67
13680.00,W2C_1,160.00,435.14,337.24
13680.00,W2C_2,55.00,467.91,335.83
13680.00,W2C_3,146.00,474.10,366.52
13740.00,E2C_0,0.00,0.00,17.61
13740.00,E2C_1,34.00,25.70,25.70
13740.00,E2C_2,37.00,21.91,21.91
13740.00,E2C_3,58.00,88.12,88.12
13740.00,N2C_0,43.00,469.56,164.26
13740.00,N2C_1,14.00,258.79,286.23
13740.00,N2C_2,181.00,468.59,361.43
13740.00,N2C_3,34.00,465.39,359.98
13740.00,S2C_3,42.00,56.95,56.95
13740.00,W2C_0,60.00,465.57,254.23
13740.00,W2C_1,73.00,420.84,336.92
13740.00,W2C_2,112.00,475.61,353.87
13740.00,W2C_3,60.00,472.51,364.01
13800.00,E2C_0,0.00,0.00,3.22
13800.00,E2C_2,37.00,9.25,9.25
13800.00,E2C_3,44.00,73.86,73.86
13800.00,N2C_0,59.00,120.11,120.11
13800.00,N2C_1,59.00,425.79,357.39
13800.00,N2C_2,241.00,473.14,361.97
13800.00,N2C_3,61.00,456.37,361.95
13800.00,S2C_0,31.00,10.90,10.90
13800.00,S2C_1,26.00,19.51,19.51
13800.00,S2C_2,14.00,8.70,13.31
13800.00,S2C_3,58.00,56.71,56.71
13800.00,W2C_0,11.00,326.39,329.69
13800.00,W2C_1,20.00,438.57,361.06
13800.00,W2C_2,151.00,472.89,360.73
13800.00,W2C_3,45.00,464.07,362.74
13860.00,E2C_0,57.00,26.91,26.91
13860.00,E2C_1,38.00,11.70,11.70
13860.00,E2C_2,59.00,8.22,8.22
13860.00,E2C_3,57.00,77.42,77.42
13860.00,N2C_0,14.00,235.97,235.97
13860.00,N2C_1,13.00,464.17,363.10
13860.00,N2C_2,85.00,474.47,346.60
13860.00,N2C_3,60.00,465.27,363.61
13860.00,S2C_0,5.00,4.86,4.86
13860.00,S2C_1,1.00,5.52,5.52
13860.00,S2C_3,52.00,49.45,49.45
13860.00,W2C_0,61.00,482.57,364.03
13860.00,W2C_1,59.00,422.67,353.83
13860.00,W2C_2,211.00,477.25,371.62
13860.00,W2C_3,60.00,472.00,361.30
13920.00,E2C_3,41.00,82.96,82.96
13920.00,N2C_0,52.00,344.09,351.16
13920.00,N2C_1,62.00,346.09,356.88
13920.00,N2C_2,85.00,446.77,365.65
13920.00,N2C_3,64.00,462.92,363.33
13920.00,S2C_1,47.00,25.31,25.31
13920.00,S2C_2,25.00,26.46,26.46
13920.00,S2C_3,110.00,53.95,53.95
13920.00,W2C_0,13.00,200.10,200.10
13920.00,W2C_1,17.00,467.65,366.58
13920.00,W2C_2,20.00,478.91,313.80
13920.00,W2C_3,53.00,463.95,362.78
13980.00,E2C_0,0.00,0.00,9.31
13980.00,E2C_1,35.00,10.40,10.40
13980.00,E2C_2,20.00,13.21,13.21
13980.00,E2C_3,54.00,84.92,84.92
13980.00,N2C_0,5.00,483.05,166.44
13980.00,N2C_1,15.00,418.64,364.30
13980.00,N2C_2,64.00,473.36,360.59
13980.00,N2C_3,34.00,466.71,366.65
13980.00,S2C_3,5.00,20.51,50.05
13980.00,W2C_0,24.00,298.77,298.77
13980.00,W2C_1,57.00,460.29,346.87
13980.00,W2C_2,63.00,474.72,349.82
13980.00,W2C_3,70.00,464.89,360.06
14040.00,E2C_0,3.00,5.50,5.50
14040.00,E2C_2,0.00,0.00,5.74
14040.00,E2C_3,32.00,70.66,70.66
14040.00,N2C_0,30.00,425.32,239.70
14040.00,N2C_1,55.00,473.05,352.37
14040.00,N2C_2,72.00,474.46,364.57
14040.00,N2C_3,62.00,475.26,363.77
14040.00,S2C_0,6.00,15.70,15.70
14040.00,S2C_1,30.00,17.50,17.50
14040.00,S2C_2,34.00,18.70,18.70
14040.00,S2C_3,62.00,58.81,58.81
14040.00,W2C_0,35.00,412.32,346.42
14040.00,W2C_1,51.00,469.52,363.62
14040.00,W2C_2,38.00,471.22,343.05
14040.00,W2C_3,44.00,452.15,363.73
14100.00,E2C_0,37.00,17.00,17.00
14100.00,E2C_1,20.00,16.40,16.40
14100.00,E2C_2,30.00,14.20,14.20
14100.00,E2C_3,59.00,70.02,70.02
14100.00,N2C_0,25.00,471.55,171.61
14100.00,N2C_1,6.00,475.17,295.48
14100.00,N2C_2,37.00,469.15,361.07
14100.00,N2C_3,62.00,447.49,360.69
14100.00,S2C_2,2.00,5.50,5.50
14100.00,S2C_3,40.00,55.45,55.45
14100.00,W2C_0,55.00,476.18,228.47
14100.00,W2C_1,49.00,424.69,363.78
14100.00,W2C_2,90.00,479.69,362.96
14100.00,W2C_3,65.00,444.31,364.05
14160.00,:Center_7_0,0.00,0.00,8.43
14160.00,E2C_3,49.00,58.96,58.96
14160.00,N2C_0,48.00,77.72,82.29
14160.00,N2C_1,58.00,387.96,363.02
14160.00,N2C_2,53.00,476.39,356.12
14160.00,N2C_3,66.00,469.42,361.09
14160.00,S2C_0,37.00,11.00,11.00
14160.00,S2C_1,27.00,10.20,10.20
14160.00,S2C_2,3.00,8.71,8.71
14160.00,S2C_3,62.00,80.42,80.42
14160.00,W2C_0,13.00,276.10,283.11
14160.00,W2C_1,14.00,478.07,365.26
14160.00,W2C_2,93.00,475.32,364.07
14160.00,W2C_3,31.00,467.94,363.98
14220.00,E2C_0,38.00,24.40,24.40
14220.00,E2C_1,20.00,12.50,12.50
14220.00,E2C_2,29.00,11.70,18.85
14220.00,E2C_3,108.00,62.16,62.16
14220.00,N2C_0,26.00,163.96,163.96
14220.00,N2C_1,30.00,454.86,318.97
14220.00,N2C_2,80.00,473.22,371.63
14220.00,N2C_3,28.00,424.33,361.30
14220.00,S2C_2,3.00,3.20,3.20
14220.00,S2C_3,41.00,69.36,69.36
14220.00,W2C_0,51.00,406.47,363.16
14220.00,W2C_1,55.00,399.62,357.71
14220.00,W2C_2,50.00,466.30,361.66
14220.00,W2C_3,55.00,458.73,363.73
14280.00,E2C_2,8.00,2.20,2.20
14280.00,E2C_3,3.00,3.20,55.15
14280.00,N2C_0,31.00,73.90,73.90
14280.00,N2C_1,56.00,476.67,360.35
14280.00,N2C_2,117.00,473.58,371.63
14280.00,N2C_3,72.00,470.03,362.89
14280.00,S2C_0,42.00,15.10,15.10
14280.00,S2C_1,11.00,6.40,6.40
14280.00,S2C_2,20.00,6.40,6.40
14280.00,S2C_3,59.00,80.82,80.82
14280.00,W2C_0,39.00,402.46,364.84
14280.00,W2C_1,31.00,420.50,351.69
14280.00,W2C_2,31.00,446.97,365.64
14280.00,W2C_3,77.00,471.59,363.66
14340.00,E2C_0,17.00,15.71,15.71
14340.00,E2C_1,51.00,24.00,24.00
14340.00,E2C_2,68.00,23.40,23.40
14340.00,E2C_3,60.00,44.91,44.91
14340.00,N2C_0,11.00,199.62,210.58
14340.00,N2C_1,14.00,462.58,346.84
14340.00,N2C_2,177.00,446.08,371.63
14340.00,N2C_3,59.00,468.94,363.38
14340.00,S2C_2,36.00,8.12,8.12
14340.00,S2C_3,38.00,90.96,90.96
14340.00,W2C_0,27.00,480.85,365.02
14340.00,W2C_1,91.00,479.76,365.14
14340.00,W2C_2,78.00,474.69,364.35
14340.00,W2C_3,61.00,473.51,361.51
14400.00,N2C_0,60.00,290.45,290.45
14400.00,N2C_1,62.00,388.95,363.91
14400.00,N2C_2,61.00,460.31,361.97
14400.00,N2C_3,63.00,470.20,361.73
14400.00,S2C_0,42.00,27.40,27.40
14400.00,S2C_1,50.00,20.60,20.60
14400.00,S2C_2,96.00,22.84,22.84
14400.00,S2C_3,64.00,100.52,100.52
14400.00,W2C_0,44.00,480.52,370.27
14400.00,W2C_1,56.00,474.92,353.78
14400.00,W2C_2,46.00,473.22,367.32
14400.00,W2C_3,58.00,472.11,362.72
14460.00,E2C_0,15.00,17.90,17.90
14460.00,E2C_1,44.00,14.90,14.90
14460.00,E2C_2,27.00,16.20,16.20
14460.00,N2C_0,18.00,281.67,281.67
14460.00,N2C_1,4.00,475.92,330.20
14460.00,N2C_2,54.00,468.46,363.84
14460.00,N2C_3,30.00,475.55,362.98
14460.00,S2C_1,2.00,3.20,3.20
14460.00,S2C_2,54.00,22.95,22.95
14460.00,S2C_3,42.00,94.56,94.56
14460.00,W2C_0,62.00,432.20,237.53
14460.00,W2C_1,22.00,454.28,362.91
14460.00,W2C_2,83.00,471.27,367.21
14460.00,W2C_3,56.00,472.24,362.71
14520.00,E2C_2,0.00,0.00,5.64
14520.00,E2C_3,5.00,16.00,16.00
14520.00,N2C_0,60.00,415.33,176.31
14520.00,N2C_1,60.00,473.34,364.56
14520.00,N2C_2,74.00,470.14,361.50
14520.00,N2C_3,52.00,476.74,355.22
14520.00,S2C_0,34.00,7.70,7.70
14520.00,S2C_1,40.00,14.10,24.52
14520.00,S2C_2,114.00,22.08,22.08
14520.00,S2C_3,57.00,93.72,93.72
14520.00,W2C_0,31.00,479.58,364.30
14520.00,W2C_1,12.00,482.53,362.38
14520.00,W2C_2,143.00,478.15,364.66
14520.00,W2C_3,14.00,447.52,363.29
14580.00,E2C_0,33.00,20.60,20.60
14580.00,E2C_1,33.00,11.00,11.00
14580.00,E2C_2,16.00,8.70,8.70
14580.00,E2C_3,63.00,26.39,26.39
14580.00,N2C_0,22.00,185.86,185.86
14580.00,N2C_1,8.00,471.61,343.97
14580.00,N2C_2,113.00,478.66,362.25
14580.00,N2C_3,41.00,470.71,363.05
14580.00,S2C_3,32.00,104.56,104.56
14580.00,W2C_0,33.00,409.72,34.07
14580.00,W2C_1,62.00,455.77,365.12
14580.00,W2C_2,203.00,475.14,361.13
14580.00,W2C_3,65.00,466.47,362.84
14640.00,E2C_3,39.00,29.15,29.15
14640.00,N2C_0,82.00,141.24,243.45
14640.00,N2C_1,59.00,445.18,363.17
14640.00,N2C_2,173.00,465.37,362.25
14640.00,N2C_3,79.00,469.17,363.05
14640.00,S2C_0,51.00,29.71,29.71
14640.00,S2C_3,62.00,137.22,137.22
14640.00,W2C_0,3.00,287.44,303.88
14640.00,W2C_1,26.00,394.78,349.87
14640.00,W2C_2,263.00,464.43,351.78
14640.00,W2C_3,61.00,461.40,362.76
14700.00,E2C_0,51.00,7.20,10.42
14700.00,E2C_1,40.00,13.40,13.40
14700.00,E2C_2,15.00,12.20,12.20
14700.00,E2C_3,59.00,50.31,50.31
14700.00,N2C_0,29.00,326.88,326.88
14700.00,N2C_1,12.00,393.09,364.22
14700.00,N2C_2,28.00,472.89,368.40
14700.00,N2C_3,33.00,428.74,362.37
14700.00,S2C_2,1.00,3.20,3.20
14700.00,S2C_3,45.00,150.66,157.77
14700.00,W2C_0,42.00,482.19,373.25
14700.00,W2C_1,31.00,427.24,362.89
14700.00,W2C_2,260.00,474.23,365.75
14700.00,W2C_3,61.00,464.28,360.83
14760.00,E2C_3,51.00,36.05,36.05
14760.00,N2C_0,62.00,416.74,362.97
14760.00,N2C_1,61.00,477.77,363.62
14760.00,N2C_2,71.00,462.41,366.07
14760.00,N2C_3,62.00,473.63,365.87
14760.00,S2C_0,13.00,8.70,8.70
14760.00,S2C_1,34.00,18.70,18.70
14760.00,S2C_2,22.00,17.20,17.20
14760.00,S2C_3,52.00,150.92,150.92
14760.00,W2C_0,5.00,483.02,127.52
14760.00,W2C_1,18.00,429.50,362.09
14760.00,W2C_2,69.00,476.25,364.72
14760.00,W2C_3,59.00,452.27,360.57
14820.00,E2C_0,23.00,11.00,11.00
14820.00,E2C_1,38.00,13.40,13.40
14820.00,E2C_2,23.00,14.28,14.28
14820.00,E2C_3,108.00,40.55,40.55
14820.00,N2C_0,9.00,474.04,227.46
14820.00,N2C_1,79.00,315.94,337.15
14820.00,N2C_2,87.00,472.80,362.98
14820.00,N2C_3,17.00,449.44,360.56
14820.00,S2C_2,0.00,0.00,3.30
14820.00,S2C_3,45.00,158.57,158.57
14820.00,W2C_0,63.00,481.52,215.78
14820.00,W2C_1,63.00,472.74,353.78
14820.00,W2C_2,85.00,468.96,364.24
14820.00,W2C_3,62.00,461.37,362.31
14880.00,E2C_2,1.00,5.54,5.54
14880.00,N2C_0,64.00,416.95,57.21
14880.00,N2C_1,64.00,461.47,345.44
14880.00,N2C_2,147.00,476.71,362.98
14880.00,N2C_3,65.00,479.41,363.01
14880.00,S2C_0,9.00,12.50,12.50
14880.00,S2C_1,35.00,13.40,13.40
14880.00,S2C_2,22.00,9.60,13.44
14880.00,S2C_3,104.00,163.07,166.70
14880.00,W2C_0,22.00,438.51,276.76
14880.00,W2C_1,66.00,479.10,337.44
14880.00,W2C_2,57.00,469.46,364.18
14880.00,W2C_3,58.00,438.04,363.50
14940.00,E2C_0,21.00,11.90,11.90
14940.00,E2C_1,19.00,12.50,12.50
14940.00,E2C_2,5.00,15.70,15.70
14940.00,E2C_3,41.00,34.70,34.70
14940.00,N2C_0,16.00,476.58,166.19
14940.00,N2C_1,36.00,467.21,359.36
14940.00,N2C_2,172.00,476.32,362.98
14940.00,N2C_3,47.00,418.62,363.03
14940.00,S2C_0,1.00,4.04,4.04
14940.00,S2C_2,16.00,11.59,11.59
14940.00,S2C_3,14.00,68.23,149.93
14940.00,W2C_0,35.00,395.07,366.02
14940.00,W2C_1,24.00,380.71,374.26
14940.00,W2C_2,78.00,480.46,364.18
14940.00,W2C_3,57.00,471.56,363.02
15000.00,E2C_2,0.00,0.00,3.27
15000.00,N2C_0,23.00,112.83,116.09
15000.00,N2C_1,53.00,234.35,361.54
15000.00,N2C_2,67.00,467.30,362.84
15000.00,N2C_3,61.00,473.54,364.50
15000.00,S2C_0,28.00,19.50,19.50
15000.00,S2C_1,43.00,18.11,18.11
15000.00,S2C_2,76.00,14.79,14.79
15000.00,S2C_3,70.00,154.87,154.87
15000.00,W2C_0,73.00,467.06,304.33
15000.00,W2C_1,84.00,475.37,360.67
15000.00,W2C_2,42.00,472.18,365.70
15000.00,W2C_3,47.00,468.91,361.88
15060.00,E2C_0,0.00,0.00,2.35
15060.00,E2C_1,45.00,22.70,22.70
15060.00,E2C_2,53.00,31.41,31.41
15060.00,N2C_0,33.00,456.89,133.12
15060.00,N2C_1,59.00,429.83,263.32
15060.00,N2C_2,57.00,470.54,366.71
15060.00,N2C_3,51.00,415.80,364.13
15060.00,S2C_2,0.00,0.00,4.00
15060.00,S2C_3,4.00,20.00,161.00
15060.00,W2C_0,82.00,483.06,362.27
15060.00,W2C_1,44.00,389.99,362.03
15060.00,W2C_2,97.00,474.54,360.32
15060.00,W2C_3,64.00,474.47,362.98
15120.00,E2C_3,10.00,3.05,3.05
15120.00,N2C_0,93.00,469.10,309.49
15120.00,N2C_1,119.00,441.77,360.04
15120.00,N2C_2,117.00,459.91,365.57
15120.00,N2C_3,72.00,442.93,364.55
15120.00,S2C_0,46.00,6.40,6.40
15120.00,S2C_1,41.00,35.00,35.00
15120.00,S2C_2,37.00,36.64,36.64
15120.00,S2C_3,63.00,113.22,113.22
15120.00,W2C_0,24.00,464.98,334.42
15120.00,W2C_1,6.00,443.16,362.46
15120.00,W2C_2,47.00,474.77,362.20
15120.00,W2C_3,38.00,467.98,362.32
15180.00,E2C_0,56.00,58.01,58.01
15180.00,E2C_3,41.00,13.25,13.25
15180.00,N2C_0,111.00,383.68,365.60
15180.00,N2C_1,94.00,478.31,362.34
15180.00,N2C_2,109.00,475.31,359.54
15180.00,N2C_3,52.00,473.16,362.17
15180.00,S2C_3,10.00,4.98,4.98
15180.00,W2C_0,53.00,459.90,350.16
15180.00,W2C_1,60.00,466.76,366.65
15180.00,W2C_2,81.00,468.36,362.84
15180.00,W2C_3,65.00,469.87,361.49
15240.00,E2C_2,2.00,3.20,3.20
15240.00,E2C_3,5.00,10.01,10.01
15240.00,N2C_0,163.00,480.94,362.29
15240.00,N2C_1,61.00,473.24,364.87
15240.00,N2C_2,94.00,474.91,362.64
15240.00,N2C_3,60.00,470.88,366.25
15240.00,S2C_0,17.00,15.70,15.70
15240.00,S2C_1,47.00,17.90,17.90
15240.00,S2C_2,43.00,21.90,21.90
15240.00,W2C_0,7.00,482.23,69.00
15240.00,W2C_1,14.00,479.72,311.23
15240.00,W2C_2,48.00,477.68,362.78
15240.00,W2C_3,29.00,460.15,361.36
15300.00,E2C_1,37.00,13.41,13.41
15300.00,E2C_2,11.00,10.90,10.90
15300.00,E2C_3,63.00,34.41,34.41
15300.00,N2C_0,24.00,429.04,361.49
15300.00,N2C_1,18.00,474.17,357.47
15300.00,N2C_2,99.00,467.68,354.36
15300.00,N2C_3,51.00,465.63,363.37
15300.00,S2C_0,2.00,5.50,5.50
15300.00,S2C_2,3.00,4.01,4.01
15300.00,W2C_0,44.00,125.84,125.84
15300.00,W2C_1,53.00,452.84,360.42
15300.00,W2C_2,58.00,464.30,343.23
15300.00,W2C_3,63.00,467.09,362.71
15360.00,E2C_1,2.00,3.39,3.39
15360.00,E2C_3,0.00,0.00,19.64
15360.00,N2C_0,27.00,482.33,362.28
15360.00,N2C_1,59.00,478.17,363.00
15360.00,N2C_2,101.00,475.15,368.10
15360.00,N2C_3,63.00,465.08,363.73
15360.00,S2C_0,48.00,17.00,17.00
15360.00,S2C_1,41.00,16.50,20.30
15360.00,S2C_2,39.00,16.81,16.81
15360.00,S2C_3,23.00,17.50,17.50
15360.00,W2C_0,2.00,184.73,194.36
15360.00,W2C_1,23.00,317.90,317.90
15360.00,W2C_2,65.00,468.68,366.66
15360.00,W2C_3,35.00,462.78,363.43
15420.00,E2C_1,50.00,23.81,23.81
15420.00,E2C_2,28.00,21.90,21.90
15420.00,E2C_3,56.00,19.20,19.20
15420.00,N2C_0,64.00,447.96,118.86
15420.00,N2C_1,117.00,479.83,364.21
15420.00,N2C_2,64.00,469.51,365.27
15420.00,N2C_3,37.00,467.35,362.53
15420.00,S2C_3,48.00,10.24,10.24
15420.00,W2C_0,54.00,42.91,202.42
15420.00,W2C_1,60.00,339.93,366.68
15420.00,W2C_2,101.00,453.17,366.65
15420.00,W2C_3,57.00,450.49,363.48
15480.00,E2C_1,1.00,3.21,3.21
15480.00,E2C_2,1.00,5.52,5.52
15480.00,E2C_3,0.00,0.00,11.18
15480.00,N2C_0,60.00,481.19,365.14
15480.00,N2C_1,177.00,473.41,363.83
15480.00,N2C_2,124.00,476.72,363.92
15480.00,N2C_3,62.00,469.98,361.98
15480.00,S2C_1,41.00,29.11,29.11
15480.00,S2C_2,47.00,22.50,22.50
15480.00,S2C_3,85.00,25.74,25.74
15480.00,W2C_0,5.00,17.50,17.50
15480.00,W2C_1,8.00,232.95,327.06
15480.00,W2C_2,142.00,439.22,362.84
15480.00,W2C_3,30.00,454.21,362.90
15540.00,E2C_1,56.00,15.40,15.40
15540.00,E2C_2,29.00,18.90,18.90
15540.00,E2C_3,56.00,30.81,30.81
15540.00,N2C_0,13.00,146.13,146.13
15540.00,N2C_1,11.00,439.25,362.51
15540.00,N2C_2,37.00,468.25,366.55
15540.00,N2C_3,43.00,464.33,362.86
15540.00,S2C_1,0.00,0.00,3.82
15540.00,S2C_3,51.00,33.95,33.95
15540.00,W2C_0,62.00,98.69,98.69
15540.00,W2C_1,59.00,266.72,283.57
15540.00,W2C_2,66.00,422.99,358.50
15540.00,W2C_3,64.00,453.87,359.27
15600.00,E2C_3,12.00,27.37,27.37
15600.00,N2C_0,27.00,283.51,291.26
15600.00,N2C_1,52.00,463.85,358.53
15600.00,N2C_2,57.00,457.51,361.95
15600.00,N2C_3,63.00,437.39,362.00
15600.00,S2C_0,0.00,0.00,12.13
15600.00,S2C_1,47.00,26.40,26.40
15600.00,S2C_2,30.00,20.54,20.54
15600.00,S2C_3,107.00,37.15,37.15
15600.00,W2C_0,22.00,116.29,116.29
15600.00,W2C_1,13.00,248.60,248.60
15600.00,W2C_2,71.00,370.02,363.02
15600.00,W2C_3,45.00,451.87,362.01
15660.00,E2C_1,30.00,19.20,19.20
15660.00,E2C_2,39.00,16.60,20.01
15660.00,E2C_3,56.00,42.11,42.11
15660.00,N2C_0,20.00,391.16,363.89
15660.00,N2C_1,18.00,482.42,364.37
15660.00,N2C_2,52.00,474.57,361.69
15660.00,N2C_3,27.00,462.30,362.36
15660.00,S2C_0,1.00,9.01,9.01
15660.00,S2C_3,42.00,26.81,26.81
15660.00,W2C_0,40.00,111.45,115.21
15660.00,W2C_1,58.00,120.27,127.45
15660.00,W2C_2,57.00,325.91,325.91
15660.00,W2C_3,64.00,446.28,364.38
15720.00,E2C_3,46.00,41.25,41.25
15720.00,N2C_0,45.00,194.70,201.79
15720.00,N2C_1,57.00,461.07,351.22
15720.00,N2C_2,63.00,452.68,362.79
15720.00,N2C_3,62.00,453.92,363.92
15720.00,S2C_0,27.00,25.00,25.00
15720.00,S2C_1,17.00,20.00,20.00
15720.00,S2C_2,36.00,29.91,29.91
15720.00,S2C_3,102.00,42.11,42.11
15720.00,W2C_0,12.00,31.64,42.24
15720.00,W2C_1,9.00,248.46,248.46
15720.00,W2C_2,22.00,323.94,334.99
15720.00,W2C_3,23.00,383.62,361.58
15780.00,:Center_11_0,0.00,0.00,11.29
15780.00,E2C_0,35.00,15.40,15.40
15780.00,E2C_1,47.00,16.60,16.60
15780.00,E2C_2,20.00,58.07,58.07
15780.00,E2C_3,53.00,46.11,46.11
15780.00,N2C_0,5.00,133.23,136.57
15780.00,N2C_1,32.00,406.53,362.18
15780.00,N2C_2,75.00,451.80,362.35
15780.00,N2C_3,28.00,401.59,362.87
15780.00,W2C_0,72.00,52.01,52.01
15780.00,W2C_1,61.00,124.62,124.62
15780.00,W2C_2,69.00,294.51,294.51
15780.00,W2C_3,66.00,416.44,361.83
15840.00,E2C_2,21.00,34.18,34.18
15840.00,E2C_3,46.00,31.85,31.85
15840.00,N2C_0,63.00,231.14,231.14
15840.00,N2C_1,60.00,481.67,360.88
15840.00,N2C_2,68.00,471.54,362.84
15840.00,N2C_3,58.00,459.64,362.66
15840.00,S2C_0,0.00,0.00,8.08
15840.00,S2C_1,36.00,10.20,13.43
15840.00,S2C_2,18.00,10.20,10.20
15840.00,S2C_3,33.00,31.00,31.00
15840.00,W2C_1,10.00,157.23,157.23
15840.00,W2C_2,27.00,254.25,254.25
15840.00,W2C_3,12.00,327.18,360.33
15900.00,:Center_7_0,56.00,12.10,12.10
15900.00,E2C_1,44.00,28.11,43.76
15900.00,E2C_2,54.00,39.44,39.44
15900.00,E2C_3,53.00,30.61,30.61
15900.00,N2C_0,123.00,265.64,265.64
15900.00,N2C_1,59.00,407.58,362.27
15900.00,N2C_2,101.00,477.77,362.48
15900.00,N2C_3,31.00,450.93,363.61
15900.00,S2C_2,0.00,0.00,4.18
15900.00,W2C_1,27.00,86.32,86.32
15900.00,W2C_2,67.00,254.24,254.24
15900.00,W2C_3,67.00,343.56,362.74
15960.00,E2C_2,0.00,0.00,5.81
15960.00,N2C_0,183.00,364.52,364.52
15960.00,N2C_1,118.00,478.26,362.93
15960.00,N2C_2,117.00,472.61,364.59
15960.00,N2C_3,62.00,449.81,360.72
15960.00,S2C_0,42.00,10.40,10.40
15960.00,S2C_1,22.00,13.20,13.20
15960.00,S2C_2,33.00,10.40,15.08
15960.00,W2C_1,3.00,5.50,137.73
15960.00,W2C_2,35.00,142.36,142.36
15960.00,W2C_3,29.00,378.08,361.21
16020.00,E2C_1,34.00,20.20,20.20
16020.00,E2C_2,39.00,24.20,24.20
16020.00,N2C_0,45.00,475.85,364.17
16020.00,N2C_1,26.00,474.28,360.24
16020.00,N2C_2,18.00,481.83,364.48
16020.00,N2C_3,44.00,480.75,364.17
16020.00,S2C_3,2.00,5.52,5.52
16020.00,W2C_0,0.00,0.00,2.39
16020.00,W2C_1,60.00,104.72,109.39
16020.00,W2C_2,84.00,162.27,162.27
16020.00,W2C_3,64.00,374.45,364.56
16080.00,E2C_0,0.00,0.00,3.26
16080.00,E2C_2,3.00,5.50,5.50
16080.00,N2C_0,36.00,472.21,364.94
16080.00,N2C_1,55.00,476.21,364.15
16080.00,N2C_2,65.00,480.26,364.51
16080.00,N2C_3,57.00,476.85,362.19
16080.00,S2C_0,46.00,10.20,10.20
16080.00,S2C_1,28.00,26.40,26.40
16080.00,S2C_2,28.00,35.50,35.50
16080.00,W2C_1,5.00,22.08,27.06
16080.00,W2C_2,144.00,121.57,121.57
16080.00,W2C_3,39.00,378.30,361.53
16140.00,E2C_0,49.00,20.40,20.40
16140.00,E2C_1,31.00,21.00,21.00
16140.00,E2C_2,27.00,12.50,16.37
16140.00,E2C_3,55.00,10.20,13.83
16140.00,N2C_0,35.00,477.45,311.03
16140.00,N2C_1,60.00,478.89,366.59
16140.00,N2C_2,88.00,479.00,365.34
16140.00,N2C_3,23.00,436.54,360.32
16140.00,S2C_1,0.00,0.00,3.34
16140.00,W2C_0,17.00,21.00,21.00
16140.00,W2C_1,64.00,71.92,71.92
16140.00,W2C_2,204.00,119.22,119.22
16140.00,W2C_3,61.00,380.13,362.76
16200.00,E2C_0,0.00,0.00,3.24
16200.00,E2C_1,0.00,0.00,3.85
16200.00,N2C_0,95.00,480.46,282.41
16200.00,N2C_1,119.00,431.54,359.22
16200.00,N2C_2,118.00,468.61,361.52
16200.00,N2C_3,63.00,468.98,359.80
16200.00,S2C_0,39.00,14.20,14.20
16200.00,S2C_1,49.00,24.20,24.20
16200.00,S2C_2,32.00,22.40,22.40
16200.00,S2C_3,0.00,0.00,2.20
16200.00,W2C_2,36.00,115.83,115.83
16200.00,W2C_3,42.00,397.01,360.24
16260.00,E2C_0,4.00,10.20,10.20
16260.00,E2C_1,48.00,18.61,18.61
16260.00,E2C_2,32.00,16.40,16.40
16260.00,N2C_0,20.00,422.95,364.26
16260.00,N2C_1,15.00,396.97,364.37
16260.00,N2C_2,20.00,464.18,364.32
16260.00,N2C_3,39.00,442.18,365.21
16260.00,W2C_0,10.00,8.70,8.70
16260.00,W2C_1,43.00,30.21,30.21
16260.00,W2C_2,65.00,113.08,113.08
16260.00,W2C_3,64.00,415.21,363.28
16320.00,E2C_1,2.00,4.00,4.00
16320.00,N2C_0,54.00,445.85,100.52
16320.00,N2C_1,61.00,442.21,364.50
16320.00,N2C_2,60.00,473.51,363.34
16320.00,N2C_3,66.00,450.45,362.26
16320.00,S2C_0,34.00,18.70,18.70
16320.00,S2C_1,40.00,18.70,18.70
16320.00,S2C_2,20.00,24.40,24.40
16320.00,S2C_3,14.00,16.00,16.00
16320.00,W2C_2,38.00,118.67,122.00
16320.00,W2C_3,30.00,401.86,363.41
16380.00,E2C_0,0.00,0.00,12.25
16380.00,E2C_1,2.00,7.20,7.20
16380.00,E2C_2,30.00,14.20,14.20
16380.00,E2C_3,37.00,16.20,16.20
16380.00,N2C_1,2.00,216.25,328.68
16380.00,N2C_2,22.00,459.36,310.26
16380.00,N2C_3,36.00,474.58,362.96
16380.00,S2C_0,2.00,3.20,3.20
16380.00,S2C_3,19.00,12.55,17.52
16380.00,W2C_0,43.00,14.70,14.70
16380.00,W2C_1,29.00,30.61,30.61
16380.00,W2C_2,39.00,41.54,41.54
16380.00,W2C_3,55.00,374.27,366.96
16440.00,E2C_0,2.00,5.50,5.50
16440.00,N2C_0,51.00,57.42,60.81
16440.00,N2C_1,59.00,411.25,316.69
16440.00,N2C_2,65.00,432.02,369.98
16440.00,N2C_3,64.00,462.54,362.49
16440.00,S2C_0,51.00,9.60,9.60
16440.00,S2C_1,9.00,7.20,12.36
16440.00,S2C_2,8.00,16.50,16.50
16440.00,S2C_3,57.00,25.01,25.01
16440.00,W2C_1,0.00,0.00,3.59
16440.00,W2C_2,27.00,56.04,56.04
16440.00,W2C_3,30.00,420.65,364.31
16500.00,E2C_0,58.00,16.40,16.40
16500.00,E2C_1,3.00,8.50,8.50
16500.00,E2C_2,0.00,0.00,7.85
16500.00,E2C_3,33.00,13.00,13.00
16500.00,N2C_0,0.00,0.00,204.01
16500.00,N2C_1,8.00,240.52,327.28
16500.00,N2C_2,35.00,426.25,346.94
16500.00,N2C_3,46.00,442.49,369.52
16500.00,S2C_3,19.00,10.75,10.75
16500.00,W2C_0,30.00,6.40,6.40
16500.00,W2C_1,55.00,27.41,27.41
16500.00,W2C_2,52.00,48.02,48.02
16500.00,W2C_3,61.00,428.99,370.54
16560.00,N2C_0,50.00,21.83,307.36
16560.00,N2C_1,63.00,183.18,338.00
16560.00,N2C_2,91.00,344.23,347.85
16560.00,N2C_3,62.00,379.92,363.23
16560.00,S2C_0,1.00,6.42,6.42
16560.00,S2C_1,35.00,13.60,13.60
16560.00,S2C_2,38.00,10.90,10.90
16560.00,S2C_3,58.00,16.60,16.60
16560.00,W2C_0,1.00,5.52,5.52
16560.00,W2C_1,1.00,4.06,4.06
16560.00,W2C_2,51.00,75.39,83.44
16560.00,W2C_3,50.00,419.36,363.02
16620.00,E2C_0,25.00,13.50,18.03
16620.00,E2C_1,7.00,8.70,8.70
16620.00,E2C_2,35.00,11.00,11.00
16620.00,E2C_3,51.00,17.40,17.40
16620.00,N2C_0,4.00,78.97,78.97
16620.00,N2C_1,1.00,263.24,312.05
16620.00,N2C_2,69.00,354.73,354.73
16620.00,N2C_3,151.00,428.75,366.07
16620.00,S2C_3,0.00,0.00,5.31
16620.00,W2C_1,45.00,44.20,47.80
16620.00,W2C_2,111.00,69.71,69.71
16620.00,W2C_3,110.00,371.58,360.94
16680.00,N2C_0,46.00,74.68,74.68
16680.00,N2C_1,59.00,140.82,247.28
16680.00,N2C_2,96.00,318.38,318.38
16680.00,N2C_3,71.00,456.14,364.74
16680.00,S2C_0,33.00,11.00,11.00
16680.00,S2C_1,41.00,41.20,41.20
16680.00,S2C_2,34.00,26.70,26.70
16680.00,W2C_1,10.00,51.20,51.20
16680.00,W2C_2,22.00,100.26,100.26
16680.00,W2C_3,22.00,405.19,364.27
16740.00,E2C_0,12.00,10.20,10.20
16740.00,E2C_1,28.00,11.70,11.70
16740.00,E2C_2,36.00,13.40,13.40
16740.00,E2C_3,32.00,18.71,18.71
16740.00,N2C_0,1.00,78.67,78.67
16740.00,N2C_1,3.00,93.72,252.78
16740.00,N2C_2,46.00,289.32,289.32
16740.00,N2C_3,52.00,455.11,369.77
16740.00,W2C_0,39.00,12.20,12.20
16740.00,W2C_1,4.00,11.91,19.04
16740.00,W2C_2,60.00,87.21,87.21
16740.00,W2C_3,61.00,364.38,364.38
16800.00,N2C_0,43.00,28.42,28.42
16800.00,N2C_1,59.00,116.18,204.35
16800.00,N2C_2,94.00,292.53,292.53
16800.00,N2C_3,65.00,356.92,360.21
16800.00,S2C_0,0.00,0.00,8.04
16800.00,S2C_1,42.00,18.70,18.70
16800.00,S2C_2,44.00,23.62,23.62
16800.00,W2C_1,1.00,46.17,46.17
16800.00,W2C_2,14.00,63.62,63.62
16800.00,W2C_3,63.00,396.12,369.23
16860.00,E2C_0,30.00,14.10,14.10
16860.00,E2C_1,47.00,16.60,16.60
16860.00,E2C_2,38.00,18.90,18.90
16860.00,N2C_1,3.00,3.20,266.23
16860.00,N2C_2,19.00,274.78,274.78
16860.00,N2C_3,36.00,442.23,366.22
16860.00,S2C_2,2.00,3.22,3.22
16860.00,S2C_3,3.00,3.20,3.20
16860.00,W2C_0,12.00,8.50,8.50
16860.00,W2C_1,33.00,19.61,19.61
16860.00,W2C_2,58.00,21.15,21.15
16860.00,W2C_3,64.00,396.79,367.60
16920.00,N2C_0,14.00,8.50,12.03
16920.00,N2C_1,60.00,145.12,145.12
16920.00,N2C_2,67.00,156.39,156.39
16920.00,N2C_3,65.00,305.52,372.35
16920.00,S2C_0,0.00,0.00,12.29
16920.00,S2C_1,43.00,20.40,20.40
16920.00,S2C_2,34.00,22.70,22.70
16920.00,S2C_3,50.00,13.40,13.40
16920.00,W2C_3,52.00,400.70,362.61
16980.00,E2C_0,23.00,9.60,9.60
16980.00,E2C_1,0.00,0.00,3.23
16980.00,E2C_2,0.00,0.00,4.63
16980.00,E2C_3,45.00,22.11,22.11
16980.00,N2C_0,0.00,0.00,5.59
16980.00,N2C_1,4.00,123.77,127.23
16980.00,N2C_2,72.00,154.93,154.93
16980.00,N2C_3,48.00,398.20,367.32
16980.00,S2C_1,0.00,0.00,3.31
16980.00,S2C_3,6.00,8.71,8.71
16980.00,W2C_0,13.00,17.50,17.50
16980.00,W2C_1,1.00,6.42,6.42
16980.00,W2C_2,0.00,0.00,2.33
16980.00,W2C_3,62.00,402.41,363.50
17040.00,E2C_2,0.00,0.00,5.57
17040.00,N2C_0,57.00,15.70,15.70
17040.00,N2C_1,62.00,77.71,77.71
17040.00,N2C_2,62.00,91.63,98.67
17040.00,N2C_3,61.00,341.47,360.50
17040.00,S2C_0,0.00,0.00,2.59
17040.00,S2C_1,44.00,16.69,16.69
17040.00,S2C_2,30.00,14.20,14.20
17040.00,S2C_3,61.00,29.71,29.71
17040.00,W2C_2,9.00,18.76,18.76
17040.00,W2C_3,3.00,303.95,364.18
17100.00,E2C_0,0.00,0.00,2.36
17100.00,E2C_1,47.00,10.40,10.40
17100.00,E2C_2,31.00,13.20,13.20
17100.00,E2C_3,24.00,11.90,11.90
17100.00,N2C_2,17.00,61.82,61.82
17100.00,N2C_3,24.00,403.33,363.94
17100.00,S2C_3,5.00,16.35,16.35
17100.00,W2C_0,29.00,15.10,15.10
17100.00,W2C_1,35.00,13.20,13.20
17100.00,W2C_2,69.00,37.85,37.85
17100.00,W2C_3,60.00,172.05,360.50
17160.00,N2C_0,30.00,27.70,27.70
17160.00,N2C_1,22.00,22.61,22.61
17160.00,N2C_2,42.00,61.71,61.71
17160.00,N2C_3,62.00,405.88,371.39
17160.00,S2C_0,23.00,24.20,24.20
17160.00,S2C_1,44.00,9.60,9.60
17160.00,S2C_2,35.00,18.20,18.20
17160.00,S2C_3,55.00,15.10,15.10
17160.00,W2C_2,34.00,37.81,37.81
17160.00,W2C_3,38.00,328.51,328.51
17220.00,E2C_1,30.00,22.00,22.00
17220.00,E2C_2,42.00,14.11,17.44
17220.00,E2C_3,17.00,8.70,8.70
17220.00,N2C_1,0.00,0.00,3.58
17220.00,N2C_2,25.00,52.06,52.06
17220.00,N2C_3,19.00,415.84,366.16
17220.00,W2C_0,17.00,19.50,19.50
17220.00,W2C_1,44.00,32.81,32.81
17220.00,W2C_2,94.00,39.15,39.15
17220.00,W2C_3,56.00,198.47,312.61
17280.00,N2C_1,57.00,42.11,42.11
17280.00,N2C_2,62.00,39.22,39.22
17280.00,N2C_3,64.00,374.96,364.06
17280.00,S2C_0,34.00,11.90,11.90
17280.00,S2C_1,22.00,18.70,18.70
17280.00,S2C_2,21.00,28.00,28.00
17280.00,S2C_3,52.00,6.40,6.40
17280.00,W2C_0,2.00,3.29,3.29
17280.00,W2C_2,37.00,34.55,34.55
17280.00,W2C_3,32.00,316.76,316.76
17340.00,E2C_0,27.00,6.40,6.40
17340.00,E2C_1,24.00,13.40,13.40
17340.00,E2C_2,15.00,12.50,12.50
17340.00,E2C_3,41.00,31.00,31.00
17340.00,N2C_1,0.00,0.00,3.34
17340.00,N2C_2,15.00,11.20,11.20
17340.00,N2C_3,27.00,413.50,364.79
17340.00,S2C_3,3.00,4.00,15.10
17340.00,W2C_0,26.00,10.20,10.20
17340.00,W2C_1,52.00,39.31,39.31
17340.00,W2C_2,97.00,35.97,35.97
17340.00,W2C_3,63.00,229.48,293.43
17400.00,E2C_3,6.00,30.02,30.02
17400.00,N2C_0,15.00,10.00,10.00
17400.00,N2C_1,49.00,29.41,29.41
17400.00,N2C_2,45.00,34.72,34.72
17400.00,N2C_3,58.00,401.20,364.62
17400.00,S2C_0,2.00,10.20,10.20
17400.00,S2C_1,34.00,20.61,20.61
17400.00,S2C_2,22.00,19.40,19.40
17400.00,S2C_3,60.00,15.00,15.00
17400.00,W2C_1,3.00,3.21,3.21
17400.00,W2C_2,157.00,35.11,35.11
17400.00,W2C_3,12.00,271.99,290.44
17460.00,E2C_0,24.00,12.50,12.50
17460.00,E2C_1,36.00,27.20,27.20
17460.00,E2C_2,24.00,12.50,15.71
17460.00,E2C_3,65.00,34.51,34.51
17460.00,N2C_2,3.00,17.59,22.27
17460.00,N2C_3,52.00,407.85,363.37
17460.00,S2C_0,1.00,3.35,3.35
17460.00,S2C_1,0.00,0.00,5.59
17460.00,W2C_0,0.00,0.00,3.17
17460.00,W2C_1,53.00,42.91,42.91
17460.00,W2C_2,217.00,38.31,38.31
17460.00,W2C_3,57.00,282.59,282.59
17520.00,E2C_2,1.00,3.42,3.42
17520.00,N2C_1,47.00,31.20,31.20
17520.00,N2C_2,52.00,33.28,33.28
17520.00,N2C_3,60.00,399.04,364.38
17520.00,S2C_0,26.00,13.40,13.40
17520.00,S2C_1,42.00,20.20,20.20
17520.00,S2C_2,29.00,19.50,26.70
17520.00,W2C_2,277.00,63.46,63.46
17520.00,W2C_3,7.00,39.80,278.79
17580.00,E2C_0,0.00,0.00,8.05
17580.00,E2C_1,36.00,7.70,7.70
17580.00,E2C_2,20.00,13.40,13.40
17580.00,E2C_3,49.00,22.13,22.13
17580.00,N2C_1,1.00,4.01,4.01
17580.00,N2C_2,2.00,5.50,5.50
17580.00,N2C_3,41.00,409.61,361.47
17580.00,S2C_3,1.00,3.26,3.26
17580.00,W2C_0,0.00,0.00,6.42
17580.00,W2C_1,46.00,22.41,22.41
17580.00,W2C_2,236.00,55.41,55.41
17580.00,W2C_3,67.00,263.81,263.81
17640.00,E2C_3,0.00,0.00,3.40
17640.00,N2C_1,56.00,18.71,18.71
17640.00,N2C_2,45.00,18.90,18.90
17640.00,N2C_3,62.00,411.99,361.45
17640.00,S2C_0,26.00,8.70,8.70
17640.00,S2C_1,12.00,13.40,13.40
17640.00,S2C_2,6.00,6.40,6.40
17640.00,S2C_3,55.00,20.60,20.60
17640.00,W2C_0,0.00,0.00,4.10
17640.00,W2C_1,1.00,33.79,33.79
17640.00,W2C_2,16.00,55.94,55.94
17640.00,W2C_3,20.00,255.47,258.74
17700.00,E2C_1,44.00,23.81,23.81
17700.00,E2C_2,36.00,16.01,16.01
17700.00,N2C_2,2.00,9.75,9.75
17700.00,N2C_3,32.00,398.67,362.17
17700.00,W2C_0,15.00,11.00,14.45
17700.00,W2C_1,48.00,51.85,51.85
17700.00,W2C_2,54.00,50.15,54.83
17700.00,W2C_3,64.00,245.04,245.04
17760.00,N2C_0,37.00,12.80,12.80
17760.00,N2C_1,42.00,14.90,14.90
17760.00,N2C_2,62.00,28.71,28.71
17760.00,N2C_3,58.00,259.69,362.97
17760.00,S2C_1,30.00,21.00,21.00
17760.00,S2C_2,34.00,19.81,19.81
17760.00,S2C_3,0.00,0.00,6.67
17760.00,W2C_2,10.00,44.60,44.60
17760.00,W2C_3,5.00,57.71,231.78
17820.00,E2C_1,43.00,24.36,24.36
17820.00,E2C_2,23.00,23.00,23.00
17820.00,E2C_3,22.00,6.40,6.40
17820.00,N2C_1,4.00,5.50,5.50
17820.00,N2C_2,23.00,8.00,8.00
17820.00,N2C_3,25.00,359.67,359.67
17820.00,W2C_1,39.00,19.61,19.61
17820.00,W2C_2,56.00,42.33,42.33
17820.00,W2C_3,58.00,204.43,204.43
17880.00,E2C_0,0.00,0.00,3.26
17880.00,E2C_1,0.00,0.00,3.20
17880.00,N2C_1,55.00,34.21,34.21
17880.00,N2C_2,83.00,36.54,36.54
17880.00,N2C_3,61.00,229.15,299.62
17880.00,S2C_0,41.00,17.90,17.90
17880.00,S2C_1,0.00,0.00,12.22
17880.00,S2C_2,5.00,10.20,10.20
17880.00,S2C_3,17.00,10.90,10.90
17880.00,W2C_1,2.00,4.00,4.00
17880.00,W2C_3,6.00,28.99,180.86
17940.00,E2C_0,55.00,23.61,23.61
17940.00,E2C_1,31.00,10.20,10.20
17940.00,E2C_2,11.00,16.50,16.50
17940.00,E2C_3,27.00,10.48,10.48
17940.00,N2C_1,3.00,3.20,3.20
17940.00,N2C_2,11.00,24.30,24.30
17940.00,N2C_3,45.00,297.34,308.36
17940.00,W2C_1,39.00,21.40,21.40
17940.00,W2C_2,41.00,19.21,19.21
17940.00,W2C_3,65.00,159.22,159.22
18000.00,N2C_1,55.00,27.41,27.41
18000.00,N2C_2,43.00,20.36,20.36
18000.00,N2C_3,55.00,254.80,326.99
18000.00,S2C_0,23.00,17.00,17.00
18000.00,S2C_1,40.00,18.90,18.90
18000.00,S2C_2,3.00,20.00,20.00
18000.00,S2C_3,27.00,12.50,12.50
18000.00,W2C_1,2.00,4.04,4.04
18000.00,W2C_3,5.00,67.80,108.51
18060.00,E2C_0,29.00,28.00,28.00
18060.00,E2C_1,32.00,22.40,22.40
18060.00,E2C_2,34.00,25.70,25.70
18060.00,N2C_2,2.00,26.64,26.64
18060.00,N2C_3,12.00,128.38,305.38
18060.00,W2C_0,51.00,18.61,18.61
18060.00,W2C_1,5.00,8.50,8.50
18060.00,W2C_2,13.00,13.40,13.40
18060.00,W2C_3,64.00,118.12,118.12
18120.00,N2C_0,20.00,12.50,12.50
18120.00,N2C_1,43.00,35.31,35.31
18120.00,N2C_2,49.00,24.35,24.35
18120.00,N2C_3,64.00,210.70,260.31
18120.00,S2C_0,36.00,21.81,21.81
18120.00,S2C_1,5.00,9.68,9.68
18120.00,S2C_2,0.00,0.00,8.06
18120.00,S2C_3,44.00,7.20,7.20
18120.00,W2C_2,29.00,6.83,6.83
18120.00,W2C_3,17.00,92.97,92.97
18180.00,E2C_0,22.00,6.40,6.40
18180.00,E2C_1,47.00,14.21,14.21
18180.00,E2C_2,12.00,19.70,19.70
18180.00,E2C_3,27.00,15.70,15.70
18180.00,N2C_2,21.00,36.64,36.64
18180.00,N2C_3,13.00,171.77,270.55
18180.00,W2C_0,35.00,11.90,18.96
18180.00,W2C_1,55.00,20.20,20.20
18180.00,W2C_2,89.00,17.04,17.04
18180.00,W2C_3,77.00,99.12,99.12
18240.00,E2C_3,3.00,9.00,9.00
18240.00,N2C_0,26.00,23.02,23.02
18240.00,N2C_1,50.00,20.61,20.61
18240.00,N2C_2,50.00,26.66,26.66
18240.00,N2C_3,60.00,198.83,257.89
18240.00,S2C_0,50.00,20.40,20.40
18240.00,S2C_1,0.00,0.00,12.15
18240.00,S2C_2,6.00,11.91,19.01
18240.00,S2C_3,26.00,12.50,12.50
18240.00,W2C_3,5.00,19.53,26.69
18300.00,E2C_1,42.00,30.81,30.81
18300.00,E2C_2,19.00,30.28,30.28
18300.00,N2C_1,2.00,9.00,9.00
18300.00,N2C_2,2.00,5.50,5.50
18300.00,N2C_3,46.00,264.74,264.74
18300.00,S2C_0,4.00,3.21,3.21
18300.00,W2C_0,28.00,9.60,16.84
18300.00,W2C_1,31.00,10.90,10.90
18300.00,W2C_2,29.00,11.90,11.90
18300.00,W2C_3,63.00,37.41,37.41
18360.00,E2C_2,0.00,0.00,4.34
18360.00,N2C_0,35.00,6.40,6.40
18360.00,N2C_1,37.00,23.70,23.70
18360.00,N2C_2,47.00,21.00,24.26
18360.00,N2C_3,57.00,184.08,208.84
18360.00,S2C_0,52.00,25.70,25.70
18360.00,S2C_1,41.00,13.40,13.40
18360.00,S2C_2,37.00,14.20,14.20
18360.00,W2C_3,7.00,9.59,9.59
18420.00,E2C_1,46.00,24.00,24.00
18420.00,E2C_2,21.00,15.50,39.51
18420.00,E2C_3,37.00,7.70,7.70
18420.00,N2C_3,4.00,9.64,209.52
18420.00,S2C_3,0.00,0.00,4.27
18420.00,W2C_1,29.00,26.70,26.70
18420.00,W2C_2,42.00,22.41,22.41
18420.00,W2C_3,65.00,9.59,9.59
18480.00,E2C_1,3.00,3.20,3.20
18480.00,E2C_2,0.00,0.00,5.65
18480.00,N2C_0,31.00,10.40,10.40
18480.00,N2C_1,40.00,23.20,23.20
18480.00,N2C_2,18.00,19.70,19.70
18480.00,N2C_3,63.00,175.84,175.84
18480.00,S2C_1,14.00,11.70,11.70
18480.00,S2C_2,17.00,9.60,9.60
18480.00,S2C_3,46.00,26.00,41.52
18480.00,W2C_1,3.00,5.50,5.50
18540.00,E2C_1,50.00,25.11,25.11
18540.00,E2C_2,46.00,19.62,19.62
18540.00,E2C_3,31.00,8.50,8.50
18540.00,N2C_0,0.00,0.00,5.65
18540.00,N2C_3,7.00,30.40,91.36
18540.00,S2C_3,3.00,6.40,6.40
18540.00,W2C_1,34.00,15.70,15.70
18540.00,W2C_2,34.00,9.60,9.60
18540.00,W2C_3,43.00,25.20,25.20
18600.00,E2C_3,1.00,3.30,3.30
18600.00,N2C_0,49.00,8.70,8.70
18600.00,N2C_1,34.00,21.90,21.90
18600.00,N2C_2,12.00,19.50,19.50
18600.00,N2C_3,64.00,153.33,153.33
18600.00,S2C_1,47.00,14.10,14.10
18600.00,S2C_2,41.00,18.70,18.70
18600.00,S2C_3,62.00,20.40,20.40
18660.00,E2C_0,19.00,12.50,12.50
18660.00,E2C_1,7.00,6.40,6.40
18660.00,E2C_3,49.00,16.01,16.01
18660.00,N2C_3,0.00,0.00,133.37
18660.00,S2C_1,0.00,0.00,3.59
18660.00,S2C_2,2.00,3.24,3.24
18660.00,W2C_1,32.00,18.70,18.70
18660.00,W2C_2,28.00,15.70,15.70
18660.00,W2C_3,41.00,10.90,10.90
18720.00,N2C_0,32.00,10.90,10.90
18720.00,N2C_1,40.00,10.90,15.48
18720.00,N2C_2,23.00,10.20,13.55
18720.00,N2C_3,58.00,118.82,118.82
18720.00,S2C_1,49.00,17.90,17.90
18720.00,S2C_2,49.00,16.60,16.60
18720.00,S2C_3,16.00,10.20,10.20
18720.00,W2C_1,0.00,0.00,9.15
18780.00,E2C_0,0.00,0.00,3.24
18780.00,E2C_1,50.00,17.90,17.90
18780.00,E2C_2,27.00,22.70,22.70
18780.00,E2C_3,39.00,10.20,10.20
18780.00,N2C_1,2.00,5.50,5.50
18780.00,N2C_2,2.00,3.23,3.23
18780.00,N2C_3,4.00,57.58,73.22
18780.00,S2C_2,0.00,0.00,3.24
18780.00,W2C_0,21.00,13.40,13.40
18780.00,W2C_1,37.00,15.40,15.40
18780.00,W2C_2,44.00,19.50,19.50
18780.00,W2C_3,36.00,14.70,14.70
18840.00,E2C_1,3.00,3.20,3.20
18840.00,E2C_3,1.00,3.25,3.25
18840.00,N2C_1,45.00,15.10,18.50
18840.00,N2C_2,53.00,21.90,21.90
18840.00,N2C_3,57.00,73.01,73.01
18840.00,S2C_0,27.00,8.70,8.70
18840.00,S2C_1,48.00,14.20,14.20
18840.00,S2C_2,17.00,28.90,28.90
18840.00,S2C_3,12.00,8.70,8.70
18900.00,E2C_0,24.00,12.50,16.08
18900.00,E2C_1,37.00,13.40,13.40
18900.00,E2C_2,29.00,15.11,15.11
18900.00,E2C_3,56.00,10.20,10.20
18900.00,N2C_3,0.00,0.00,14.54
18900.00,S2C_1,3.00,4.00,4.00
18900.00,S2C_3,1.00,4.02,4.02
18900.00,W2C_1,45.00,39.21,39.21
18900.00,W2C_2,45.00,35.71,35.71
18960.00,N2C_0,40.00,17.40,17.40
18960.00,N2C_1,36.00,9.60,9.60
18960.00,N2C_2,16.00,8.70,8.70
18960.00,N2C_3,59.00,23.61,23.61
18960.00,S2C_1,56.00,21.93,26.65
18960.00,S2C_2,45.00,25.00,25.00
18960.00,S2C_3,47.00,11.00,11.00
19020.00,E2C_0,21.00,6.40,6.40
19020.00,E2C_1,47.00,18.71,18.71
19020.00,E2C_2,38.00,15.40,15.40
19020.00,W2C_0,0.00,0.00,2.42
19020.00,W2C_1,0.00,0.00,16.22
19020.00,W2C_2,33.00,15.10,15.10
19020.00,W2C_3,57.00,35.00,35.00
19080.00,E2C_0,1.00,5.50,5.50
19080.00,E2C_3,0.00,0.00,3.26
19080.00,N2C_0,56.00,31.51,31.51
19080.00,N2C_1,11.00,6.40,6.40
19080.00,N2C_2,0.00,0.00,2.65
19080.00,N2C_3,5.00,12.20,12.20
19080.00,S2C_0,20.00,6.40,6.40
19080.00,S2C_1,37.00,18.00,21.22
19080.00,S2C_2,27.00,18.00,18.00
19080.00,S2C_3,27.00,6.40,6.40
19080.00,W2C_2,0.00,0.00,5.74
19140.00,E2C_0,23.00,16.50,16.50
19140.00,E2C_1,12.00,8.70,8.70
19140.00,E2C_2,9.00,6.40,9.63
19140.00,E2C_3,55.00,24.40,24.40
19140.00,N2C_3,2.00,5.50,5.50
19140.00,S2C_0,2.00,3.20,3.20
19140.00,S2C_2,0.00,0.00,3.38
19140.00,W2C_0,16.00,10.40,10.40
19140.00,W2C_1,1.00,8.71,8.71
19140.00,W2C_2,25.00,13.40,13.40
19140.00,W2C_3,34.00,23.00,23.00
19200.00,E2C_0,0.00,0.00,3.50
19200.00,E2C_3,5.00,5.50,5.50
19200.00,N2C_0,22.00,10.00,10.00
19200.00,N2C_1,11.00,20.70,20.70
19200.00,N2C_2,33.00,17.40,17.40
19200.00,N2C_3,38.00,8.70,8.70
19200.00,S2C_0,46.00,10.20,10.20
19200.00,S2C_1,42.00,23.61,23.61
19200.00,S2C_2,35.00,20.40,20.40
19260.00,E2C_0,44.00,24.91,24.91
19260.00,E2C_1,33.00,12.50,12.50
19260.00,E2C_2,21.00,13.22,13.22
19260.00,N2C_2,0.00,0.00,5.57
19260.00,S2C_2,3.00,4.00,4.00
19260.00,W2C_0,18.00,12.50,12.50
19260.00,W2C_1,29.00,10.20,10.20
19260.00,W2C_2,18.00,8.70,8.70
19260.00,W2C_3,18.00,10.90,10.90
19320.00,E2C_3,2.00,3.21,3.21
19320.00,N2C_0,4.00,17.45,17.45
19320.00,N2C_1,38.00,14.90,14.90
19320.00,N2C_2,33.00,15.70,15.70
19320.00,S2C_0,19.00,25.91,25.91
19320.00,S2C_1,49.00,11.70,11.70
19320.00,S2C_2,37.00,8.70,15.82
19380.00,E2C_1,37.00,22.11,22.11
19380.00,E2C_2,32.00,19.50,19.50
19380.00,E2C_3,49.00,10.20,10.20
19380.00,S2C_1,0.00,0.00,5.51
19380.00,S2C_3,0.00,0.00,5.65
19380.00,W2C_1,26.00,14.20,14.20
19380.00,W2C_2,38.00,9.60,9.60
19380.00,W2C_3,22.00,7.20,7.20
19440.00,N2C_1,43.00,29.70,29.70
19440.00,N2C_2,42.00,26.40,26.40
19440.00,S2C_1,27.00,29.71,29.71
19440.00,S2C_2,33.00,26.50,26.50
19440.00,S2C_3,45.00,12.50,12.50
19440.00,W2C_1,1.00,3.22,3.22
19500.00,E2C_0,1.00,10.01,10.01
19500.00,E2C_1,31.00,38.21,38.21
19500.00,E2C_2,30.00,23.20,23.20
19500.00,W2C_0,36.00,14.20,14.20
19500.00,W2C_1,52.00,16.60,16.60
19500.00,W2C_2,51.00,25.70,25.70
19560.00,E2C_3,0.00,0.00,3.27
19560.00,N2C_0,41.00,10.20,10.20
19560.00,N2C_1,24.00,11.90,11.90
19560.00,N2C_2,17.00,12.20,12.20
19560.00,N2C_3,3.00,10.00,10.00
19560.00,S2C_0,19.00,17.00,17.00
19560.00,S2C_1,26.00,16.20,16.20
19560.00,S2C_2,36.00,17.40,17.40
19560.00,S2C_3,6.00,6.40,6.40
19620.00,E2C_0,29.00,13.40,13.40
19620.00,E2C_1,3.00,8.71,8.71
19620.00,E2C_2,12.00,6.40,14.11
19620.00,E2C_3,42.00,6.40,6.40
19620.00,W2C_1,31.00,13.40,13.40
19620.00,W2C_2,18.00,17.02,17.02
19620.00,W2C_3,50.00,9.60,9.60
19680.00,E2C_3,2.00,3.21,3.21
19680.00,N2C_1,46.00,30.50,30.50
19680.00,N2C_2,32.00,22.70,25.91
19680.00,N2C_3,35.00,6.40,6.40
19680.00,S2C_0,50.00,18.31,22.97
19680.00,S2C_1,0.00,0.00,3.31
19680.00,S2C_2,9.00,7.70,7.70
19680.00,S2C_3,2.00,7.70,7.70
19680.00,W2C_1,0.00,0.00,3.36
19740.00,E2C_0,37.00,31.91,31.91
19740.00,E2C_1,37.00,25.70,25.70
19740.00,E2C_2,23.00,24.00,24.00
19740.00,E2C_3,0.00,0.00,2.37
19740.00,S2C_1,1.00,3.27,3.27
19740.00,W2C_0,39.00,16.60,16.60
19740.00,W2C_1,22.00,10.90,10.90
19740.00,W2C_2,15.00,16.50,16.50
19740.00,W2C_3,32.00,8.70,8.70
19800.00,E2C_0,0.00,0.00,4.12
19800.00,N2C_0,2.00,6.45,6.45
19800.00,N2C_1,15.00,16.00,16.00
19800.00,N2C_2,39.00,13.20,13.20
19800.00,N2C_3,27.00,13.40,13.40
19800.00,S2C_0,28.00,19.50,19.50
19800.00,S2C_1,58.00,17.90,17.90
19800.00,S2C_2,39.00,24.20,24.20
19800.00,W2C_0,3.00,4.00,4.00
19860.00,E2C_0,58.00,14.20,14.20
19860.00,E2C_1,33.00,14.70,14.70
19860.00,E2C_2,30.00,12.20,12.20
19860.00,N2C_1,2.00,3.21,3.21
19860.00,N2C_2,0.00,0.00,3.91
19860.00,W2C_0,54.00,14.90,22.01
19860.00,W2C_1,13.00,13.40,13.40
19860.00,W2C_2,4.00,12.20,12.20
19860.00,W2C_3,39.00,16.70,16.70
19920.00,N2C_1,47.00,23.81,23.81
19920.00,N2C_2,50.00,21.11,21.11
19920.00,N2C_3,0.00,0.00,2.55
19920.00,S2C_1,29.00,32.21,32.21
19920.00,S2C_2,46.00,29.00,29.00
19980.00,E2C_0,13.00,10.20,10.20
19980.00,E2C_1,34.00,10.20,10.20
19980.00,E2C_3,39.00,19.81,19.81
19980.00,W2C_0,34.00,9.60,9.60
19980.00,W2C_1,30.00,11.90,11.90
19980.00,W2C_2,25.00,11.90,11.90
20040.00,N2C_1,38.00,26.21,26.21
20040.00,N2C_2,31.00,26.41,26.41
20040.00,S2C_0,0.00,0.00,2.49
20040.00,S2C_1,29.00,15.10,15.10
20040.00,S2C_2,31.00,12.50,12.50
20040.00,S2C_3,39.00,9.60,9.60
20100.00,E2C_1,35.00,31.20,31.20
20100.00,E2C_2,44.00,16.01,16.01
20100.00,S2C_3,3.00,5.50,5.50
20100.00,W2C_0,27.00,20.00,20.00
20100.00,W2C_1,53.00,12.50,12.50
20100.00,W2C_2,12.00,8.70,8.70
20100.00,W2C_3,24.00,28.00,35.05
20160.00,N2C_1,23.00,11.70,11.70
20160.00,N2C_3,43.00,30.20,30.20
20160.00,S2C_1,35.00,28.00,28.00
20160.00,S2C_2,40.00,22.70,33.71
20160.00,S2C_3,29.00,13.20,13.20
20160.00,W2C_3,3.00,3.20,3.20
20220.00,E2C_0,50.00,21.91,21.91
20220.00,E2C_1,20.00,15.12,15.12
20220.00,E2C_2,0.00,0.00,12.03
20220.00,S2C_3,2.00,3.20,10.24
20220.00,W2C_1,23.00,12.80,19.82
20220.00,W2C_2,22.00,21.00,21.00
20220.00,W2C_3,55.00,34.71,34.71
20280.00,E2C_1,0.00,0.00,5.55
20280.00,N2C_1,31.00,16.50,16.50
20280.00,N2C_2,33.00,14.10,14.10
20280.00,N2C_3,27.00,18.71,18.71
20280.00,S2C_0,18.00,10.90,10.90
20280.00,S2C_1,36.00,17.20,17.20
20280.00,S2C_2,28.00,11.90,11.90
20280.00,S2C_3,60.00,10.20,10.20
20340.00,E2C_1,41.00,25.50,25.50
20340.00,E2C_2,37.00,24.91,24.91
20340.00,E2C_3,7.00,10.20,10.20
20340.00,N2C_1,0.00,0.00,9.09
20340.00,N2C_2,0.00,0.00,5.51
20340.00,W2C_0,28.00,10.20,10.20
20340.00,W2C_1,41.00,7.20,7.20
20340.00,W2C_2,19.00,12.50,12.50
20340.00,W2C_3,52.00,47.51,47.51
20400.00,E2C_0,0.00,0.00,4.05
20400.00,E2C_3,4.00,5.40,5.40
20400.00,N2C_0,42.00,21.11,21.11
20400.00,N2C_1,7.00,20.50,20.50
20400.00,N2C_2,24.00,16.50,16.50
20400.00,S2C_1,36.00,18.90,18.90
20400.00,S2C_2,27.00,19.20,19.20
20400.00,S2C_3,12.00,7.70,7.70
20400.00,W2C_1,1.00,3.40,3.40
20460.00,E2C_0,8.00,7.20,7.20
20460.00,E2C_1,41.00,36.70,36.70
20460.00,E2C_2,37.00,35.00,35.00
20460.00,E2C_3,33.00,8.60,8.60
20460.00,S2C_1,2.00,3.21,3.21
20460.00,S2C_2,0.00,0.00,3.38
20460.00,W2C_0,38.00,26.40,26.40
20460.00,W2C_1,30.00,13.40,13.40
20460.00,W2C_2,6.00,6.40,6.40
20460.00,W2C_3,19.00,6.40,6.40
20520.00,E2C_0,3.00,5.50,5.50
20520.00,E2C_3,3.00,3.25,3.25
20520.00,N2C_0,49.00,29.41,29.41
20520.00,N2C_1,8.00,11.00,11.00
20520.00,N2C_3,22.00,10.20,10.20
20520.00,S2C_0,10.00,17.00,17.00
20520.00,S2C_1,55.00,27.61,27.61
20520.00,S2C_2,52.00,16.60,16.60
20580.00,:Center_11_0,0.00,0.00,9.50
20580.00,E2C_0,44.00,19.50,19.50
20580.00,E2C_1,30.00,13.40,13.40
20580.00,E2C_2,10.00,11.92,11.92
20580.00,E2C_3,54.00,13.40,13.40
20580.00,N2C_1,5.00,4.60,4.60
20580.00,N2C_3,9.00,4.95,4.95
20580.00,W2C_0,0.00,0.00,3.33
20580.00,W2C_1,47.00,21.00,21.00
20580.00,W2C_2,26.00,22.11,22.11
20580.00,W2C_3,8.00,8.70,8.70
20640.00,E2C_1,0.00,0.00,4.72
20640.00,N2C_0,52.00,13.40,13.40
20640.00,N2C_1,39.00,14.80,14.80
20640.00,N2C_2,31.00,15.10,15.10
20640.00,S2C_1,34.00,7.70,7.70
20640.00,S2C_2,0.00,0.00,7.55
20640.00,S2C_3,24.00,14.11,14.11
20640.00,W2C_1,2.00,4.01,4.01
20640.00,W2C_3,1.00,3.25,3.25
20700.00,E2C_0,5.00,12.50,12.50
20700.00,E2C_1,48.00,17.33,17.33
20700.00,E2C_2,29.00,20.50,20.50
20700.00,E2C_3,0.00,0.00,8.06
20700.00,N2C_3,4.00,4.00,4.00
20700.00,S2C_2,0.00,0.00,3.33
20700.00,W2C_0,36.00,8.70,8.70
20700.00,W2C_1,40.00,29.70,29.70
20700.00,W2C_2,30.00,23.50,23.50
20700.00,W2C_3,15.00,14.70,14.70
20760.00,N2C_0,28.00,24.21,24.21
20760.00,N2C_1,26.00,12.50,12.50
20760.00,N2C_2,14.00,13.20,13.20
20760.00,N2C_3,55.00,13.60,13.60
20760.00,S2C_1,40.00,19.81,19.81
20760.00,S2C_2,44.00,17.20,17.20
20760.00,W2C_1,0.00,0.00,3.37
20820.00,E2C_1,40.00,28.00,28.00
20820.00,E2C_2,44.00,27.61,27.61
20820.00,E2C_3,0.00,0.00,2.41
20820.00,N2C_1,0.00,0.00,3.49
20820.00,S2C_1,0.00,0.00,5.66
20820.00,W2C_0,43.00,14.20,14.20
20820.00,W2C_1,33.00,10.90,10.90
20820.00,W2C_2,6.00,12.20,12.20
20820.00,W2C_3,24.00,17.20,17.20
20880.00,E2C_1,4.00,12.12,12.12
20880.00,E2C_3,5.00,13.00,13.00
20880.00,N2C_0,10.00,6.40,6.40
20880.00,N2C_1,48.00,17.31,17.31
20880.00,N2C_2,42.00,14.20,14.20
20880.00,N2C_3,11.00,10.20,10.20
20880.00,S2C_0,12.00,7.20,7.20
20880.00,S2C_1,23.00,10.00,10.00
20880.00,S2C_2,11.00,24.50,24.50
20880.00,S2C_3,36.00,17.40,17.40
20940.00,E2C_0,44.00,18.70,18.70
20940.00,E2C_1,11.00,27.62,27.62
20940.00,E2C_2,32.00,24.91,24.91
20940.00,E2C_3,46.00,19.40,19.40
20940.00,W2C_0,19.00,8.70,8.70
20940.00,W2C_1,41.00,13.60,13.60
20940.00,W2C_2,36.00,12.50,12.50
20940.00,W2C_3,9.00,7.70,7.70
21000.00,E2C_1,0.00,0.00,3.47
21000.00,N2C_0,55.00,14.20,14.20
21000.00,N2C_1,20.00,12.90,12.90
21000.00,N2C_2,28.00,11.00,11.00
21000.00,N2C_3,8.00,8.70,8.70
21000.00,S2C_0,24.00,21.11,21.11
21000.00,S2C_1,39.00,11.00,11.00
21000.00,S2C_3,15.00,8.70,8.70
21000.00,W2C_1,1.00,3.25,3.25
21060.00,E2C_0,53.00,22.50,22.50
21060.00,E2C_1,14.00,9.60,16.78
21060.00,E2C_2,12.00,12.50,12.50
21060.00,E2C_3,9.00,6.40,6.40
21060.00,W2C_0,50.00,17.20,17.20
21060.00,W2C_1,39.00,15.40,15.40
21060.00,W2C_2,35.00,14.20,14.20
21120.00,N2C_0,42.00,21.93,21.93
21120.00,N2C_1,31.00,10.20,10.20
21120.00,N2C_2,4.00,6.40,6.40
21120.00,N2C_3,19.00,10.20,10.20
21120.00,S2C_0,51.00,12.20,15.40
21120.00,S2C_1,16.00,15.70,15.70
21120.00,S2C_2,27.00,14.21,14.21
21120.00,S2C_3,24.00,14.20,14.20
21120.00,W2C_1,2.00,5.52,5.52
21120.00,W2C_2,1.00,3.33,3.33
21180.00,E2C_0,35.00,42.53,42.53
21180.00,E2C_1,42.00,14.71,14.71
21180.00,E2C_2,23.00,12.80,12.80
21180.00,S2C_1,0.00,0.00,3.48
21180.00,W2C_0,32.00,14.20,14.20
21180.00,W2C_1,39.00,24.71,24.71
21180.00,W2C_2,51.00,24.40,24.40
21240.00,E2C_1,0.00,0.00,4.00
21240.00,E2C_3,0.00,0.00,3.24
21240.00,N2C_0,20.00,14.90,14.90
21240.00,N2C_1,41.00,10.20,10.20
21240.00,N2C_2,25.00,11.90,11.90
21240.00,S2C_1,51.00,36.61,36.61
21240.00,S2C_2,45.00,25.91,25.91
21240.00,W2C_1,0.00,0.00,3.59
21300.00,E2C_0,23.00,12.50,12.50
21300.00,E2C_1,29.00,15.50,15.50
21300.00,E2C_2,36.00,10.20,14.79
21300.00,E2C_3,52.00,16.60,16.60
21300.00,N2C_3,0.00,0.00,3.43
21300.00,W2C_0,34.00,9.60,9.60
21300.00,W2C_1,47.00,21.90,21.90
21300.00,W2C_2,29.00,12.50,12.50
21300.00,W2C_3,0.00,0.00,12.19
21360.00,N2C_0,34.00,26.70,26.70
21360.00,N2C_1,11.00,15.40,15.40
21360.00,N2C_2,24.00,14.20,14.20
21360.00,S2C_1,34.00,34.20,34.20
21360.00,S2C_2,24.00,24.41,24.41
21360.00,S2C_3,1.00,16.22,16.22
21360.00,W2C_1,3.00,5.50,5.50
21360.00,W2C_2,2.00,5.52,5.52
21420.00,E2C_0,30.00,6.40,6.40
21420.00,E2C_1,34.00,24.20,24.20
21420.00,E2C_2,40.00,29.70,32.99
21420.00,S2C_1,0.00,0.00,5.84
21420.00,W2C_1,56.00,18.90,18.90
21420.00,W2C_2,38.00,15.70,18.93
21420.00,W2C_3,25.00,23.20,23.20
21480.00,E2C_3,0.00,0.00,5.51
21480.00,N2C_0,18.00,15.00,15.00
21480.00,N2C_1,33.00,22.70,22.70
21480.00,N2C_2,30.00,19.70,26.82
21480.00,N2C_3,0.00,0.00,3.24
21480.00,S2C_0,0.00,0.00,8.08
21480.00,S2C_1,47.00,15.10,15.10
21480.00,S2C_2,39.00,13.20,13.20
21480.00,S2C_3,4.00,10.00,10.00
21480.00,W2C_1,0.00,0.00,5.62
21540.00,E2C_0,23.00,17.42,17.42
21540.00,E2C_1,46.00,29.70,29.70
21540.00,E2C_2,39.00,23.21,23.21
21540.00,S2C_3,0.00,0.00,3.38
21540.00,W2C_0,0.00,0.00,12.52
21540.00,W2C_1,33.00,17.01,17.01
21540.00,W2C_2,51.00,13.40,13.40
21540.00,W2C_3,28.00,15.70,19.09
21600.00,E2C_1,0.00,0.00,3.45
21600.00,E2C_2,2.00,5.50,5.50
21600.00,N2C_0,24.00,12.80,12.80
21600.00,N2C_1,17.00,6.40,6.40
21600.00,N2C_3,41.00,16.80,16.80
21600.00,S2C_0,23.00,21.20,21.20
21600.00,S2C_1,40.00,12.50,12.50
21600.00,S2C_2,6.00,8.70,12.05
21600.00,S2C_3,43.00,14.70,14.70
21600.00,W2C_0,1.00,3.21,3.21
21660.00,E2C_0,26.00,23.21,23.21
21660.00,E2C_1,57.00,33.81,33.81
21660.00,E2C_2,48.00,31.20,31.20
21660.00,N2C_2,3.00,3.23,3.23
21660.00,N2C_3,7.00,5.71,5.71
21660.00,S2C_0,0.00,0.00,3.56
21660.00,S2C_2,1.00,9.00,9.00
21660.00,W2C_0,37.00,10.90,10.90
21660.00,W2C_1,35.00,17.90,17.90
21660.00,W2C_2,29.00,14.10,14.10
21660.00,W2C_3,0.00,0.00,3.30
21720.00,E2C_3,0.00,0.00,10.68
21720.00,N2C_0,12.00,10.20,10.20
21720.00,N2C_1,51.00,42.31,42.31
21720.00,N2C_2,44.00,44.41,44.41
21720.00,N2C_3,65.00,37.82,37.82
21720.00,S2C_0,51.00,13.41,13.41
21720.00,S2C_1,51.00,28.11,28.11
21720.00,S2C_2,33.00,28.81,28.81
21720.00,S2C_3,40.00,28.11,28.11
21720.00,W2C_2,0.00,0.00,4.25
21720.00,W2C_3,0.00,0.00,3.66
21780.00,E2C_0,32.00,24.00,24.00
21780.00,E2C_1,45.00,35.31,35.31
21780.00,E2C_2,41.00,25.91,25.91
21780.00,E2C_3,58.00,44.91,52.40
21780.00,N2C_3,35.00,45.95,45.95
21780.00,S2C_0,1.00,5.50,5.50
21780.00,S2C_1,4.00,5.50,5.50
21780.00,S2C_2,0.00,0.00,3.21
21780.00,S2C_3,16.00,36.30,36.30
21780.00,W2C_0,32.00,16.01,16.01
21780.00,W2C_1,34.00,22.11,29.35
21780.00,W2C_2,42.00,29.41,29.41
21780.00,W2C_3,57.00,48.21,48.21
21840.00,E2C_0,1.00,9.00,9.00
21840.00,E2C_1,0.00,0.00,4.38
21840.00,E2C_2,5.00,2.73,17.92
21840.00,E2C_3,1.00,5.51,5.51
21840.00,N2C_1,57.00,61.02,61.02
21840.00,N2C_2,55.00,52.31,52.31
21840.00,N2C_3,63.00,64.51,64.51
21840.00,S2C_0,56.00,40.21,40.21
21840.00,S2C_1,45.00,18.32,18.32
21840.00,S2C_2,54.00,16.60,16.60
21840.00,S2C_3,76.00,83.12,83.12
21840.00,W2C_1,1.00,13.00,13.00
21840.00,W2C_2,4.00,3.20,3.20
21840.00,W2C_3,11.00,39.85,39.85
21900.00,E2C_0,49.00,34.51,34.51
21900.00,E2C_1,56.00,45.51,52.72
21900.00,E2C_2,59.00,48.99,48.99
21900.00,E2C_3,58.00,35.51,35.51
21900.00,N2C_3,4.00,12.51,23.84
21900.00,S2C_3,28.00,115.96,115.96
21900.00,W2C_0,35.00,36.61,36.61
21900.00,W2C_1,46.00,50.91,50.91
21900.00,W2C_2,58.00,47.32,47.32
21900.00,W2C_3,58.00,47.11,47.11
21960.00,E2C_1,3.00,5.50,5.50
21960.00,E2C_2,4.00,9.54,12.86
21960.00,E2C_3,3.00,12.51,31.55
21960.00,N2C_0,35.00,16.07,16.07
21960.00,N2C_1,48.00,35.11,35.11
21960.00,N2C_2,52.00,31.01,31.01
21960.00,N2C_3,63.00,83.72,83.72
21960.00,S2C_0,38.00,28.91,28.91
21960.00,S2C_1,29.00,25.83,33.12
21960.00,S2C_2,49.00,26.70,26.70
21960.00,S2C_3,59.00,125.02,125.02
21960.00,W2C_0,5.00,3.90,3.90
21960.00,W2C_3,46.00,51.35,51.35
22020.00,E2C_0,32.00,10.40,10.40
22020.00,E2C_1,56.00,48.05,48.05
22020.00,E2C_2,64.00,46.54,46.54
22020.00,E2C_3,61.00,45.21,45.21
22020.00,N2C_3,4.00,18.71,93.13
22020.00,S2C_3,14.00,89.11,137.60
22020.00,W2C_0,40.00,14.10,14.10
22020.00,W2C_1,28.00,39.81,39.81
22020.00,W2C_2,44.00,42.91,42.91
22020.00,W2C_3,55.00,68.01,68.01
22080.00,E2C_0,3.00,6.41,14.12
22080.00,E2C_1,0.00,0.00,4.10
22080.00,E2C_3,1.00,3.21,35.54
22080.00,N2C_0,36.00,29.41,29.41
22080.00,N2C_1,38.00,30.61,30.61
22080.00,N2C_2,48.00,21.20,24.51
22080.00,N2C_3,62.00,94.82,94.82
22080.00,S2C_0,30.00,34.50,34.50
22080.00,S2C_1,50.00,24.31,24.31
22080.00,S2C_2,49.00,26.41,26.41
22080.00,S2C_3,63.00,169.13,169.13
22080.00,W2C_1,3.00,5.50,5.50
22080.00,W2C_2,1.00,5.54,5.54
22080.00,W2C_3,34.00,79.46,79.46
22140.00,E2C_0,61.00,34.41,34.41
22140.00,E2C_1,33.00,36.11,43.17
22140.00,E2C_2,41.00,43.01,43.01
22140.00,E2C_3,59.00,63.01,63.01
22140.00,N2C_0,0.00,0.00,5.77
22140.00,N2C_1,0.00,0.00,3.49
22140.00,N2C_3,26.00,114.76,114.76
22140.00,S2C_1,0.00,0.00,3.70
22140.00,S2C_2,4.00,14.05,17.30
22140.00,S2C_3,9.00,98.16,149.93
22140.00,W2C_0,29.00,12.80,12.80
22140.00,W2C_1,56.00,36.81,36.81
22140.00,W2C_2,54.00,29.71,29.71
22140.00,W2C_3,64.00,106.02,106.02
22200.00,E2C_1,1.00,4.03,4.03
22200.00,E2C_2,0.00,0.00,5.58
22200.00,E2C_3,1.00,33.93,33.93
22200.00,N2C_0,47.00,30.61,30.61
22200.00,N2C_1,46.00,37.91,37.91
22200.00,N2C_2,51.00,38.13,38.13
22200.00,N2C_3,64.00,124.82,124.82
22200.00,S2C_0,51.00,17.40,24.54
22200.00,S2C_1,58.00,53.51,53.51
22200.00,S2C_2,64.00,58.29,58.29
22200.00,S2C_3,63.00,152.42,155.66
22200.00,W2C_2,3.00,9.00,9.00
22200.00,W2C_3,10.00,22.03,103.36
22260.00,E2C_0,48.00,17.40,17.40
22260.00,E2C_1,51.00,47.41,47.41
22260.00,E2C_2,46.00,38.21,38.21
22260.00,E2C_3,59.00,43.61,43.61
22260.00,N2C_1,3.00,3.21,3.21
22260.00,N2C_2,26.00,11.99,11.99
22260.00,N2C_3,48.00,130.56,130.56
22260.00,S2C_1,3.00,16.21,16.21
22260.00,S2C_2,54.00,13.21,16.57
22260.00,S2C_3,43.00,163.20,163.20
22260.00,W2C_0,49.00,19.91,35.43
22260.00,W2C_1,50.00,54.01,54.01
22260.00,W2C_2,43.00,53.41,53.41
22260.00,W2C_3,66.00,105.17,105.17
22320.00,E2C_2,0.00,0.00,3.30
22320.00,E2C_3,11.00,37.88,54.12
22320.00,N2C_0,25.00,11.90,11.90
22320.00,N2C_1,55.00,49.31,49.31
22320.00,N2C_2,56.00,39.81,50.87
22320.00,N2C_3,55.00,140.53,140.53
22320.00,S2C_0,15.00,18.20,18.20
22320.00,S2C_1,60.00,51.51,51.51
22320.00,S2C_2,114.00,46.01,50.97
22320.00,S2C_3,59.00,193.13,193.13
22320.00,W2C_1,2.00,3.21,3.21
22320.00,W2C_3,4.00,42.42,69.31
22380.00,E2C_0,36.00,25.91,25.91
22380.00,E2C_1,42.00,26.61,33.65
22380.00,E2C_2,38.00,27.41,27.41
22380.00,E2C_3,55.00,64.01,64.01
22380.00,N2C_0,1.00,3.21,3.21
22380.00,N2C_1,0.00,0.00,3.58
22380.00,N2C_3,39.00,148.71,148.71
22380.00,S2C_1,4.00,13.00,13.00
22380.00,S2C_2,7.00,13.69,13.69
22380.00,S2C_3,12.00,183.56,198.92
22380.00,W2C_0,45.00,36.71,36.71
22380.00,W2C_1,48.00,31.61,31.61
22380.00,W2C_2,37.00,31.41,31.41
22380.00,W2C_3,60.00,99.52,99.52
22440.00,E2C_0,0.00,0.00,4.08
22440.00,E2C_3,7.00,25.10,67.63
22440.00,N2C_0,43.00,16.60,16.60
22440.00,N2C_1,53.00,54.61,54.61
22440.00,N2C_2,40.00,59.21,59.21
22440.00,N2C_3,58.00,162.23,162.23
22440.00,S2C_0,30.00,14.16,14.16
22440.00,S2C_1,56.00,47.61,47.61
22440.00,S2C_2,67.00,48.06,48.06
22440.00,S2C_3,60.00,221.65,224.89
22440.00,W2C_2,2.00,13.00,13.00
22440.00,W2C_3,5.00,22.41,81.64
22500.00,:Center_11_0,33.00,15.70,8.70
22500.00,E2C_0,49.00,32.61,32.61
22500.00,E2C_1,15.00,20.50,20.50
22500.00,E2C_2,24.00,25.61,25.61
22500.00,E2C_3,65.00,79.89,79.89
22500.00,N2C_2,20.00,13.24,13.24
22500.00,N2C_3,29.00,136.08,143.15
22500.00,S2C_0,5.00,4.67,11.85
22500.00,S2C_1,11.00,71.24,71.24
22500.00,S2C_2,35.00,80.24,80.24
22500.00,S2C_3,43.00,190.35,206.08
22500.00,W2C_0,41.00,14.90,14.90
22500.00,W2C_1,41.00,61.85,61.85
22500.00,W2C_2,31.00,50.01,50.01
22500.00,W2C_3,64.00,79.12,79.12
22560.00,E2C_2,0.00,0.00,3.74
22560.00,E2C_3,43.00,104.77,104.77
22560.00,N2C_0,20.00,18.70,18.70
22560.00,N2C_1,56.00,57.11,57.11
22560.00,N2C_2,38.00,54.81,54.81
22560.00,N2C_3,53.00,145.34,152.39
22560.00,S2C_0,60.00,41.28,41.28
22560.00,S2C_1,60.00,101.51,101.51
22560.00,S2C_2,60.00,96.61,107.91
22560.00,S2C_3,55.00,223.77,223.77
22560.00,W2C_2,0.00,0.00,5.71
22560.00,W2C_3,7.00,18.79,75.58
22620.00,E2C_0,10.00,6.40,6.40
22620.00,E2C_1,38.00,27.51,27.51
22620.00,E2C_2,37.00,23.81,23.81
22620.00,E2C_3,89.00,157.73,161.38
22620.00,N2C_2,1.00,5.50,5.50
22620.00,N2C_3,42.00,153.59,160.30
22620.00,S2C_1,2.00,4.00,15.01
22620.00,S2C_2,3.00,12.16,51.58
22620.00,S2C_3,37.00,179.67,245.99
22620.00,W2C_0,30.00,20.20,20.20
22620.00,W2C_1,51.00,45.21,45.21
22620.00,W2C_2,44.00,41.92,41.92
22620.00,W2C_3,64.00,91.37,91.37
22680.00,E2C_3,4.00,10.00,28.98
22680.00,N2C_0,42.00,21.90,21.90
22680.00,N2C_1,55.00,37.21,37.21
22680.00,N2C_2,55.00,37.41,37.41
22680.00,N2C_3,55.00,186.94,186.94
22680.00,S2C_0,56.00,26.50,26.50
22680.00,S2C_1,60.00,72.01,75.50
22680.00,S2C_2,63.00,79.58,79.58
22680.00,S2C_3,62.00,211.35,239.60
22680.00,W2C_1,60.00,87.21,90.91
22680.00,W2C_2,59.00,97.92,97.92
22680.00,W2C_3,9.00,83.61,83.61
22740.00,:Center_11_0,0.00,0.00,9.99
22740.00,E2C_0,37.00,18.70,18.70
22740.00,E2C_1,50.00,32.61,32.61
22740.00,E2C_2,42.00,31.41,35.21
22740.00,E2C_3,63.00,103.52,103.52
22740.00,N2C_1,4.00,3.21,3.21
22740.00,N2C_2,0.00,0.00,3.28
22740.00,N2C_3,37.00,172.77,214.90
22740.00,S2C_1,1.00,4.00,7.25
22740.00,S2C_2,27.00,30.17,34.72
22740.00,S2C_3,32.00,248.81,253.44
22740.00,W2C_0,45.00,13.60,13.60
22740.00,W2C_1,120.00,140.63,147.67
22740.00,W2C_2,119.00,136.82,140.08
22740.00,W2C_3,61.00,76.51,76.51
22800.00,E2C_2,3.00,3.22,3.22
22800.00,E2C_3,48.00,111.16,114.58
22800.00,N2C_0,35.00,26.50,26.50
22800.00,N2C_1,46.00,25.10,25.10
22800.00,N2C_2,41.00,24.91,24.91
22800.00,N2C_3,64.00,247.97,247.97
22800.00,S2C_0,55.00,12.80,12.80
22800.00,S2C_1,60.00,75.23,75.23
22800.00,S2C_2,87.00,73.57,73.57
22800.00,S2C_3,60.00,299.23,299.23
22800.00,W2C_1,2.00,5.50,19.73
22800.00,W2C_2,1.00,3.26,10.45
22800.00,W2C_3,2.00,23.76,41.40
22860.00,E2C_0,9.00,15.70,15.70
22860.00,E2C_1,48.00,32.81,32.81
22860.00,E2C_2,53.00,42.41,42.41
22860.00,E2C_3,53.00,124.82,124.82
22860.00,N2C_1,3.00,5.50,5.50
22860.00,N2C_2,12.00,32.59,40.16
22860.00,N2C_3,27.00,220.57,231.75
22860.00,S2C_0,1.00,3.20,3.20
22860.00,S2C_1,4.00,10.04,10.04
22860.00,S2C_2,2.00,5.50,5.50
22860.00,S2C_3,55.00,307.75,307.75
22860.00,W2C_0,32.00,27.16,27.16
22860.00,W2C_1,60.00,45.91,45.91
22860.00,W2C_2,59.00,46.13,46.13
22860.00,W2C_3,54.00,61.31,61.31
22920.00,E2C_0,4.00,4.00,4.00
22920.00,E2C_3,38.00,134.97,134.97
22920.00,N2C_0,15.00,15.41,22.48
22920.00,N2C_1,55.00,44.61,51.63
22920.00,N2C_2,72.00,45.04,45.04
22920.00,N2C_3,86.00,233.58,233.58
22920.00,S2C_0,40.00,30.61,30.61
22920.00,S2C_1,62.00,36.98,44.09
22920.00,S2C_2,57.00,33.01,36.28
22920.00,S2C_3,56.00,265.55,329.56
22920.00,W2C_1,1.00,3.23,3.23
22920.00,W2C_2,1.00,4.01,4.01
22920.00,W2C_3,4.00,12.23,33.01
22980.00,:Center_11_0,0.00,0.00,12.12
22980.00,E2C_0,49.00,26.41,26.41
22980.00,E2C_1,42.00,28.70,28.70
22980.00,E2C_2,39.00,22.11,22.11
22980.00,E2C_3,93.00,169.14,169.14
22980.00,N2C_1,1.00,4.03,4.03
22980.00,N2C_2,19.00,23.22,26.70
22980.00,N2C_3,53.00,224.94,224.94
22980.00,S2C_0,1.00,4.00,4.00
22980.00,S2C_2,15.00,37.66,37.66
22980.00,S2C_3,48.00,183.47,318.36
22980.00,W2C_0,39.00,28.12,33.13
22980.00,W2C_1,53.00,38.73,42.72
22980.00,W2C_2,51.00,40.71,40.71
22980.00,W2C_3,62.00,39.11,39.11
23040.00,:Center_15_0,0.00,0.00,9.42
23040.00,E2C_1,1.00,3.28,3.28
23040.00,E2C_2,6.00,20.16,20.16
23040.00,E2C_3,15.00,167.67,167.67
23040.00,N2C_0,26.00,35.48,35.48
23040.00,N2C_1,55.00,54.11,54.11
23040.00,N2C_2,58.00,55.11,55.11
23040.00,N2C_3,91.00,262.45,262.45
23040.00,S2C_0,32.00,18.70,18.70
23040.00,S2C_1,44.00,43.93,43.93
23040.00,S2C_2,73.00,51.70,51.70
23040.00,S2C_3,52.00,317.18,317.18
23040.00,W2C_3,27.00,29.15,29.15
23100.00,E2C_0,36.00,14.70,14.70
23100.00,E2C_1,54.00,50.71,55.25
23100.00,E2C_2,52.00,50.74,57.80
23100.00,E2C_3,60.00,176.33,176.33
23100.00,N2C_0,2.00,3.30,3.30
23100.00,N2C_1,0.00,0.00,3.25
23100.00,N2C_2,10.00,28.81,28.81
23100.00,N2C_3,24.00,123.67,250.08
23100.00,S2C_1,4.00,10.24,24.90
23100.00,S2C_2,27.00,21.94,29.26
23100.00,S2C_3,44.00,307.98,338.20
23100.00,W2C_0,33.00,17.90,17.90
23100.00,W2C_1,55.00,27.61,27.61
23100.00,W2C_2,51.00,23.41,23.41
23100.00,W2C_3,54.00,76.21,76.21
23160.00,E2C_0,3.00,10.21,10.21
23160.00,E2C_1,4.00,13.00,13.00
23160.00,E2C_2,17.00,10.24,10.24
23160.00,E2C_3,16.00,154.50,205.54
23160.00,N2C_0,33.00,14.70,14.70
23160.00,N2C_1,54.00,46.61,46.61
23160.00,N2C_2,64.00,44.64,47.88
23160.00,N2C_3,57.00,232.31,232.31
23160.00,S2C_0,47.00,20.00,20.00
23160.00,S2C_1,62.00,69.11,69.11
23160.00,S2C_2,58.00,66.78,66.78
23160.00,S2C_3,56.00,363.35,363.35
23160.00,W2C_2,0.00,0.00,5.51
23160.00,W2C_3,39.00,72.15,72.15
23220.00,:Center_3_0,0.00,0.00,11.30
23220.00,E2C_0,62.00,29.41,29.41
23220.00,E2C_1,44.00,33.51,33.51
23220.00,E2C_2,77.00,33.60,33.60
23220.00,E2C_3,57.00,202.34,212.88
23220.00,N2C_0,6.00,2.30,2.30
23220.00,N2C_1,2.00,5.50,9.23
23220.00,N2C_2,55.00,87.00,87.00
23220.00,N2C_3,40.00,207.22,210.54
23220.00,S2C_1,3.00,10.22,13.66
23220.00,S2C_2,53.00,42.30,42.30
23220.00,S2C_3,118.00,376.03,366.37
23220.00,W2C_0,53.00,28.21,28.21
23220.00,W2C_1,49.00,20.91,25.44
23220.00,W2C_2,43.00,26.50,26.50
23220.00,W2C_3,58.00,90.51,90.51
23280.00,E2C_0,0.00,0.00,10.14
23280.00,E2C_1,7.00,9.93,17.69
23280.00,E2C_2,1.00,13.01,16.90
23280.00,E2C_3,15.00,197.28,239.60
23280.00,N2C_0,40.00,17.71,17.71
23280.00,N2C_1,59.00,57.91,57.91
23280.00,N2C_2,115.00,76.40,76.40
23280.00,N2C_3,57.00,225.26,236.54
23280.00,S2C_0,27.00,15.40,15.40
23280.00,S2C_1,62.00,63.31,63.31
23280.00,S2C_2,113.00,62.19,62.19
23280.00,S2C_3,112.00,418.31,362.44
23280.00,W2C_1,0.00,0.00,4.46
23280.00,W2C_2,2.00,5.50,5.50
23280.00,W2C_3,9.00,40.78,59.04
23340.00,:Center_11_0,0.00,0.00,11.34
23340.00,E2C_0,55.00,67.54,78.67
23340.00,E2C_1,67.00,64.84,64.84
23340.00,E2C_2,59.00,67.71,67.71
23340.00,E2C_3,66.00,237.94,245.12
23340.00,N2C_1,1.00,3.22,6.55
23340.00,N2C_2,175.00,12.74,12.74
23340.00,N2C_3,34.00,213.87,252.95
23340.00,S2C_1,4.00,3.20,6.99
23340.00,S2C_2,49.00,45.11,48.45
23340.00,S2C_3,105.00,448.20,362.44
23340.00,W2C_0,14.00,6.40,6.40
23340.00,W2C_1,54.00,39.71,39.71
23340.00,W2C_2,57.00,43.73,43.73
23340.00,W2C_3,55.00,73.51,73.51
23400.00,E2C_0,0.00,0.00,3.36
23400.00,E2C_1,6.00,10.24,10.24
23400.00,E2C_2,22.00,14.37,18.20
23400.00,E2C_3,10.00,172.32,235.12
23400.00,N2C_0,39.00,30.61,30.61
23400.00,N2C_1,59.00,44.71,44.71
23400.00,N2C_2,235.00,40.25,40.25
23400.00,N2C_3,92.00,288.49,288.49
23400.00,S2C_1,58.00,61.52,68.53
23400.00,S2C_2,109.00,58.01,62.56
23400.00,S2C_3,107.00,436.41,361.91
23400.00,W2C_3,43.00,69.46,69.46
23460.00,:Center_3_0,0.00,0.00,17.58
23460.00,:Center_11_0,0.00,0.00,12.92
23460.00,E2C_0,51.00,24.40,24.40
23460.00,E2C_1,61.00,57.61,57.61
23460.00,E2C_2,82.00,53.48,56.69
23460.00,E2C_3,63.00,261.38,261.38
23460.00,N2C_1,2.00,5.50,9.27
23460.00,N2C_2,24.00,8.02,11.23
23460.00,N2C_3,75.00,312.79,312.79
23460.00,S2C_1,3.00,3.21,7.78
23460.00,S2C_2,23.00,202.41,202.41
23460.00,S2C_3,44.00,334.15,360.69
23460.00,W2C_0,17.00,10.20,10.20
23460.00,W2C_1,44.00,42.24,42.24
23460.00,W2C_2,50.00,39.81,44.56
23460.00,W2C_3,56.00,87.31,87.31
23520.00,E2C_0,3.00,5.50,5.50
23520.00,E2C_1,4.00,13.26,20.39
23520.00,E2C_2,52.00,28.03,28.03
23520.00,E2C_3,40.00,270.53,288.66
23520.00,N2C_0,16.00,7.20,7.20
23520.00,N2C_1,59.00,51.71,51.71
23520.00,N2C_2,84.00,56.63,56.63
23520.00,N2C_3,106.00,342.47,342.47
23520.00,S2C_0,50.00,42.31,45.58
23520.00,S2C_1,60.00,42.43,42.43
23520.00,S2C_2,51.00,68.77,68.77
23520.00,S2C_3,53.00,409.29,361.30
23520.00,W2C_2,3.00,3.20,3.20
23520.00,W2C_3,32.00,76.26,76.26
23580.00,:Center_3_0,2.00,9.58,9.58
23580.00,E2C_0,44.00,19.50,19.50
23580.00,E2C_1,63.00,54.91,54.91
23580.00,E2C_2,112.00,57.52,57.52
23580.00,E2C_3,100.00,308.70,308.70
23580.00,N2C_1,0.00,0.00,5.76
23580.00,N2C_2,54.00,73.57,73.57
23580.00,N2C_3,32.00,310.26,354.12
23580.00,S2C_1,0.00,0.00,4.39
23580.00,S2C_2,33.00,39.41,46.43
23580.00,S2C_3,44.00,445.14,366.26
23580.00,W2C_0,25.00,12.81,12.81
23580.00,W2C_1,45.00,30.41,33.63
23580.00,W2C_2,41.00,28.11,32.99
23580.00,W2C_3,62.00,95.92,95.92
23640.00,E2C_0,0.00,0.00,4.01
23640.00,E2C_3,96.00,322.10,322.10
23640.00,N2C_0,30.00,18.70,18.70
23640.00,N2C_1,52.00,51.61,51.61
23640.00,N2C_2,114.00,70.51,70.51
23640.00,N2C_3,63.00,363.03,363.03
23640.00,S2C_0,36.00,26.40,26.40
23640.00,S2C_1,54.00,53.81,60.88
23640.00,S2C_2,65.00,55.71,55.71
23640.00,S2C_3,63.00,462.48,361.66
23640.00,W2C_1,3.00,13.00,13.00
23640.00,W2C_2,1.00,5.51,5.51
23640.00,W2C_3,8.00,47.36,87.90
23700.00,E2C_0,46.00,25.00,25.00
23700.00,E2C_1,49.00,24.31,24.31
23700.00,E2C_2,45.00,26.56,26.56
23700.00,E2C_3,59.00,371.92,361.46
23700.00,N2C_2,29.00,58.15,58.15
23700.00,N2C_3,68.00,403.49,364.56
23700.00,S2C_1,3.00,3.24,17.63
23700.00,S2C_2,35.00,49.21,49.21
23700.00,S2C_3,54.00,463.95,360.26
23700.00,W2C_0,48.00,37.61,37.61
23700.00,W2C_1,48.00,50.21,50.21
23700.00,W2C_2,55.00,43.91,43.91
23700.00,W2C_3,53.00,78.12,78.12
23760.00,E2C_2,11.00,31.62,31.62
23760.00,E2C_3,25.00,178.27,361.63
23760.00,N2C_0,47.00,32.11,32.11
23760.00,N2C_1,54.00,52.61,52.61
23760.00,N2C_2,63.00,39.38,46.36
23760.00,N2C_3,63.00,411.94,366.79
23760.00,S2C_0,54.00,19.41,19.41
23760.00,S2C_1,55.00,117.93,117.93
23760.00,S2C_2,59.00,110.92,110.92
23760.00,S2C_3,57.00,465.86,363.42
23760.00,W2C_0,0.00,0.00,9.12
23760.00,W2C_1,0.00,0.00,4.37
23760.00,W2C_3,6.00,36.64,44.15
23820.00,E2C_0,53.00,13.40,13.40
23820.00,E2C_1,47.00,45.31,45.31
23820.00,E2C_2,71.00,51.57,51.57
23820.00,E2C_3,65.00,431.53,361.07
23820.00,N2C_0,0.00,0.00,5.54
23820.00,N2C_1,0.00,0.00,5.57
23820.00,N2C_2,51.00,35.53,35.53
23820.00,N2C_3,54.00,428.97,365.05
23820.00,S2C_2,53.00,122.86,129.91
23820.00,S2C_3,68.00,469.75,362.46
23820.00,W2C_0,42.00,30.71,30.71
23820.00,W2C_1,55.00,32.11,36.16
23820.00,W2C_2,51.00,42.31,42.31
23820.00,W2C_3,65.00,67.92,67.92
23880.00,E2C_1,2.00,5.50,5.50
23880.00,E2C_2,50.00,69.62,69.62
23880.00,E2C_3,39.00,438.06,364.60
23880.00,N2C_0,54.00,27.40,27.40
23880.00,N2C_1,52.00,48.51,48.51
23880.00,N2C_2,111.00,57.24,57.24
23880.00,N2C_3,108.00,454.91,365.50
23880.00,S2C_0,31.00,21.11,21.11
23880.00,S2C_1,50.00,71.01,74.24
23880.00,S2C_2,109.00,125.10,125.10
23880.00,S2C_3,110.00,433.27,364.44
23880.00,W2C_2,3.00,5.50,5.50
23880.00,W2C_3,45.00,60.66,64.87
23940.00,E2C_0,26.00,20.61,20.61
23940.00,E2C_1,57.00,75.71,75.71
23940.00,E2C_2,110.00,68.73,68.73
23940.00,E2C_3,58.00,433.55,372.00
23940.00,N2C_0,2.00,3.20,3.20
23940.00,N2C_1,36.00,62.36,62.36
23940.00,N2C_2,21.00,396.63,84.84
23940.00,N2C_3,41.00,421.18,365.40
23940.00,S2C_1,11.00,122.11,130.40
23940.00,S2C_2,165.00,140.45,140.45
23940.00,S2C_3,101.00,469.46,364.29
23940.00,W2C_0,29.00,6.40,6.40
23940.00,W2C_1,46.00,51.01,51.01
23940.00,W2C_2,40.00,51.01,51.01
23940.00,W2C_3,55.00,69.42,69.42
24000.00,E2C_1,3.00,83.45,83.45
24000.00,E2C_2,170.00,80.24,80.24
24000.00,E2C_3,49.00,445.28,369.06
24000.00,N2C_1,54.00,49.41,52.90
24000.00,N2C_2,64.00,93.51,93.51
24000.00,N2C_3,62.00,457.83,362.06
24000.00,S2C_0,40.00,14.70,17.93
24000.00,S2C_1,66.00,135.47,142.57
24000.00,S2C_2,54.00,168.54,184.15
24000.00,S2C_3,58.00,468.23,363.08
24000.00,W2C_2,1.00,3.22,3.22
24000.00,W2C_3,27.00,78.96,78.96
24060.00,:Center_11_0,0.00,0.00,21.31
24060.00,E2C_0,33.00,43.61,43.61
24060.00,E2C_1,61.00,73.01,73.01
24060.00,E2C_2,230.00,73.48,78.01
24060.00,E2C_3,67.00,454.21,364.22
24060.00,N2C_0,4.00,363.52,363.52
24060.00,N2C_1,11.00,65.09,65.09
24060.00,N2C_2,25.00,100.49,305.59
24060.00,N2C_3,11.00,161.54,364.46
24060.00,S2C_0,1.00,3.20,3.20
24060.00,S2C_1,1.00,5.50,189.09
24060.00,S2C_2,42.00,199.91,199.91
24060.00,S2C_3,53.00,464.45,361.76
24060.00,W2C_0,36.00,23.41,23.41
24060.00,W2C_1,46.00,30.81,30.81
24060.00,W2C_2,47.00,31.31,31.31
24060.00,W2C_3,54.00,95.52,95.52
24120.00,:Center_11_0,55.00,12.10,12.10
24120.00,E2C_0,1.00,3.21,3.21
24120.00,E2C_2,0.00,0.00,24.06
24120.00,E2C_3,6.00,389.38,359.84
24120.00,N2C_0,41.00,45.41,45.41
24120.00,N2C_1,44.00,97.51,104.08
24120.00,N2C_2,39.00,128.03,128.03
24120.00,N2C_3,52.00,445.85,360.16
24120.00,S2C_0,56.00,38.61,43.28
24120.00,S2C_1,59.00,186.98,194.22
24120.00,S2C_2,96.00,221.53,237.05
24120.00,S2C_3,63.00,420.34,361.50
24120.00,W2C_1,59.00,55.61,55.61
24120.00,W2C_2,59.00,53.41,53.41
24120.00,W2C_3,28.00,101.06,101.06
24180.00,E2C_0,46.00,9.60,9.60
24180.00,E2C_1,41.00,73.52,73.52
24180.00,E2C_2,46.00,75.12,75.12
24180.00,E2C_3,58.00,276.02,328.25
24180.00,N2C_1,13.00,61.91,66.48
24180.00,N2C_2,98.00,94.95,101.96
24180.00,N2C_3,56.00,409.62,361.97
24180.00,S2C_1,2.00,16.24,205.26
24180.00,S2C_2,47.00,229.44,229.44
24180.00,S2C_3,56.00,462.91,363.26
24180.00,W2C_0,56.00,38.36,42.23
24180.00,W2C_1,119.00,92.82,92.82
24180.00,W2C_2,119.00,96.32,96.32
24180.00,W2C_3,58.00,112.12,112.12
24240.00,E2C_1,0.00,0.00,3.59
24240.00,E2C_2,55.00,61.08,61.08
24240.00,E2C_3,45.00,363.96,363.96
24240.00,N2C_0,47.00,67.50,70.72
24240.00,N2C_1,70.00,75.79,85.07
24240.00,N2C_2,158.00,101.14,101.14
24240.00,N2C_3,71.00,455.76,360.20
24240.00,S2C_0,32.00,41.20,41.20
24240.00,S2C_1,61.00,199.95,199.95
24240.00,S2C_2,107.00,244.25,244.25
24240.00,S2C_3,62.00,447.29,363.61
24240.00,W2C_3,35.00,133.68,133.68
24300.00,E2C_0,37.00,36.70,36.70
24300.00,E2C_1,58.00,63.42,63.42
24300.00,E2C_2,115.00,60.53,60.53
24300.00,E2C_3,60.00,394.62,361.90
24300.00,N2C_0,5.00,6.40,6.40
24300.00,N2C_1,43.00,84.70,100.38
24300.00,N2C_2,42.00,167.93,167.93
24300.00,N2C_3,43.00,354.44,370.02
24300.00,S2C_1,3.00,6.42,227.14
24300.00,S2C_2,100.00,300.00,300.00
24300.00,S2C_3,25.00,366.06,361.99
24300.00,W2C_0,39.00,41.81,41.81
24300.00,W2C_1,35.00,20.92,20.92
24300.00,W2C_2,44.00,21.11,24.37
24300.00,W2C_3,59.00,156.03,156.03
24360.00,E2C_2,175.00,71.32,71.32
24360.00,E2C_3,51.00,417.37,364.96
24360.00,N2C_0,63.00,31.51,31.51
24360.00,N2C_1,30.00,154.88,154.88
24360.00,N2C_2,82.00,173.58,173.58
24360.00,N2C_3,56.00,451.90,367.55
24360.00,S2C_0,49.00,27.61,34.72
24360.00,S2C_1,62.00,223.27,223.27
24360.00,S2C_2,90.00,279.90,279.90
24360.00,S2C_3,59.00,448.27,361.88
24360.00,W2C_1,1.00,5.52,5.52
24360.00,W2C_2,14.00,35.38,35.38
24360.00,W2C_3,41.00,139.79,155.39
24420.00,E2C_0,43.00,14.70,14.70
24420.00,E2C_1,49.00,72.92,72.92
24420.00,E2C_2,235.00,71.73,71.73
24420.00,E2C_3,65.00,399.67,360.91
24420.00,N2C_1,3.00,6.46,13.65
24420.00,N2C_2,95.00,173.49,173.49
24420.00,N2C_3,48.00,468.80,363.17
24420.00,S2C_0,0.00,0.00,5.54
24420.00,S2C_1,26.00,181.61,257.21
24420.00,S2C_2,52.00,275.47,280.22
24420.00,S2C_3,55.00,445.39,363.76
24420.00,W2C_1,35.00,52.46,52.46
24420.00,W2C_2,49.00,50.35,53.75
24420.00,W2C_3,55.00,183.13,183.13
24480.00,E2C_1,3.00,24.00,24.00
24480.00,E2C_2,295.00,97.84,97.84
24480.00,E2C_3,43.00,324.12,363.85
24480.00,N2C_0,43.00,21.70,21.70
24480.00,N2C_1,61.00,141.88,148.94
24480.00,N2C_2,155.00,184.36,184.36
24480.00,N2C_3,106.00,462.54,366.42
24480.00,S2C_0,46.00,32.51,32.51
24480.00,S2C_1,61.00,179.45,179.45
24480.00,S2C_2,112.00,311.34,311.34
24480.00,S2C_3,56.00,435.48,370.36
24480.00,W2C_0,2.00,4.00,4.00
24480.00,W2C_1,1.00,3.21,3.21
24480.00,W2C_2,5.00,2.73,2.73
24480.00,W2C_3,33.00,164.02,175.07
24540.00,E2C_0,43.00,46.91,46.91
24540.00,E2C_1,61.00,112.21,112.21
24540.00,E2C_2,236.00,106.22,106.22
24540.00,E2C_3,59.00,430.74,360.80
24540.00,N2C_0,0.00,0.00,61.65
24540.00,N2C_1,21.00,121.42,200.12
24540.00,N2C_2,46.00,187.50,187.50
24540.00,N2C_3,16.00,257.97,362.46
24540.00,S2C_0,8.00,160.85,160.85
24540.00,S2C_1,11.00,157.17,208.80
24540.00,S2C_2,51.00,298.95,298.95
24540.00,S2C_3,34.00,454.84,364.56
24540.00,W2C_0,49.00,32.91,32.91
24540.00,W2C_1,48.00,32.01,32.01
24540.00,W2C_2,55.00,33.33,33.33
24540.00,W2C_3,56.00,186.34,186.34
24600.00,E2C_1,14.00,62.11,62.11
24600.00,E2C_2,15.00,97.41,97.41
24600.00,E2C_3,58.00,441.88,366.36
24600.00,N2C_0,35.00,13.37,13.37
24600.00,N2C_1,47.00,150.28,218.79
24600.00,N2C_2,63.00,226.54,226.54
24600.00,N2C_3,55.00,444.25,365.65
24600.00,S2C_0,35.00,46.37,46.37
24600.00,S2C_1,71.00,156.44,254.83
24600.00,S2C_2,111.00,304.16,311.21
24600.00,S2C_3,63.00,423.55,362.37
24600.00,W2C_0,2.00,8.73,8.73
24600.00,W2C_2,2.00,5.50,5.50
24600.00,W2C_3,41.00,192.79,203.43
24660.00,E2C_0,22.00,11.15,11.15
24660.00,E2C_1,12.00,36.62,77.70
24660.00,E2C_2,60.00,74.91,74.91
24660.00,E2C_3,58.00,446.52,362.80
24660.00,N2C_1,34.00,96.80,230.56
24660.00,N2C_2,49.00,265.90,265.90
24660.00,N2C_3,59.00,463.38,364.26
24660.00,S2C_0,5.00,58.03,58.03
24660.00,S2C_1,15.00,240.59,247.66
24660.00,S2C_2,126.00,350.93,350.93
24660.00,S2C_3,43.00,455.21,363.96
24660.00,W2C_0,61.00,26.61,26.61
24660.00,W2C_1,49.00,26.61,26.61
24660.00,W2C_2,45.00,25.91,33.15
24660.00,W2C_3,62.00,251.72,251.72
24720.00,E2C_1,3.00,6.42,6.42
24720.00,E2C_2,55.00,105.39,108.60
24720.00,E2C_3,22.00,450.73,371.75
24720.00,N2C_0,45.00,10.84,10.84
24720.00,N2C_1,52.00,141.56,199.65
24720.00,N2C_2,49.00,289.57,289.57
24720.00,N2C_3,62.00,471.65,362.42
24720.00,S2C_0,65.00,86.74,86.74
24720.00,S2C_1,51.00,285.40,285.40
24720.00,S2C_2,70.00,365.83,365.83
24720.00,S2C_3,55.00,464.64,363.46
24720.00,W2C_0,1.00,5.53,5.53
24720.00,W2C_2,23.00,37.42,37.42
24720.00,W2C_3,20.00,166.61,232.55
24780.00,E2C_0,48.00,17.40,17.40
24780.00,E2C_1,61.00,87.82,87.82
24780.00,E2C_2,89.00,117.50,117.50
24780.00,E2C_3,59.00,435.96,362.13
24780.00,N2C_1,1.00,291.85,291.85
24780.00,N2C_2,39.00,314.95,314.95
24780.00,N2C_3,52.00,444.08,361.46
24780.00,S2C_0,125.00,222.27,222.27
24780.00,S2C_1,46.00,283.45,300.81
24780.00,S2C_2,70.00,394.85,359.09
24780.00,S2C_3,48.00,467.25,362.16
24780.00,W2C_0,33.00,38.21,38.21
24780.00,W2C_1,50.00,26.40,26.40
24780.00,W2C_2,58.00,27.72,27.72
24780.00,W2C_3,50.00,278.49,278.49
24840.00,E2C_1,2.00,7.77,24.65
24840.00,E2C_2,53.00,109.41,109.41
24840.00,E2C_3,81.00,465.11,364.35
24840.00,N2C_0,52.00,42.00,49.01
24840.00,N2C_1,56.00,367.44,204.48
24840.00,N2C_2,58.00,316.57,316.57
24840.00,N2C_3,62.00,411.07,363.28
24840.00,S2C_0,185.00,256.77,256.77
24840.00,S2C_1,106.00,370.64,363.63
24840.00,S2C_2,130.00,410.51,369.99
24840.00,S2C_3,107.00,469.02,364.57
24840.00,W2C_0,0.00,0.00,3.20
24840.00,W2C_1,3.00,10.32,10.32
24840.00,W2C_2,55.00,5.42,5.42
24840.00,W2C_3,46.00,207.64,280.27
24900.00,E2C_0,37.00,32.21,32.21
24900.00,E2C_1,61.00,107.92,107.92
24900.00,E2C_2,113.00,106.65,109.92
24900.00,E2C_3,63.00,465.70,365.88
24900.00,N2C_1,3.00,10.28,221.74
24900.00,N2C_2,37.00,260.23,260.23
24900.00,N2C_3,44.00,458.16,369.26
24900.00,S2C_0,58.00,204.36,208.91
24900.00,S2C_1,41.00,326.54,363.10
24900.00,S2C_2,57.00,452.51,365.80
24900.00,S2C_3,83.00,458.85,364.51
24900.00,W2C_0,51.00,19.81,23.83
24900.00,W2C_1,63.00,32.01,32.01
24900.00,W2C_2,115.00,33.53,33.53
24900.00,W2C_3,56.00,306.25,306.25
24960.00,:Center_15_0,0.00,0.00,11.77
24960.00,E2C_1,7.00,54.41,65.34
24960.00,E2C_2,101.00,108.65,108.65
24960.00,E2C_3,56.00,464.97,363.40
24960.00,N2C_0,55.00,28.81,28.81
24960.00,N2C_1,61.00,94.12,101.20
24960.00,N2C_2,60.00,269.30,269.30
24960.00,N2C_3,61.00,470.63,370.28
24960.00,S2C_0,103.00,226.80,226.80
24960.00,S2C_1,101.00,477.65,361.04
24960.00,S2C_2,112.00,473.72,365.80
24960.00,S2C_3,111.00,457.34,366.73
24960.00,W2C_1,4.00,5.50,5.50
24960.00,W2C_2,2.00,3.28,10.64
24960.00,W2C_3,51.00,321.65,321.65
25020.00,E2C_0,45.00,10.20,10.20
25020.00,E2C_1,25.00,68.81,78.06
25020.00,E2C_2,45.00,130.72,130.72
25020.00,E2C_3,70.00,466.95,364.26
25020.00,N2C_1,28.00,226.04,226.04
25020.00,N2C_2,23.00,248.82,248.82
25020.00,N2C_3,43.00,431.00,361.66
25020.00,S2C_0,102.00,291.64,302.65
25020.00,S2C_1,54.00,474.41,362.69
25020.00,S2C_2,129.00,471.21,364.18
25020.00,S2C_3,99.00,466.81,366.73
25020.00,W2C_0,50.00,20.20,20.20
25020.00,W2C_1,54.00,41.41,41.41
25020.00,W2C_2,58.00,37.91,37.91
25020.00,W2C_3,106.00,341.43,341.43
25080.00,:Center_7_0,0.00,0.00,11.69
25080.00,:Center_15_0,0.00,0.00,9.85
25080.00,E2C_0,1.00,3.31,3.31
25080.00,E2C_1,8.00,48.70,48.70
25080.00,E2C_2,51.00,150.52,150.52
25080.00,E2C_3,42.00,470.91,363.25
25080.00,N2C_0,31.00,21.90,21.90
25080.00,N2C_1,50.00,64.31,64.31
25080.00,N2C_2,83.00,218.48,218.48
25080.00,N2C_3,88.00,420.32,364.51
25080.00,S2C_0,47.00,384.83,362.29
25080.00,S2C_1,60.00,389.32,369.30
25080.00,S2C_2,186.00,457.07,362.83
25080.00,S2C_3,111.00,473.22,362.63
25080.00,W2C_2,1.00,3.22,3.22
25080.00,W2C_3,92.00,371.61,364.61
25140.00,:Center_7_0,59.00,5.50,5.50
25140.00,E2C_0,52.00,28.21,28.21
25140.00,E2C_1,68.00,62.21,114.17
25140.00,E2C_2,84.00,133.86,138.62
25140.00,E2C_3,58.00,427.54,364.24
25140.00,N2C_1,59.00,119.02,119.02
25140.00,N2C_2,56.00,175.50,175.50
25140.00,N2C_3,70.00,470.73,363.27
25140.00,S2C_0,45.00,481.34,319.56
25140.00,S2C_1,10.00,366.65,363.25
25140.00,S2C_2,65.00,475.94,362.82
25140.00,S2C_3,57.00,476.85,365.89
25140.00,W2C_0,37.00,30.41,30.41
25140.00,W2C_1,51.00,31.71,31.71
25140.00,W2C_2,55.00,29.65,29.65
25140.00,W2C_3,107.00,394.95,362.80
25200.00,:Center_7_0,0.00,0.00,11.63
25200.00,E2C_0,0.00,0.00,3.23
25200.00,E2C_2,77.00,182.53,182.53
25200.00,E2C_3,57.00,464.88,361.65
25200.00,N2C_0,0.00,0.00,3.21
25200.00,N2C_1,119.00,189.54,205.05
25200.00,N2C_2,116.00,191.80,191.80
25200.00,N2C_3,112.00,468.57,364.17
25200.00,S2C_0,58.00,464.35,267.24
25200.00,S2C_1,52.00,474.27,352.31
25200.00,S2C_2,101.00,472.74,364.45
25200.00,S2C_3,62.00,472.75,363.97
25200.00,W2C_1,1.00,4.00,4.00
25200.00,W2C_2,30.00,80.68,92.88
25200.00,W2C_3,51.00,253.20,345.71
25260.00,E2C_0,58.00,35.11,35.11
25260.00,E2C_1,57.00,118.33,118.33
25260.00,E2C_2,103.00,194.12,194.12
25260.00,E2C_3,115.00,460.33,362.90
25260.00,N2C_0,1.00,3.23,3.23
25260.00,N2C_1,4.00,8.71,211.88
25260.00,N2C_2,115.00,253.38,253.38
25260.00,N2C_3,176.00,450.52,360.96
25260.00,S2C_0,3.00,3.20,11.57
25260.00,S2C_1,16.00,474.83,304.92
25260.00,S2C_2,149.00,447.04,333.20
25260.00,S2C_3,47.00,449.05,359.96
25260.00,W2C_1,48.00,76.11,82.88
25260.00,W2C_2,90.00,85.18,85.18
25260.00,W2C_3,110.00,338.40,341.68
25320.00,:Center_7_0,0.00,0.00,10.17
25320.00,E2C_0,1.00,49.00,53.31
25320.00,E2C_1,10.00,175.08,179.30
25320.00,E2C_2,163.00,355.78,355.78
25320.00,E2C_3,90.00,393.17,366.11
25320.00,N2C_0,53.00,28.11,28.11
25320.00,N2C_1,62.00,203.92,239.19
25320.00,N2C_2,138.00,251.17,251.17
25320.00,N2C_3,105.00,466.67,367.93
25320.00,S2C_0,60.00,185.06,185.06
25320.00,S2C_1,62.00,125.54,360.68
25320.00,S2C_2,71.00,463.46,362.60
25320.00,S2C_3,66.00,465.00,368.81
25320.00,W2C_1,0.00,0.00,14.35
25320.00,W2C_2,8.00,106.45,106.45
25320.00,W2C_3,12.00,324.82,347.13
25380.00,E2C_0,27.00,19.81,19.81
25380.00,E2C_1,37.00,169.46,225.04
25380.00,E2C_2,55.00,247.56,247.56
25380.00,E2C_3,55.00,465.53,360.29
25380.00,N2C_1,3.00,249.64,272.96
25380.00,N2C_2,53.00,269.24,272.58
25380.00,N2C_3,88.00,464.40,367.06
25380.00,S2C_0,30.00,253.84,253.84
25380.00,S2C_1,7.00,325.44,360.18
25380.00,S2C_2,116.00,464.02,362.60
25380.00,S2C_3,67.00,470.83,364.24
25380.00,W2C_0,19.00,6.40,6.40
25380.00,W2C_1,59.00,79.51,87.90
25380.00,W2C_2,59.00,78.39,82.96
25380.00,W2C_3,58.00,219.50,340.17
25440.00,E2C_0,4.00,8.72,8.72
25440.00,E2C_1,10.00,23.01,259.44
25440.00,E2C_2,115.00,254.90,254.90
25440.00,E2C_3,42.00,467.95,371.35
25440.00,N2C_0,33.00,65.61,65.61
25440.00,N2C_1,63.00,174.35,271.02
25440.00,N2C_2,113.00,298.60,298.60
25440.00,N2C_3,99.00,472.93,367.01
25440.00,S2C_0,60.00,128.08,314.01
25440.00,S2C_1,63.00,374.11,363.20
25440.00,S2C_2,176.00,478.02,362.60
25440.00,S2C_3,109.00,475.62,366.36
25440.00,W2C_1,3.00,21.01,21.01
25440.00,W2C_2,27.00,26.24,26.24
25440.00,W2C_3,36.00,327.12,334.33
25500.00,:Center_11_0,0.00,0.00,14.22
25500.00,E2C_0,62.00,26.46,26.46
25500.00,E2C_1,70.00,234.56,234.56
25500.00,E2C_2,175.00,259.19,259.19
25500.00,E2C_3,57.00,470.22,364.81
25500.00,N2C_0,9.00,271.87,271.87
25500.00,N2C_1,3.00,123.10,316.90
25500.00,N2C_2,43.00,322.48,322.48
25500.00,N2C_3,75.00,447.72,363.59
25500.00,S2C_0,4.00,16.51,16.51
25500.00,S2C_1,103.00,463.71,347.78
25500.00,S2C_2,156.00,472.62,363.60
25500.00,S2C_3,71.00,471.82,364.78
25500.00,W2C_0,21.00,9.60,9.60
25500.00,W2C_1,61.00,53.61,56.93
25500.00,W2C_2,87.00,59.33,59.33
25500.00,W2C_3,56.00,286.32,342.14
25560.00,:Center_11_0,55.00,4.60,4.60
25560.00,E2C_1,5.00,228.54,283.38
25560.00,E2C_2,79.00,298.54,298.54
25560.00,E2C_3,29.00,447.91,364.55
25560.00,N2C_0,64.00,306.26,306.26
25560.00,N2C_1,60.00,327.28,338.31
25560.00,N2C_2,96.00,339.64,339.64
25560.00,N2C_3,57.00,450.26,362.88
25560.00,S2C_0,62.00,272.11,272.11
25560.00,S2C_1,56.00,314.95,357.66
25560.00,S2C_2,69.00,470.13,363.11
25560.00,S2C_3,59.00,467.44,363.13
25560.00,W2C_0,0.00,0.00,5.61
25560.00,W2C_1,60.00,75.11,75.11
25560.00,W2C_2,147.00,82.67,82.67
25560.00,W2C_3,47.00,332.66,332.66
25620.00,E2C_0,45.00,52.97,52.97
25620.00,E2C_1,61.00,129.82,284.91
25620.00,E2C_2,58.00,303.01,303.01
25620.00,E2C_3,61.00,469.66,363.35
25620.00,N2C_0,3.00,11.03,11.03
25620.00,N2C_1,1.00,5.52,324.48
25620.00,N2C_2,70.00,345.74,345.74
25620.00,N2C_3,36.00,456.26,364.37
25620.00,S2C_0,52.00,434.19,359.06
25620.00,S2C_1,27.00,446.32,359.95
25620.00,S2C_2,101.00,480.33,365.59
25620.00,S2C_3,42.00,474.62,365.64
25620.00,W2C_0,58.00,25.91,41.49
25620.00,W2C_1,118.00,109.72,112.93
25620.00,W2C_2,207.00,112.17,119.47
25620.00,W2C_3,105.00,346.09,346.09
25680.00,E2C_0,0.00,0.00,5.80
25680.00,E2C_1,14.00,103.61,273.74
25680.00,E2C_2,36.00,283.88,283.88
25680.00,E2C_3,55.00,448.55,360.45
25680.00,N2C_0,61.00,74.67,74.67
25680.00,N2C_1,59.00,305.36,305.36
25680.00,N2C_2,68.00,341.42,341.42
25680.00,N2C_3,64.00,460.52,361.99
25680.00,S2C_0,112.00,476.30,361.99
25680.00,S2C_1,87.00,303.45,363.66
25680.00,S2C_2,110.00,477.81,365.59
25680.00,S2C_3,102.00,472.20,364.29
25680.00,W2C_0,2.00,5.50,5.50
25680.00,W2C_1,2.00,28.51,28.51
25680.00,W2C_2,49.00,120.74,120.74
25680.00,W2C_3,86.00,355.62,355.62
25740.00,E2C_0,39.00,19.70,19.70
25740.00,E2C_1,74.00,260.44,260.44
25740.00,E2C_2,96.00,264.84,264.84
25740.00,E2C_3,108.00,449.12,363.41
25740.00,N2C_1,12.00,260.56,260.56
25740.00,N2C_2,55.00,342.16,342.16
25740.00,N2C_3,33.00,445.41,360.46
25740.00,S2C_0,172.00,480.13,362.45
25740.00,S2C_1,147.00,480.83,366.40
25740.00,S2C_2,143.00,470.80,365.59
25740.00,S2C_3,67.00,469.28,362.57
25740.00,W2C_0,45.00,28.51,33.16
25740.00,W2C_1,61.00,130.62,130.62
25740.00,W2C_2,109.00,128.16,128.16
25740.00,W2C_3,107.00,361.82,361.82
25800.00,E2C_0,5.00,56.00,56.00
25800.00,E2C_1,39.00,228.26,267.28
25800.00,E2C_2,54.00,268.39,268.39
25800.00,E2C_3,88.00,470.58,363.16
25800.00,N2C_0,41.00,23.71,28.76
25800.00,N2C_1,56.00,120.44,120.44
25800.00,N2C_2,61.00,331.10,331.10
25800.00,N2C_3,59.00,437.62,362.61
25800.00,S2C_0,232.00,470.80,369.47
25800.00,S2C_1,207.00,451.93,362.23
25800.00,S2C_2,182.00,478.60,366.49
25800.00,S2C_3,108.00,475.49,363.12
25800.00,W2C_0,2.00,3.20,3.20
25800.00,W2C_1,4.00,8.71,20.27
25800.00,W2C_2,26.00,184.51,184.51
25800.00,W2C_3,16.00,304.54,338.33
25860.00,E2C_0,49.00,119.16,119.16
25860.00,E2C_1,99.00,268.90,276.05
25860.00,E2C_2,114.00,287.06,287.06
25860.00,E2C_3,108.00,474.13,361.41
25860.00,N2C_1,0.00,0.00,15.37
25860.00,N2C_2,29.00,289.17,289.17
25860.00,N2C_3,9.00,458.18,344.57
25860.00,S2C_0,292.00,478.70,368.15
25860.00,S2C_1,267.00,476.69,366.16
25860.00,S2C_2,209.00,477.80,366.49
25860.00,S2C_3,85.00,481.11,362.19
25860.00,W2C_0,24.00,9.61,9.61
25860.00,W2C_1,62.00,96.62,96.62
25860.00,W2C_2,61.00,98.46,101.82
25860.00,W2C_3,61.00,236.48,348.01
25920.00,:Center_7_0,0.00,0.00,14.19
25920.00,E2C_0,90.00,175.16,175.16
25920.00,E2C_1,81.00,331.36,331.36
25920.00,E2C_2,93.00,324.36,324.36
25920.00,E2C_3,46.00,453.39,364.26
25920.00,N2C_0,36.00,22.12,22.12
25920.00,N2C_1,57.00,73.71,73.71
25920.00,N2C_2,61.00,251.05,251.05
25920.00,N2C_3,61.00,334.63,363.08
25920.00,S2C_0,234.00,476.57,368.15
25920.00,S2C_1,327.00,476.21,364.52
25920.00,S2C_2,231.00,479.41,366.49
25920.00,S2C_3,108.00,478.31,362.50
25920.00,W2C_1,2.00,4.01,7.91
25920.00,W2C_2,3.00,9.00,9.00
25920.00,W2C_3,4.00,287.13,310.47
25980.00,:Center_7_0,55.00,4.60,4.60
25980.00,E2C_0,150.00,197.11,304.00
25980.00,E2C_1,141.00,315.25,334.79
25980.00,E2C_2,110.00,340.17,340.17
25980.00,E2C_3,55.00,464.47,363.00
25980.00,N2C_1,60.00,137.54,137.54
25980.00,N2C_2,60.00,142.18,142.18
25980.00,N2C_3,27.00,375.65,361.61
25980.00,S2C_0,224.00,473.49,364.95
25980.00,S2C_1,12.00,431.24,363.11
25980.00,S2C_2,105.00,453.69,363.02
25980.00,S2C_3,73.00,477.57,359.91
25980.00,W2C_0,40.00,9.61,9.61
25980.00,W2C_1,59.00,62.41,66.17
25980.00,W2C_2,57.00,62.42,62.42
25980.00,W2C_3,62.00,216.84,247.44
26040.00,E2C_0,109.00,227.21,230.60
26040.00,E2C_1,118.00,369.74,362.65
26040.00,E2C_2,87.00,374.33,362.83
26040.00,E2C_3,47.00,463.82,361.54
26040.00,N2C_0,52.00,23.41,23.41
26040.00,N2C_1,118.00,172.23,172.23
26040.00,N2C_2,118.00,169.08,169.08
26040.00,N2C_3,63.00,413.81,366.33
26040.00,S2C_0,88.00,470.07,361.63
26040.00,S2C_1,64.00,466.70,360.79
26040.00,S2C_2,112.00,471.40,362.98
26040.00,S2C_3,83.00,472.84,365.10
26040.00,W2C_0,5.00,3.20,3.20
26040.00,W2C_2,2.00,5.50,5.50
26040.00,W2C_3,59.00,264.01,264.01
26100.00,E2C_0,85.00,275.41,275.41
26100.00,E2C_1,111.00,379.91,362.27
26100.00,E2C_2,114.00,401.19,361.91
26100.00,E2C_3,62.00,467.00,360.28
26100.00,N2C_1,2.00,4.00,11.15
26100.00,N2C_2,45.00,175.62,182.66
26100.00,N2C_3,46.00,445.22,365.16
26100.00,S2C_0,31.00,467.35,359.43
26100.00,S2C_1,32.00,472.26,364.83
26100.00,S2C_2,129.00,472.70,370.25
26100.00,S2C_3,145.00,470.70,363.99
26100.00,W2C_0,41.00,27.01,27.01
26100.00,W2C_1,54.00,30.82,30.82
26100.00,W2C_2,58.00,32.91,32.91
26100.00,W2C_3,61.00,209.12,219.56
26160.00,E2C_0,42.00,310.66,310.66
26160.00,E2C_1,63.00,379.66,362.23
26160.00,E2C_2,101.00,442.43,362.72
26160.00,E2C_3,41.00,463.24,365.36
26160.00,N2C_0,26.00,7.70,7.70
26160.00,N2C_1,59.00,155.83,155.83
26160.00,N2C_2,94.00,151.13,154.71
26160.00,N2C_3,56.00,407.77,362.84
26160.00,S2C_0,89.00,478.27,341.70
26160.00,S2C_1,59.00,469.15,363.78
26160.00,S2C_2,81.00,466.55,356.87
26160.00,S2C_3,149.00,473.56,364.43
26160.00,W2C_2,13.00,25.35,25.35
26160.00,W2C_3,13.00,49.64,78.96
26220.00,E2C_0,47.00,356.19,356.19
26220.00,E2C_1,45.00,469.59,363.24
26220.00,E2C_2,93.00,465.96,362.69
26220.00,E2C_3,63.00,470.67,362.51
26220.00,N2C_1,3.00,16.51,19.96
26220.00,N2C_2,75.00,190.54,190.54
26220.00,N2C_3,53.00,472.39,365.19
26220.00,S2C_0,20.00,478.02,329.79
26220.00,S2C_1,18.00,468.48,362.15
26220.00,S2C_2,44.00,467.01,361.95
26220.00,S2C_3,154.00,452.30,364.27
26220.00,W2C_0,43.00,23.81,23.81
26220.00,W2C_1,47.00,33.81,33.81
26220.00,W2C_2,54.00,37.56,37.56
26220.00,W2C_3,56.00,167.55,167.55
26280.00,E2C_0,31.00,420.33,361.01
26280.00,E2C_1,27.00,475.15,363.48
26280.00,E2C_2,142.00,473.28,364.59
26280.00,E2C_3,51.00,467.10,362.98
26280.00,N2C_0,16.00,10.20,10.20
26280.00,N2C_1,53.00,143.33,143.33
26280.00,N2C_2,94.00,212.18,212.18
26280.00,N2C_3,110.00,456.42,362.47
26280.00,S2C_0,61.00,477.03,164.25
26280.00,S2C_1,61.00,477.36,362.94
26280.00,S2C_2,90.00,480.01,358.87
26280.00,S2C_3,106.00,468.51,359.54
26280.00,W2C_1,3.00,9.00,9.00
26280.00,W2C_2,51.00,16.21,16.21
26280.00,W2C_3,45.00,157.99,168.60
26340.00,E2C_0,37.00,451.62,363.39
26340.00,E2C_1,59.00,474.14,363.33
26340.00,E2C_2,116.00,473.28,366.56
26340.00,E2C_3,109.00,471.99,361.70
26340.00,N2C_0,1.00,5.52,5.52
26340.00,N2C_1,0.00,0.00,3.81
26340.00,N2C_2,43.00,268.68,268.68
26340.00,N2C_3,40.00,358.56,362.01
26340.00,S2C_0,16.00,239.04,246.05
26340.00,S2C_1,31.00,336.59,354.37
26340.00,S2C_2,97.00,471.48,367.75
26340.00,S2C_3,70.00,462.37,365.21
26340.00,W2C_0,54.00,51.51,51.51
26340.00,W2C_1,59.00,34.61,34.61
26340.00,W2C_2,111.00,30.92,30.92
26340.00,W2C_3,104.00,172.48,172.48
26400.00,E2C_0,31.00,477.96,366.20
26400.00,E2C_1,27.00,477.93,361.17
26400.00,E2C_2,95.00,473.95,363.31
26400.00,E2C_3,105.00,449.77,361.70
26400.00,N2C_0,50.00,19.70,35.41
26400.00,N2C_1,57.00,109.86,230.58
26400.00,N2C_2,53.00,239.23,239.23
26400.00,N2C_3,57.00,437.84,363.93
26400.00,S2C_0,50.00,374.97,309.23
26400.00,S2C_1,61.00,480.05,327.53
26400.00,S2C_2,109.00,469.67,367.75
26400.00,S2C_3,83.00,473.32,363.49
26400.00,W2C_1,3.00,6.53,11.53
26400.00,W2C_2,20.00,12.42,12.42
26400.00,W2C_3,15.00,154.86,186.13
26460.00,:Center_7_0,58.00,8.10,8.10
26460.00,E2C_0,57.00,429.57,79.01
26460.00,E2C_1,46.00,460.13,361.94
26460.00,E2C_2,76.00,468.12,362.44
26460.00,E2C_3,83.00,465.66,362.14
26460.00,N2C_0,0.00,0.00,13.04
26460.00,N2C_1,58.00,209.18,209.18
26460.00,N2C_2,60.00,208.04,212.63
26460.00,N2C_3,45.00,446.73,361.99
26460.00,S2C_0,46.00,482.21,362.91
26460.00,S2C_1,15.00,426.42,362.00
26460.00,S2C_2,106.00,472.87,366.79
26460.00,S2C_3,65.00,478.46,348.09
26460.00,W2C_0,50.00,29.61,29.61
26460.00,W2C_1,59.00,32.81,32.81
26460.00,W2C_2,80.00,33.55,33.55
26460.00,W2C_3,64.00,220.29,220.29
26520.00,E2C_0,63.00,95.81,95.81
26520.00,E2C_1,79.00,432.60,363.86
26520.00,E2C_2,87.00,472.35,362.44
26520.00,E2C_3,81.00,465.00,361.07
26520.00,N2C_0,56.00,57.21,57.21
26520.00,N2C_1,118.00,240.66,240.66
26520.00,N2C_2,120.00,222.73,241.40
26520.00,N2C_3,55.00,456.35,360.29
26520.00,S2C_0,94.00,480.03,355.02
26520.00,S2C_1,64.00,440.81,365.56
26520.00,S2C_2,67.00,471.78,370.93
26520.00,S2C_3,63.00,450.45,361.65
26520.00,W2C_1,1.00,3.24,14.40
26520.00,W2C_2,140.00,38.01,38.01
26520.00,W2C_3,20.00,180.58,211.26
26580.00,:Center_11_0,0.00,0.00,14.28
26580.00,E2C_0,61.00,409.37,365.76
26580.00,E2C_1,31.00,433.14,358.52
26580.00,E2C_2,88.00,474.38,361.96
26580.00,E2C_3,82.00,471.50,361.06
26580.00,N2C_1,10.00,155.27,289.34
26580.00,N2C_2,59.00,299.39,299.39
26580.00,N2C_3,89.00,468.59,363.51
26580.00,S2C_0,22.00,384.81,358.67
26580.00,S2C_1,15.00,452.17,363.22
26580.00,S2C_2,82.00,480.18,369.97
26580.00,S2C_3,127.00,475.03,362.27
26580.00,W2C_0,32.00,46.82,50.40
26580.00,W2C_1,59.00,42.31,42.31
26580.00,W2C_2,200.00,46.03,46.03
26580.00,W2C_3,57.00,235.78,235.78
26640.00,:Center_7_0,0.00,0.00,14.17
26640.00,E2C_0,26.00,249.48,260.65
26640.00,E2C_1,38.00,477.57,362.99
26640.00,E2C_2,78.00,478.44,360.84
26640.00,E2C_3,65.00,477.34,359.46
26640.00,N2C_0,35.00,30.17,30.17
26640.00,N2C_1,55.00,245.96,245.96
26640.00,N2C_2,114.00,323.73,323.73
26640.00,N2C_3,66.00,463.40,362.86
26640.00,S2C_0,63.00,479.18,362.57
26640.00,S2C_1,60.00,479.44,361.45
26640.00,S2C_2,89.00,479.52,363.84
26640.00,S2C_3,182.00,474.41,362.63
26640.00,W2C_1,6.00,54.79,54.79
26640.00,W2C_2,3.00,10.21,51.09
26640.00,W2C_3,12.00,259.59,262.89
26700.00,:Center_7_0,55.00,4.60,4.60
26700.00,E2C_0,63.00,481.96,354.63
26700.00,E2C_1,98.00,476.69,362.11
26700.00,E2C_2,131.00,474.89,363.53
26700.00,E2C_3,105.00,472.01,367.23
26700.00,N2C_0,56.00,55.41,55.41
26700.00,N2C_1,60.00,310.26,317.35
26700.00,N2C_2,60.00,336.43,336.43
26700.00,N2C_3,47.00,449.78,365.56
26700.00,S2C_0,10.00,472.41,9.01
26700.00,S2C_1,11.00,476.00,362.28
26700.00,S2C_2,18.00,473.18,363.30
26700.00,S2C_3,137.00,471.05,362.17
26700.00,W2C_0,35.00,8.50,8.50
26700.00,W2C_1,60.00,83.42,83.42
26700.00,W2C_2,62.00,84.34,84.34
26700.00,W2C_3,60.00,225.31,237.10
26760.00,E2C_0,123.00,459.10,259.78
26760.00,E2C_1,158.00,483.02,363.53
26760.00,E2C_2,176.00,471.41,360.27
26760.00,E2C_3,78.00,465.75,362.97
26760.00,N2C_0,116.00,68.81,68.81
26760.00,N2C_1,120.00,371.61,371.61
26760.00,N2C_2,120.00,357.49,364.55
26760.00,N2C_3,100.00,422.67,363.56
26760.00,S2C_0,55.00,352.84,352.84
26760.00,S2C_1,61.00,437.61,363.33
26760.00,S2C_2,56.00,473.53,362.14
26760.00,S2C_3,63.00,470.10,361.52
26760.00,W2C_0,0.00,0.00,3.22
26760.00,W2C_1,3.00,3.20,18.40
26760.00,W2C_2,2.00,3.22,124.80
26760.00,W2C_3,5.00,23.51,213.49
26820.00,:Center_11_0,0.00,0.00,11.35
26820.00,E2C_0,183.00,482.68,362.96
26820.00,E2C_1,218.00,474.29,362.57
26820.00,E2C_2,236.00,470.85,363.47
26820.00,E2C_3,108.00,478.41,363.97
26820.00,N2C_0,2.00,5.50,100.94
26820.00,N2C_1,10.00,139.73,339.79
26820.00,N2C_2,69.00,402.17,360.54
26820.00,N2C_3,122.00,466.58,363.56
26820.00,S2C_0,0.00,0.00,3.50
26820.00,S2C_1,18.00,286.05,289.28
26820.00,S2C_2,75.00,469.08,360.42
26820.00,S2C_3,49.00,471.69,365.15
26820.00,W2C_0,41.00,14.70,14.70
26820.00,W2C_1,59.00,87.42,87.42
26820.00,W2C_2,59.00,84.61,84.61
26820.00,W2C_3,63.00,181.63,181.63
26880.00,E2C_0,243.00,480.38,364.20
26880.00,E2C_1,243.00,481.68,362.35
26880.00,E2C_2,172.00,476.82,360.81
26880.00,E2C_3,82.00,475.51,362.64
26880.00,N2C_0,43.00,28.00,28.00
26880.00,N2C_1,70.00,158.07,369.80
26880.00,N2C_2,128.00,429.57,360.54
26880.00,N2C_3,137.00,471.08,362.95
26880.00,S2C_0,58.00,382.35,61.82
26880.00,S2C_1,58.00,173.59,195.95
26880.00,S2C_2,135.00,466.95,365.01
26880.00,S2C_3,57.00,473.90,362.61
26880.00,W2C_1,2.00,5.51,5.51
26880.00,W2C_2,0.00,0.00,4.23
26880.00,W2C_3,5.00,8.73,165.56
26940.00,E2C_0,290.00,479.88,364.15
26940.00,E2C_1,296.00,478.48,361.99
26940.00,E2C_2,232.00,476.33,360.35
26940.00,E2C_3,114.00,475.42,362.15
26940.00,N2C_0,5.00,10.21,313.78
26940.00,N2C_1,18.00,81.14,346.04
26940.00,N2C_2,48.00,424.61,366.11
26940.00,N2C_3,80.00,473.18,362.10
26940.00,S2C_0,7.00,116.13,116.13
26940.00,S2C_1,9.00,367.93,360.91
26940.00,S2C_2,95.00,442.88,365.01
26940.00,S2C_3,79.00,472.44,362.61
26940.00,W2C_0,9.00,14.20,14.20
26940.00,W2C_1,58.00,63.71,63.71
26940.00,W2C_2,58.00,60.33,63.88
26940.00,W2C_3,62.00,111.72,111.72
27000.00,E2C_0,198.00,479.57,360.95
27000.00,E2C_1,205.00,480.78,363.57
27000.00,E2C_2,51.00,480.50,366.32
27000.00,E2C_3,51.00,473.98,361.12
27000.00,N2C_0,61.00,77.87,77.87
27000.00,N2C_1,78.00,321.45,351.04
27000.00,N2C_2,108.00,469.15,360.51
27000.00,N2C_3,95.00,472.65,366.80
27000.00,S2C_0,59.00,75.30,75.30
27000.00,S2C_1,63.00,388.86,359.45
27000.00,S2C_2,114.00,478.86,363.68
27000.00,S2C_3,63.00,473.51,365.29
27000.00,W2C_0,0.00,0.00,3.40
27000.00,W2C_1,3.00,10.23,25.80
27000.00,W2C_2,2.00,14.01,25.37
27000.00,W2C_3,35.00,114.81,114.81
27060.00,E2C_0,65.00,476.83,360.56
27060.00,E2C_1,83.00,476.33,363.30
27060.00,E2C_2,110.00,479.45,366.32
27060.00,E2C_3,87.00,473.94,370.33
27060.00,N2C_0,1.00,4.03,8.96
27060.00,N2C_1,11.00,318.50,367.44
27060.00,N2C_2,54.00,474.03,364.38
27060.00,N2C_3,49.00,464.58,363.56
27060.00,S2C_0,23.00,300.86,300.86
27060.00,S2C_1,47.00,362.21,362.21
27060.00,S2C_2,30.00,474.54,363.30
27060.00,S2C_3,36.00,469.84,364.06
27060.00,W2C_0,40.00,9.60,9.60
27060.00,W2C_1,62.00,73.15,73.15
27060.00,W2C_2,62.00,76.21,76.21
27060.00,W2C_3,61.00,128.03,128.03
27120.00,E2C_0,41.00,482.87,363.73
27120.00,E2C_1,45.00,474.02,363.98
27120.00,E2C_2,49.00,466.02,361.93
27120.00,E2C_3,59.00,475.25,368.06
27120.00,N2C_0,59.00,105.39,105.39
27120.00,N2C_1,58.00,201.51,359.40
27120.00,N2C_2,97.00,468.98,364.38
27120.00,N2C_3,57.00,467.27,364.08
27120.00,S2C_0,55.00,300.95,304.17
27120.00,S2C_1,39.00,414.48,364.61
27120.00,S2C_2,82.00,473.74,361.74
27120.00,S2C_3,54.00,470.75,365.24
27120.00,W2C_2,1.00,32.66,32.66
27120.00,W2C_3,5.00,44.82,127.02
27180.00,E2C_0,40.00,477.04,318.77
27180.00,E2C_1,62.00,459.57,362.89
27180.00,E2C_2,99.00,479.12,360.84
27180.00,E2C_3,89.00,473.62,367.93
27180.00,N2C_0,3.00,4.00,4.00
27180.00,N2C_1,97.00,469.10,363.16
27180.00,N2C_2,141.00,468.70,357.41
27180.00,N2C_3,43.00,469.50,364.07
27180.00,S2C_0,33.00,405.49,365.82
27180.00,S2C_1,12.00,457.89,361.20
27180.00,S2C_2,126.00,465.14,363.46
27180.00,S2C_3,40.00,467.31,364.01
27180.00,W2C_0,40.00,15.11,15.11
27180.00,W2C_1,44.00,48.33,48.33
27180.00,W2C_2,54.00,54.45,54.45
27180.00,W2C_3,61.00,111.82,111.82
27240.00,E2C_0,49.00,433.43,366.84
27240.00,E2C_1,11.00,428.18,365.77
27240.00,E2C_2,129.00,478.53,363.92
27240.00,E2C_3,111.00,473.62,365.62
27240.00,N2C_0,56.00,83.84,83.84
27240.00,N2C_1,157.00,476.10,361.49
27240.00,N2C_2,201.00,471.90,357.41
27240.00,N2C_3,64.00,478.50,364.45
27240.00,S2C_0,46.00,477.36,318.97
27240.00,S2C_1,61.00,419.67,355.30
27240.00,S2C_2,109.00,472.40,360.29
27240.00,S2C_3,61.00,459.75,364.09
27240.00,W2C_1,4.00,6.41,6.41
27240.00,W2C_2,31.00,27.78,27.78
27240.00,W2C_3,42.00,98.87,98.87
27300.00,E2C_0,56.00,482.76,362.66
27300.00,E2C_1,60.00,478.66,363.86
27300.00,E2C_2,112.00,470.16,366.67
27300.00,E2C_3,110.00,466.38,366.07
27300.00,N2C_0,49.00,204.76,204.76
27300.00,N2C_1,35.00,477.16,358.97
27300.00,N2C_2,117.00,471.62,350.40
27300.00,N2C_3,92.00,475.26,363.50
27300.00,S2C_0,13.00,477.38,362.58
27300.00,S2C_1,15.00,411.21,357.95
27300.00,S2C_2,51.00,475.20,367.73
27300.00,S2C_3,28.00,466.29,360.46
27300.00,W2C_0,26.00,11.70,18.74
27300.00,W2C_1,62.00,60.31,64.02
27300.00,W2C_2,57.00,60.11,60.11
27300.00,W2C_3,54.00,112.12,112.12
27360.00,:Center_7_0,55.00,13.30,13.30
27360.00,:Center_11_0,59.00,4.60,4.60
27360.00,E2C_0,30.00,255.06,255.06
27360.00,E2C_1,60.00,474.26,352.72
27360.00,E2C_2,112.00,472.81,357.53
27360.00,E2C_3,92.00,463.31,364.93
27360.00,N2C_0,49.00,249.85,266.66
27360.00,N2C_1,95.00,433.35,363.59
27360.00,N2C_2,92.00,445.03,364.31
27360.00,N2C_3,86.00,473.35,366.68
27360.00,S2C_0,11.00,125.92,133.09
27360.00,S2C_1,59.00,473.42,360.93
27360.00,S2C_2,59.00,472.39,361.02
27360.00,S2C_3,55.00,474.12,361.29
27360.00,W2C_1,59.00,94.62,94.62
27360.00,W2C_2,48.00,94.06,94.06
27360.00,W2C_3,49.00,123.36,123.36
27420.00,:Center_7_0,115.00,13.30,13.30
27420.00,E2C_0,63.00,365.33,362.05
27420.00,E2C_1,62.00,464.39,366.72
27420.00,E2C_2,153.00,475.12,359.74
27420.00,E2C_3,98.00,476.21,361.10
27420.00,N2C_0,82.00,473.58,327.01
27420.00,N2C_1,155.00,444.53,358.90
27420.00,N2C_2,131.00,455.97,362.38
27420.00,N2C_3,76.00,469.69,365.86
27420.00,S2C_0,58.00,218.46,218.46
27420.00,S2C_1,52.00,363.94,363.94
27420.00,S2C_2,23.00,474.15,362.37
27420.00,S2C_3,24.00,473.69,361.49
27420.00,W2C_0,18.00,6.40,6.40
27420.00,W2C_1,119.00,144.53,144.53
27420.00,W2C_2,108.00,148.47,148.47
27420.00,W2C_3,109.00,136.77,136.77
27480.00,:Center_7_0,175.00,13.30,13.30
27480.00,E2C_0,105.00,476.57,362.05
27480.00,E2C_1,49.00,477.85,364.20
27480.00,E2C_2,213.00,474.63,361.07
27480.00,E2C_3,158.00,472.53,361.06
27480.00,N2C_0,142.00,366.04,362.82
27480.00,N2C_1,215.00,467.90,358.78
27480.00,N2C_2,191.00,455.93,360.98
27480.00,N2C_3,115.00,469.49,363.38
27480.00,S2C_0,64.00,214.09,217.51
27480.00,S2C_1,63.00,401.50,350.98
27480.00,S2C_2,61.00,471.57,372.14
27480.00,S2C_3,60.00,476.80,361.67
27480.00,W2C_0,0.00,0.00,4.25
27480.00,W2C_1,179.00,181.83,181.83
27480.00,W2C_2,168.00,171.53,171.53
27480.00,W2C_3,13.00,140.79,140.79
27540.00,:Center_7_0,235.00,13.30,13.30
27540.00,E2C_0,73.00,478.41,363.07
27540.00,E2C_1,109.00,438.59,362.37
27540.00,E2C_2,273.00,477.78,360.66
27540.00,E2C_3,218.00,472.49,361.06
27540.00,N2C_0,178.00,479.98,334.20
27540.00,N2C_1,180.00,475.79,359.16
27540.00,N2C_2,230.00,476.30,364.51
27540.00,N2C_3,25.00,471.13,361.40
27540.00,S2C_0,39.00,295.93,300.59
27540.00,S2C_1,8.00,242.38,372.77
27540.00,S2C_2,63.00,466.04,372.14
27540.00,S2C_3,18.00,454.63,363.68
27540.00,W2C_0,52.00,24.20,24.20
27540.00,W2C_1,239.00,219.04,219.04
27540.00,W2C_2,228.00,213.14,213.14
27540.00,W2C_3,61.00,122.92,122.92
27600.00,E2C_0,101.00,431.62,361.06
27600.00,E2C_1,169.00,475.04,364.97
27600.00,E2C_2,333.00,474.58,363.57
27600.00,E2C_3,278.00,475.58,364.66
27600.00,N2C_0,230.00,480.68,360.14
27600.00,N2C_1,238.00,473.93,365.81
27600.00,N2C_2,232.00,473.10,364.42
27600.00,N2C_3,65.00,468.90,358.37
27600.00,S2C_0,49.00,361.86,361.86
27600.00,S2C_1,54.00,425.71,358.66
27600.00,S2C_2,87.00,468.74,368.72
27600.00,S2C_3,60.00,470.24,361.43
27600.00,W2C_0,12.00,2.20,2.20
27600.00,W2C_1,4.00,15.73,221.85
27600.00,W2C_2,4.00,5.50,228.70
27600.00,W2C_3,2.00,148.14,148.14
27660.00,E2C_0,161.00,477.35,341.30
27660.00,E2C_1,229.00,481.22,363.38
27660.00,E2C_2,393.00,480.59,363.57
27660.00,E2C_3,338.00,474.79,364.66
27660.00,N2C_0,36.00,476.61,361.62
27660.00,N2C_1,26.00,471.20,361.79
27660.00,N2C_2,128.00,479.01,361.54
27660.00,N2C_3,46.00,463.95,365.96
27660.00,S2C_0,8.00,265.37,272.62
27660.00,S2C_1,8.00,426.60,360.34
27660.00,S2C_2,114.00,469.87,368.72
27660.00,S2C_3,50.00,465.21,361.40
27660.00,W2C_0,72.00,12.41,12.41
27660.00,W2C_1,62.00,136.43,136.43
27660.00,W2C_2,60.00,135.73,135.73
27660.00,W2C_3,61.00,46.11,46.11
27720.00,E2C_0,221.00,472.83,360.00
27720.00,E2C_1,289.00,471.20,362.50
27720.00,E2C_2,48.00,454.64,359.74
27720.00,E2C_3,350.00,474.79,364.66
27720.00,N2C_0,61.00,481.66,367.11
27720.00,N2C_1,61.00,460.47,364.04
27720.00,N2C_2,91.00,479.49,361.17
27720.00,N2C_3,55.00,456.88,360.90
27720.00,S2C_0,34.00,382.31,355.21
27720.00,S2C_1,59.00,472.32,363.82
27720.00,S2C_2,174.00,469.12,368.72
27720.00,S2C_3,68.00,478.39,361.14
27720.00,W2C_1,3.00,6.42,18.56
27720.00,W2C_2,4.00,10.04,13.48
27780.00,E2C_0,136.00,472.52,364.18
27780.00,E2C_1,51.00,480.76,366.20
27780.00,E2C_2,104.00,474.36,368.41
27780.00,E2C_3,210.00,474.52,364.21
27780.00,N2C_0,27.00,477.91,177.05
27780.00,N2C_1,7.00,458.03,359.76
27780.00,N2C_2,129.00,445.06,361.07
27780.00,N2C_3,68.00,466.37,343.31
27780.00,S2C_0,16.00,205.94,205.94
27780.00,S2C_1,4.00,456.21,339.59
27780.00,S2C_2,56.00,476.90,363.76
27780.00,S2C_3,45.00,421.81,363.81
27780.00,W2C_0,2.00,7.20,7.20
27780.00,W2C_1,62.00,84.22,84.22
27780.00,W2C_2,62.00,92.52,92.52
27840.00,E2C_0,34.00,479.99,361.21
27840.00,E2C_1,20.00,481.63,358.48
27840.00,E2C_2,66.00,468.74,360.88
27840.00,E2C_3,55.00,471.87,361.26
27840.00,N2C_0,45.00,273.16,273.16
27840.00,N2C_1,62.00,428.08,359.05
27840.00,N2C_2,177.00,461.15,359.90
27840.00,N2C_3,108.00,459.43,361.30
27840.00,S2C_0,62.00,328.76,343.70
27840.00,S2C_1,59.00,418.44,364.33
27840.00,S2C_2,116.00,473.91,363.75
27840.00,S2C_3,105.00,475.20,361.79
27840.00,W2C_3,5.00,35.05,35.05
27900.00,E2C_0,56.00,476.69,350.79
27900.00,E2C_1,60.00,474.72,363.76
27900.00,E2C_2,62.00,470.69,366.41
27900.00,E2C_3,78.00,471.38,362.72
27900.00,N2C_0,41.00,383.79,368.29
27900.00,N2C_1,24.00,478.83,365.11
27900.00,N2C_2,52.00,478.13,364.80
27900.00,N2C_3,87.00,462.54,365.07
27900.00,S2C_0,22.00,459.04,177.49
27900.00,S2C_1,19.00,466.40,366.01
27900.00,S2C_2,35.00,474.01,361.55
27900.00,S2C_3,120.00,477.17,366.63
27900.00,W2C_0,57.00,49.41,49.41
27900.00,W2C_1,29.00,25.61,32.87
27900.00,W2C_2,33.00,25.91,25.91
27900.00,W2C_3,58.00,43.01,43.01
27960.00,E2C_0,40.00,481.61,327.43
27960.00,E2C_1,42.00,480.64,363.87
27960.00,E2C_2,79.00,478.57,362.93
27960.00,E2C_3,45.00,466.67,362.63
27960.00,N2C_0,56.00,477.17,292.83
27960.00,N2C_1,64.00,480.39,361.92
27960.00,N2C_2,112.00,475.55,364.80
27960.00,N2C_3,110.00,464.97,362.86
27960.00,S2C_0,59.00,462.96,118.09
27960.00,S2C_1,61.00,474.28,364.40
27960.00,S2C_2,67.00,459.59,359.08
27960.00,S2C_3,71.00,472.85,363.82
27960.00,W2C_2,2.00,5.50,5.50
27960.00,W2C_3,40.00,49.35,49.35
28020.00,E2C_0,43.00,361.90,361.90
28020.00,E2C_1,102.00,472.17,357.74
28020.00,E2C_2,84.00,479.17,367.80
28020.00,E2C_3,100.00,467.88,362.10
28020.00,N2C_0,34.00,469.98,265.24
28020.00,N2C_1,17.00,477.22,366.06
28020.00,N2C_2,54.00,471.64,371.76
28020.00,N2C_3,116.00,465.63,363.36
28020.00,S2C_0,21.00,199.84,199.84
28020.00,S2C_1,68.00,478.98,366.43
28020.00,S2C_2,49.00,474.59,362.43
28020.00,S2C_3,44.00,473.08,364.26
28020.00,W2C_0,39.00,16.01,23.11
28020.00,W2C_1,36.00,30.00,30.00
28020.00,W2C_2,57.00,32.31,32.31
28020.00,W2C_3,56.00,57.21,57.21
28080.00,E2C_0,21.00,461.93,359.32
28080.00,E2C_1,26.00,469.37,355.62
28080.00,E2C_2,162.00,475.62,366.40
28080.00,E2C_3,79.00,467.68,374.36
28080.00,N2C_0,62.00,361.82,361.82
28080.00,N2C_1,58.00,462.58,336.71
28080.00,N2C_2,92.00,452.05,361.81
28080.00,N2C_3,92.00,463.22,362.41
28080.00,S2C_0,41.00,443.86,248.34
28080.00,S2C_1,53.00,476.61,363.24
28080.00,S2C_2,109.00,467.56,357.74
28080.00,S2C_3,57.00,469.51,363.98
28080.00,W2C_0,1.00,5.57,5.57
28080.00,W2C_3,5.00,31.03,42.10
28140.00,:Center_3_0,0.00,0.00,10.40
28140.00,E2C_0,48.00,476.97,114.21
28140.00,E2C_1,58.00,412.68,361.54
28140.00,E2C_2,81.00,470.42,366.40
28140.00,E2C_3,62.00,465.02,370.72
28140.00,N2C_0,21.00,477.29,216.54
28140.00,N2C_1,11.00,473.26,365.84
28140.00,N2C_2,85.00,471.73,361.81
28140.00,N2C_3,42.00,470.69,363.83
28140.00,S2C_0,8.00,460.70,141.99
28140.00,S2C_1,12.00,476.20,331.17
28140.00,S2C_2,55.00,467.45,362.54
28140.00,S2C_3,50.00,461.53,362.92
28140.00,W2C_0,52.00,47.81,47.81
28140.00,W2C_1,51.00,17.90,17.90
28140.00,W2C_2,42.00,21.70,21.70
28140.00,W2C_3,63.00,59.51,59.51
28200.00,E2C_0,47.00,482.70,298.99
28200.00,E2C_1,18.00,480.18,364.17
28200.00,E2C_2,133.00,479.39,349.39
28200.00,E2C_3,39.00,468.11,364.99
28200.00,N2C_0,36.00,478.57,93.46
28200.00,N2C_1,59.00,476.78,359.85
28200.00,N2C_2,74.00,476.25,365.53
28200.00,N2C_3,60.00,459.22,365.02
28200.00,S2C_0,44.00,273.87,281.05
28200.00,S2C_1,71.00,412.97,363.72
28200.00,S2C_2,113.00,465.45,363.82
28200.00,S2C_3,115.00,470.74,362.10
28200.00,W2C_2,2.00,3.21,3.21
28200.00,W2C_3,49.00,64.46,64.46
28260.00,E2C_0,51.00,385.99,360.96
28260.00,E2C_1,61.00,406.29,361.46
28260.00,E2C_2,193.00,443.65,362.51
28260.00,E2C_3,83.00,462.38,363.16
28260.00,N2C_0,22.00,241.28,251.95
28260.00,N2C_1,30.00,455.87,345.52
28260.00,N2C_2,99.00,471.00,361.07
28260.00,N2C_3,44.00,468.25,362.28
28260.00,S2C_0,91.00,394.66,366.85
28260.00,S2C_1,131.00,466.91,362.97
28260.00,S2C_2,101.00,467.41,363.47
28260.00,S2C_3,72.00,474.11,361.56
28260.00,W2C_0,35.00,17.90,17.90
28260.00,W2C_1,48.00,42.17,42.17
28260.00,W2C_2,42.00,40.41,40.41
28260.00,W2C_3,56.00,82.52,82.52
28320.00,E2C_0,51.00,479.66,359.58
28320.00,E2C_1,11.00,483.05,342.31
28320.00,E2C_2,58.00,478.52,362.84
28320.00,E2C_3,86.00,463.12,361.42
28320.00,N2C_0,33.00,370.66,365.21
28320.00,N2C_1,57.00,422.97,361.65
28320.00,N2C_2,57.00,464.28,360.20
28320.00,N2C_3,61.00,469.90,362.48
28320.00,S2C_0,110.00,483.01,362.52
28320.00,S2C_1,84.00,468.08,362.97
28320.00,S2C_2,154.00,470.86,363.47
28320.00,S2C_3,67.00,470.41,361.55
28320.00,W2C_2,0.00,0.00,5.50
28320.00,W2C_3,47.00,98.28,98.28
28380.00,E2C_0,17.00,469.61,136.50
28380.00,E2C_1,58.00,476.18,348.78
28380.00,E2C_2,86.00,474.74,361.48
28380.00,E2C_3,118.00,473.08,363.59
28380.00,N2C_0,24.00,411.16,288.24
28380.00,N2C_1,24.00,355.24,366.50
28380.00,N2C_2,97.00,471.00,364.00
28380.00,N2C_3,63.00,464.43,361.70
28380.00,S2C_0,51.00,478.75,363.59
28380.00,S2C_1,15.00,449.70,359.59
28380.00,S2C_2,127.00,469.64,362.97
28380.00,S2C_3,29.00,466.56,361.53
28380.00,W2C_0,47.00,13.40,13.40
28380.00,W2C_1,53.00,27.95,27.95
28380.00,W2C_2,43.00,33.04,33.04
28380.00,W2C_3,104.00,128.43,128.43
28440.00,E2C_0,30.00,223.73,223.73
28440.00,E2C_1,13.00,456.94,360.97
28440.00,E2C_2,49.00,428.45,363.61
28440.00,E2C_3,33.00,472.92,359.92
28440.00,N2C_0,40.00,438.55,359.72
28440.00,N2C_1,84.00,438.24,365.62
28440.00,N2C_2,112.00,477.31,361.43
28440.00,N2C_3,109.00,458.59,364.51
28440.00,S2C_0,31.00,477.75,353.19
28440.00,S2C_1,54.00,477.85,363.87
28440.00,S2C_2,187.00,466.30,362.97
28440.00,S2C_3,62.00,462.24,362.17
28440.00,W2C_2,39.00,30.55,33.91
28440.00,W2C_3,41.00,120.61,131.27
28500.00,:Center_11_0,0.00,0.00,12.39
28500.00,E2C_0,60.00,429.46,266.65
28500.00,E2C_1,62.00,456.33,362.81
28500.00,E2C_2,109.00,468.79,365.05
28500.00,E2C_3,59.00,470.40,363.56
28500.00,N2C_0,29.00,481.64,361.93
28500.00,N2C_1,31.00,475.65,354.74
28500.00,N2C_2,97.00,472.67,360.60
28500.00,N2C_3,81.00,470.48,362.23
28500.00,S2C_0,20.00,398.80,372.24
28500.00,S2C_1,18.00,476.83,359.11
28500.00,S2C_2,59.00,475.67,362.42
28500.00,S2C_3,46.00,467.98,360.19
28500.00,W2C_0,28.00,7.70,7.70
28500.00,W2C_1,37.00,38.51,38.51
28500.00,W2C_2,40.00,33.42,33.42
28500.00,W2C_3,54.00,146.04,146.04
28560.00,E2C_0,32.00,264.55,275.37
28560.00,E2C_1,21.00,390.58,353.33
28560.00,E2C_2,54.00,474.95,361.02
28560.00,E2C_3,51.00,475.76,363.93
28560.00,N2C_0,63.00,474.07,360.05
28560.00,N2C_1,91.00,448.20,364.12
28560.00,N2C_2,111.00,466.46,364.34
28560.00,N2C_3,106.00,470.37,364.72
28560.00,S2C_0,76.00,482.69,371.74
28560.00,S2C_1,57.00,472.76,350.04
28560.00,S2C_2,107.00,471.01,359.20
28560.00,S2C_3,106.00,469.43,361.85
28560.00,W2C_0,1.00,3.21,8.14
28560.00,W2C_1,0.00,0.00,3.57
28560.00,W2C_2,48.00,16.08,16.08
28560.00,W2C_3,44.00,132.79,144.54
28620.00,E2C_0,92.00,383.29,367.82
28620.00,E2C_1,49.00,446.25,362.00
28620.00,E2C_2,113.00,467.33,359.91
28620.00,E2C_3,109.00,465.79,363.12
28620.00,N2C_0,105.00,472.58,172.49
28620.00,N2C_1,151.00,467.22,367.64
28620.00,N2C_2,76.00,467.75,363.76
28620.00,N2C_3,147.00,468.29,364.66
28620.00,S2C_0,4.00,124.97,141.52
28620.00,S2C_1,56.00,460.65,363.09
28620.00,S2C_2,66.00,453.64,361.84
28620.00,S2C_3,48.00,475.50,364.69
28620.00,W2C_0,58.00,25.37,25.37
28620.00,W2C_1,57.00,55.01,55.01
28620.00,W2C_2,102.00,49.89,49.89
28620.00,W2C_3,108.00,164.13,164.13
28680.00,E2C_0,152.00,480.69,194.34
28680.00,E2C_1,42.00,476.95,326.61
28680.00,E2C_2,123.00,472.82,363.49
28680.00,E2C_3,83.00,476.88,363.01
28680.00,N2C_0,165.00,324.52,331.75
28680.00,N2C_1,211.00,472.38,370.42
28680.00,N2C_2,112.00,478.37,361.35
28680.00,N2C_3,150.00,469.59,364.66
28680.00,S2C_0,33.00,456.10,44.16
28680.00,S2C_1,55.00,327.81,335.46
28680.00,S2C_2,57.00,474.16,355.31
28680.00,S2C_3,64.00,479.97,364.09
28680.00,W2C_1,4.00,8.71,12.26
28680.00,W2C_2,51.00,73.75,73.75
28680.00,W2C_3,34.00,144.61,147.99
28740.00,:Center_3_0,0.00,0.00,11.88
28740.00,:Center_11_0,40.00,14.00,8.84
28740.00,E2C_0,212.00,471.48,224.00
28740.00,E2C_1,63.00,469.01,360.04
28740.00,E2C_2,183.00,478.80,363.46
28740.00,E2C_3,70.00,472.70,362.17
28740.00,N2C_0,97.00,406.51,366.09
28740.00,N2C_1,105.00,481.05,363.03
28740.00,N2C_2,98.00,476.67,361.81
28740.00,N2C_3,75.00,474.08,363.27
28740.00,S2C_1,5.00,423.79,357.67
28740.00,S2C_2,33.00,461.02,361.97
28740.00,S2C_3,18.00,440.36,362.44
28740.00,W2C_0,9.00,16.00,16.00
28740.00,W2C_1,63.00,59.31,59.31
28740.00,W2C_2,111.00,61.72,61.72
28740.00,W2C_3,57.00,163.41,163.41
28800.00,:Center_15_0,42.00,13.20,8.47
28800.00,E2C_0,41.00,316.24,316.24
28800.00,E2C_1,16.00,467.87,364.45
28800.00,E2C_2,243.00,468.55,361.72
28800.00,E2C_3,44.00,475.86,363.55
28800.00,N2C_0,104.00,482.03,366.09
28800.00,N2C_1,107.00,474.03,362.39
28800.00,N2C_2,86.00,471.20,361.46
28800.00,N2C_3,69.00,479.10,361.66
28800.00,S2C_0,14.00,132.28,132.28
28800.00,S2C_1,54.00,361.80,361.80
28800.00,S2C_2,56.00,460.03,364.28
28800.00,S2C_3,76.00,475.52,362.18
28800.00,W2C_0,2.00,4.00,4.00
28800.00,W2C_1,3.00,3.21,13.90
28800.00,W2C_2,28.00,38.01,38.01
28800.00,W2C_3,41.00,135.07,172.24
28860.00,E2C_0,61.00,452.58,364.62
28860.00,E2C_1,63.00,464.18,362.56
28860.00,E2C_2,107.00,474.84,373.11
28860.00,E2C_3,103.00,475.03,361.94
28860.00,N2C_0,146.00,482.48,365.85
28860.00,N2C_1,167.00,472.84,360.99
28860.00,N2C_2,100.00,474.28,361.46
28860.00,N2C_3,48.00,476.76,361.90
28860.00,S2C_0,30.00,432.63,299.85
28860.00,S2C_1,56.00,419.89,292.66
28860.00,S2C_2,109.00,465.12,362.72
28860.00,S2C_3,87.00,471.02,362.21
28860.00,W2C_0,48.00,26.50,33.54
28860.00,W2C_1,60.00,49.21,52.76
28860.00,W2C_2,88.00,55.86,55.86
28860.00,W2C_3,98.00,212.72,212.72
28920.00,E2C_0,27.00,470.56,359.12
28920.00,E2C_1,41.00,469.45,363.92
28920.00,E2C_2,73.00,471.85,366.16
28920.00,E2C_3,71.00,470.05,366.75
28920.00,N2C_0,80.00,477.96,302.95
28920.00,N2C_1,227.00,478.77,351.85
28920.00,N2C_2,156.00,478.78,363.43
28920.00,N2C_3,88.00,475.08,363.63
28920.00,S2C_0,57.00,209.10,359.99
28920.00,S2C_1,60.00,283.75,332.05
28920.00,S2C_2,86.00,463.83,364.55
28920.00,S2C_3,60.00,472.33,362.26
28920.00,W2C_1,0.00,0.00,7.14
28920.00,W2C_2,48.00,49.55,49.55
28920.00,W2C_3,45.00,223.02,223.02
28980.00,:Center_11_0,0.00,0.00,11.30
28980.00,E2C_0,62.00,481.90,122.32
28980.00,E2C_1,60.00,474.38,365.03
28980.00,E2C_2,102.00,473.18,365.31
28980.00,E2C_3,105.00,476.07,365.60
28980.00,N2C_0,58.00,405.01,361.10
28980.00,N2C_1,59.00,480.43,362.81
28980.00,N2C_2,84.00,477.57,361.48
28980.00,N2C_3,78.00,470.67,363.96
28980.00,S2C_0,21.00,294.41,301.46
28980.00,S2C_1,18.00,405.94,364.30
28980.00,S2C_2,117.00,476.53,364.52
28980.00,S2C_3,88.00,472.33,366.18
28980.00,W2C_0,40.00,9.60,9.60
28980.00,W2C_1,57.00,66.01,66.01
28980.00,W2C_2,108.00,57.21,57.21
28980.00,W2C_3,103.00,246.45,246.45
29040.00,E2C_0,29.00,358.03,365.05
29040.00,E2C_1,26.00,350.75,357.77
29040.00,E2C_2,77.00,479.54,361.45
29040.00,E2C_3,66.00,473.66,362.05
29040.00,N2C_0,52.00,480.72,361.05
29040.00,N2C_1,108.00,470.09,362.75
29040.00,N2C_2,127.00,480.00,361.36
29040.00,N2C_3,74.00,472.75,362.76
29040.00,S2C_0,65.00,375.18,362.62
29040.00,S2C_1,60.00,480.29,348.06
29040.00,S2C_2,146.00,474.69,364.57
29040.00,S2C_3,59.00,464.95,363.35
29040.00,W2C_1,6.00,14.98,101.65
29040.00,W2C_2,52.00,94.64,94.64
29040.00,W2C_3,45.00,224.48,231.37
29100.00,E2C_0,32.00,454.91,277.21
29100.00,E2C_1,56.00,469.59,371.99
29100.00,E2C_2,121.00,472.59,359.71
29100.00,E2C_3,69.00,456.28,363.52
29100.00,N2C_0,34.00,477.35,350.87
29100.00,N2C_1,17.00,463.72,362.26
29100.00,N2C_2,94.00,479.89,364.99
29100.00,N2C_3,102.00,472.38,364.48
29100.00,S2C_0,35.00,478.17,4.01
29100.00,S2C_1,17.00,476.77,360.94
29100.00,S2C_2,59.00,476.77,362.89
29100.00,S2C_3,45.00,459.59,363.95
29100.00,W2C_0,39.00,24.91,24.91
29100.00,W2C_1,63.00,84.88,84.88
29100.00,W2C_2,112.00,87.68,87.68
29100.00,W2C_3,105.00,252.52,255.74
29160.00,:Center_7_0,55.00,12.50,12.50
29160.00,:Center_11_0,56.00,4.60,4.60
29160.00,:Center_15_0,0.00,0.00,9.75
29160.00,E2C_0,38.00,481.04,297.58
29160.00,E2C_1,23.00,469.72,364.53
29160.00,E2C_2,171.00,464.86,363.52
29160.00,E2C_3,48.00,469.64,362.22
29160.00,N2C_0,38.00,476.27,270.48
29160.00,N2C_1,62.00,479.50,360.53
29160.00,N2C_2,122.00,442.16,363.40
29160.00,N2C_3,56.00,464.71,362.71
29160.00,S2C_0,54.00,338.21,341.92
29160.00,S2C_1,58.00,457.20,361.39
29160.00,S2C_2,109.00,460.41,362.89
29160.00,S2C_3,73.00,462.51,362.03
29160.00,W2C_1,123.00,101.42,101.42
29160.00,W2C_2,45.00,103.69,103.69
29160.00,W2C_3,108.00,282.52,282.52
29220.00,:Center_7_0,115.00,12.50,12.50
29220.00,E2C_0,62.00,419.52,286.30
29220.00,E2C_1,61.00,457.40,361.42
29220.00,E2C_2,113.00,466.16,362.31
29220.00,E2C_3,108.00,465.20,364.52
29220.00,N2C_0,75.00,475.19,256.51
29220.00,N2C_1,65.00,473.39,361.83
29220.00,N2C_2,115.00,469.59,363.36
29220.00,N2C_3,52.00,464.69,362.20
29220.00,S2C_0,8.00,16.44,16.44
29220.00,S2C_1,23.00,472.20,338.71
29220.00,S2C_2,52.00,467.29,371.69
29220.00,S2C_3,41.00,460.42,361.42
29220.00,W2C_0,45.00,35.31,35.31
29220.00,W2C_1,183.00,116.82,116.82
29220.00,W2C_2,105.00,110.41,121.08
29220.00,W2C_3,91.00,302.52,316.95
29280.00,E2C_0,25.00,382.48,362.50
29280.00,E2C_1,39.00,481.15,365.30
29280.00,E2C_2,173.00,468.46,364.21
29280.00,E2C_3,168.00,473.62,363.47
29280.00,N2C_0,111.00,482.99,288.56
29280.00,N2C_1,119.00,469.60,366.18
29280.00,N2C_2,172.00,467.80,363.36
29280.00,N2C_3,109.00,460.09,357.47
29280.00,S2C_0,68.00,98.76,103.43
29280.00,S2C_1,62.00,405.73,349.13
29280.00,S2C_2,76.00,469.43,363.52
29280.00,S2C_3,58.00,470.32,360.60
29280.00,W2C_0,2.00,3.21,3.21
29280.00,W2C_1,2.00,5.51,13.13
29280.00,W2C_2,27.00,35.82,43.78
29280.00,W2C_3,52.00,361.81,361.81
29340.00,E2C_0,24.00,454.77,362.73
29340.00,E2C_1,99.00,477.74,360.86
29340.00,E2C_2,233.00,470.95,364.21
29340.00,E2C_3,226.00,469.60,363.47
29340.00,N2C_0,40.00,383.03,362.39
29340.00,N2C_1,36.00,449.69,371.58
29340.00,N2C_2,128.00,461.51,363.46
29340.00,N2C_3,41.00,463.86,362.86
29340.00,S2C_0,29.00,180.43,180.43
29340.00,S2C_1,18.00,399.76,362.54
29340.00,S2C_2,75.00,453.21,351.34
29340.00,S2C_3,55.00,465.30,369.34
29340.00,W2C_0,38.00,26.21,26.21
29340.00,W2C_1,60.00,55.52,55.52
29340.00,W2C_2,87.00,60.12,60.12
29340.00,W2C_3,102.00,362.55,362.55
29400.00,E2C_0,24.00,480.43,365.76
29400.00,E2C_1,50.00,478.70,364.33
29400.00,E2C_2,88.00,477.60,363.17
29400.00,E2C_3,211.00,469.60,363.41
29400.00,N2C_0,25.00,483.00,253.80
29400.00,N2C_1,64.00,450.91,362.39
29400.00,N2C_2,108.00,469.08,359.19
29400.00,N2C_3,59.00,465.03,361.11
29400.00,S2C_0,51.00,271.83,278.89
29400.00,S2C_1,61.00,293.29,360.80
29400.00,S2C_2,67.00,464.08,366.44
29400.00,S2C_3,55.00,475.18,362.04
29400.00,W2C_1,0.00,0.00,5.65
29400.00,W2C_2,19.00,240.13,244.64
29400.00,W2C_3,29.00,324.41,370.36
29460.00,E2C_0,61.00,477.28,361.89
29460.00,E2C_1,89.00,457.88,361.96
29460.00,E2C_2,110.00,477.70,361.60
29460.00,E2C_3,105.00,468.57,362.00
29460.00,N2C_0,37.00,477.07,345.72
29460.00,N2C_1,15.00,466.97,374.03
29460.00,N2C_2,21.00,444.39,361.46
29460.00,N2C_3,64.00,469.88,363.73
29460.00,S2C_0,59.00,465.57,353.34
29460.00,S2C_1,121.00,444.54,366.76
29460.00,S2C_2,112.00,473.24,364.06
29460.00,S2C_3,43.00,472.85,332.20
29460.00,W2C_0,16.00,11.90,11.90
29460.00,W2C_1,44.00,60.71,60.71
29460.00,W2C_2,59.00,56.66,63.63
29460.00,W2C_3,68.00,353.64,358.24
29520.00,E2C_0,80.00,472.93,359.17
29520.00,E2C_1,149.00,465.96,362.04
29520.00,E2C_2,119.00,474.75,364.35
29520.00,E2C_3,102.00,472.63,361.23
29520.00,N2C_0,32.00,432.07,340.77
29520.00,N2C_1,52.00,464.84,362.77
29520.00,N2C_2,56.00,472.15,361.18
29520.00,N2C_3,55.00,419.25,366.22
29520.00,S2C_0,66.00,469.15,364.07
29520.00,S2C_1,62.00,470.22,361.48
29520.00,S2C_2,96.00,473.42,364.06
29520.00,S2C_3,63.00,470.51,363.64
29520.00,W2C_1,1.00,3.23,11.18
29520.00,W2C_2,2.00,18.42,18.42
29520.00,W2C_3,89.00,388.52,364.32
29580.00,:Center_11_0,45.00,15.11,11.74
29580.00,E2C_0,43.00,476.89,368.33
29580.00,E2C_1,209.00,438.86,368.74
29580.00,E2C_2,179.00,469.04,364.51
29580.00,E2C_3,162.00,460.47,360.56
29580.00,N2C_0,34.00,477.61,124.81
29580.00,N2C_1,13.00,474.93,332.76
29580.00,N2C_2,67.00,478.92,356.73
29580.00,N2C_3,44.00,392.95,361.77
29580.00,S2C_0,69.00,478.56,340.21
29580.00,S2C_1,58.00,449.95,363.19
29580.00,S2C_2,118.00,480.25,363.24
29580.00,S2C_3,37.00,456.28,360.49
29580.00,W2C_0,47.00,41.07,41.07
29580.00,W2C_1,57.00,42.81,42.81
29580.00,W2C_2,61.00,46.11,46.11
29580.00,W2C_3,62.00,412.72,361.49
29640.00,E2C_0,25.00,467.32,70.84
29640.00,E2C_1,269.00,472.88,367.79
29640.00,E2C_2,237.00,471.79,362.86
29640.00,E2C_3,222.00,467.98,360.56
29640.00,N2C_0,23.00,349.88,349.88
29640.00,N2C_1,71.00,479.32,363.71
29640.00,N2C_2,110.00,478.92,372.82
29640.00,N2C_3,61.00,457.55,363.93
29640.00,S2C_0,103.00,478.25,362.63
29640.00,S2C_1,56.00,478.89,362.44
29640.00,S2C_2,178.00,458.31,364.23
29640.00,S2C_3,69.00,464.56,364.13
29640.00,W2C_3,47.00,377.17,361.98
29700.00,E2C_0,67.00,478.59,178.07
29700.00,E2C_1,25.00,471.88,350.35
29700.00,E2C_2,258.00,477.71,361.70
29700.00,E2C_3,214.00,467.98,364.71
29700.00,N2C_0,58.00,415.01,221.00
29700.00,N2C_1,131.00,295.21,362.07
29700.00,N2C_2,86.00,469.92,372.73
29700.00,N2C_3,74.00,468.35,363.57
29700.00,S2C_0,5.00,78.19,81.67
29700.00,S2C_1,38.00,474.58,361.85
29700.00,S2C_2,64.00,468.00,363.88
29700.00,S2C_3,19.00,460.98,363.31
29700.00,W2C_0,28.00,13.40,13.40
29700.00,W2C_1,40.00,41.41,41.41
29700.00,W2C_2,44.00,37.81,37.81
29700.00,W2C_3,60.00,238.00,368.08
29760.00,E2C_0,73.00,305.67,305.67
29760.00,E2C_1,85.00,467.15,366.72
29760.00,E2C_2,85.00,475.99,363.56
29760.00,E2C_3,73.00,464.78,364.24
29760.00,N2C_0,118.00,480.01,282.21
29760.00,N2C_1,191.00,477.59,361.68
29760.00,N2C_2,77.00,466.82,370.84
29760.00,N2C_3,61.00,463.71,364.15
29760.00,S2C_0,30.00,207.19,215.09
29760.00,S2C_1,68.00,479.39,360.58
29760.00,S2C_2,118.00,472.50,366.12
29760.00,S2C_3,62.00,451.42,363.42
29760.00,W2C_0,5.00,16.50,23.58
29760.00,W2C_3,8.00,371.30,361.44
29820.00,E2C_0,133.00,431.26,360.73
29820.00,E2C_1,145.00,481.36,362.25
29820.00,E2C_2,144.00,478.96,363.17
29820.00,E2C_3,100.00,461.19,363.96
29820.00,N2C_0,178.00,377.48,370.21
29820.00,N2C_1,251.00,481.78,362.64
29820.00,N2C_2,130.00,477.25,369.79
29820.00,N2C_3,33.00,472.28,362.62
29820.00,S2C_0,25.00,351.14,351.14
29820.00,S2C_1,41.00,473.15,361.64
29820.00,S2C_2,63.00,471.10,365.20
29820.00,S2C_3,104.00,458.79,363.33
29820.00,W2C_0,63.00,59.42,59.42
29820.00,W2C_1,40.00,55.11,55.11
29820.00,W2C_2,48.00,59.21,59.21
29820.00,W2C_3,61.00,218.80,232.44
29880.00,E2C_0,114.00,476.49,364.55
29880.00,E2C_1,29.00,473.37,364.17
29880.00,E2C_2,108.00,472.94,359.97
29880.00,E2C_3,157.00,477.88,363.14
29880.00,N2C_0,238.00,481.41,362.34
29880.00,N2C_1,311.00,475.30,364.26
29880.00,N2C_2,190.00,474.56,367.71
29880.00,N2C_3,65.00,466.07,363.41
29880.00,S2C_0,57.00,473.08,362.10
29880.00,S2C_1,68.00,472.98,358.26
29880.00,S2C_2,60.00,471.29,363.33
29880.00,S2C_3,63.00,472.42,361.71
29880.00,W2C_0,2.00,5.50,5.50
29880.00,W2C_1,1.00,3.50,3.50
29880.00,W2C_2,11.00,33.83,33.83
29880.00,W2C_3,9.00,258.14,258.14
29940.00,E2C_0,85.00,479.48,364.44
29940.00,E2C_1,55.00,472.73,366.81
29940.00,E2C_2,97.00,473.74,365.47
29940.00,E2C_3,176.00,477.40,362.47
29940.00,N2C_0,52.00,477.65,362.13
29940.00,N2C_1,47.00,482.16,364.33
29940.00,N2C_2,55.00,469.65,366.45
29940.00,N2C_3,47.00,452.27,362.65
29940.00,S2C_0,80.00,472.83,194.57
29940.00,S2C_1,10.00,420.93,363.89
29940.00,S2C_2,32.00,476.03,360.52
29940.00,S2C_3,50.00,456.91,362.39
29940.00,W2C_0,51.00,23.41,27.12
29940.00,W2C_1,57.00,46.81,46.81
29940.00,W2C_2,58.00,46.98,46.98
29940.00,W2C_3,56.00,188.58,211.05
30000.00,E2C_0,50.00,482.86,362.98
30000.00,E2C_1,94.00,474.13,361.97
30000.00,E2C_2,81.00,476.76,364.73
30000.00,E2C_3,86.00,476.11,363.91
30000.00,N2C_0,45.00,480.30,349.68
30000.00,N2C_1,107.00,467.28,364.95
30000.00,N2C_2,57.00,464.78,362.48
30000.00,N2C_3,63.00,462.40,362.52
30000.00,S2C_0,31.00,463.63,256.76
30000.00,S2C_1,57.00,480.53,355.86
30000.00,S2C_2,92.00,437.07,361.90
30000.00,S2C_3,59.00,438.75,362.83
30000.00,W2C_1,3.00,5.50,5.50
30000.00,W2C_2,2.00,5.51,5.51
30000.00,W2C_3,2.00,163.67,211.04
30060.00,E2C_0,44.00,479.87,362.09
30060.00,E2C_1,154.00,483.09,372.03
30060.00,E2C_2,94.00,474.74,362.43
30060.00,E2C_3,131.00,475.13,361.76
30060.00,N2C_0,34.00,434.93,349.35
30060.00,N2C_1,18.00,462.37,364.89
30060.00,N2C_2,64.00,448.32,363.31
30060.00,N2C_3,48.00,459.69,362.18
30060.00,S2C_0,40.00,338.84,345.85
30060.00,S2C_1,17.00,392.88,363.98
30060.00,S2C_2,62.00,449.94,365.29
30060.00,S2C_3,53.00,474.81,366.19
30060.00,W2C_0,42.00,32.11,32.11
30060.00,W2C_1,46.00,47.61,47.61
30060.00,W2C_2,44.00,46.51,46.51
30060.00,W2C_3,61.00,144.64,144.64
30120.00,:Center_11_0,58.00,12.10,12.10
30120.00,E2C_0,91.00,478.07,362.09
30120.00,E2C_1,214.00,477.22,363.05
30120.00,E2C_2,41.00,477.42,365.16
30120.00,E2C_3,36.00,473.54,363.43
30120.00,N2C_0,58.00,475.95,145.13
30120.00,N2C_1,56.00,290.68,363.48
30120.00,N2C_2,72.00,473.08,363.37
30120.00,N2C_3,70.00,462.72,364.51
30120.00,S2C_0,100.00,478.03,365.73
30120.00,S2C_1,56.00,477.05,360.10
30120.00,S2C_2,113.00,477.12,362.37
30120.00,S2C_3,112.00,473.51,363.77
30120.00,W2C_0,6.00,11.69,15.14
30120.00,W2C_1,59.00,81.82,81.82
30120.00,W2C_2,59.00,80.72,80.72
30120.00,W2C_3,7.00,19.28,90.51
30180.00,E2C_0,47.00,478.06,362.21
30180.00,E2C_1,274.00,475.74,362.28
30180.00,E2C_2,34.00,474.46,360.94
30180.00,E2C_3,60.00,470.35,361.73
30180.00,N2C_0,16.00,229.13,229.13
30180.00,N2C_1,36.00,274.78,314.11
30180.00,N2C_2,117.00,433.66,361.49
30180.00,N2C_3,117.00,443.54,362.71
30180.00,S2C_0,30.00,435.62,28.07
30180.00,S2C_1,25.00,474.70,362.34
30180.00,S2C_2,94.00,474.45,362.23
30180.00,S2C_3,108.00,472.33,362.64
30180.00,W2C_0,63.00,61.60,61.60
30180.00,W2C_1,118.00,115.22,122.90
30180.00,W2C_2,118.00,115.39,115.39
30180.00,W2C_3,53.00,80.72,80.72
30240.00,E2C_0,19.00,388.49,362.63
30240.00,E2C_1,26.00,463.31,365.15
30240.00,E2C_2,59.00,468.59,362.30
30240.00,E2C_3,51.00,468.61,361.13
30240.00,N2C_0,66.00,308.93,341.11
30240.00,N2C_1,58.00,294.01,349.76
30240.00,N2C_2,177.00,459.45,361.61
30240.00,N2C_3,175.00,462.06,363.72
30240.00,S2C_0,54.00,190.68,201.88
30240.00,S2C_1,54.00,477.96,363.81
30240.00,S2C_2,88.00,471.45,365.73
30240.00,S2C_3,106.00,474.67,366.07
30240.00,W2C_2,2.00,3.20,3.20
30240.00,W2C_3,4.00,3.20,26.29
30300.00,E2C_0,48.00,482.28,306.56
30300.00,E2C_1,86.00,462.42,361.31
30300.00,E2C_2,119.00,476.72,362.17
30300.00,E2C_3,107.00,476.38,364.69
30300.00,N2C_0,9.00,400.01,270.41
30300.00,N2C_1,4.00,429.29,363.01
30300.00,N2C_2,71.00,465.76,359.74
30300.00,N2C_3,80.00,471.85,362.43
30300.00,S2C_0,17.00,461.62,196.96
30300.00,S2C_1,21.00,472.99,356.53
30300.00,S2C_2,100.00,475.66,363.87
30300.00,S2C_3,62.00,473.96,362.44
30300.00,W2C_0,45.00,32.61,32.61
30300.00,W2C_1,48.00,22.41,22.41
30300.00,W2C_2,17.00,23.71,23.71
30300.00,W2C_3,60.00,61.71,61.71
30360.00,E2C_0,89.00,473.75,362.82
30360.00,E2C_1,25.00,430.68,362.10
30360.00,E2C_2,112.00,471.28,361.73
30360.00,E2C_3,121.00,470.73,364.53
30360.00,N2C_0,63.00,375.05,358.88
30360.00,N2C_1,57.00,332.32,360.73
30360.00,N2C_2,100.00,471.81,364.31
30360.00,N2C_3,110.00,473.21,361.68
30360.00,S2C_0,47.00,265.63,277.36
30360.00,S2C_1,60.00,430.60,349.65
30360.00,S2C_2,114.00,449.87,366.55
30360.00,S2C_3,110.00,460.19,361.65
30360.00,W2C_2,4.00,5.24,5.24
30360.00,W2C_3,2.00,5.50,5.50
30420.00,:Center_3_0,0.00,0.00,11.99
30420.00,E2C_0,40.00,443.03,331.07
30420.00,E2C_1,65.00,474.73,364.37
30420.00,E2C_2,161.00,472.25,362.08
30420.00,E2C_3,97.00,474.61,363.91
30420.00,N2C_0,36.00,479.67,368.73
30420.00,N2C_1,23.00,473.83,364.94
30420.00,N2C_2,48.00,472.44,337.50
30420.00,N2C_3,96.00,470.42,361.13
30420.00,S2C_0,14.00,369.44,362.44
30420.00,S2C_1,20.00,417.82,363.06
30420.00,S2C_2,104.00,471.29,368.86
30420.00,S2C_3,160.00,471.73,361.62
30420.00,W2C_0,57.00,22.11,22.11
30420.00,W2C_1,43.00,57.41,57.41
30420.00,W2C_2,42.00,55.15,55.15
30420.00,W2C_3,26.00,23.50,23.50
30480.00,E2C_0,49.00,474.92,271.36
30480.00,E2C_1,25.00,472.79,363.63
30480.00,E2C_2,169.00,471.30,362.06
30480.00,E2C_3,52.00,472.22,363.99
30480.00,N2C_0,51.00,254.10,265.95
30480.00,N2C_1,61.00,469.47,348.72
30480.00,N2C_2,76.00,471.41,362.44
30480.00,N2C_3,64.00,466.63,366.47
30480.00,S2C_0,48.00,476.79,299.82
30480.00,S2C_1,80.00,463.26,361.57
30480.00,S2C_2,115.00,474.01,365.66
30480.00,S2C_3,104.00,469.14,363.86
30480.00,W2C_0,3.00,5.50,5.50
30480.00,W2C_2,2.00,9.00,9.00
30480.00,W2C_3,2.00,13.00,13.00
30540.00,:Center_3_0,45.00,15.11,11.72
30540.00,E2C_0,56.00,362.76,362.76
30540.00,E2C_1,54.00,443.21,363.79
30540.00,E2C_2,130.00,474.49,361.41
30540.00,E2C_3,69.00,471.69,361.90
30540.00,N2C_0,18.00,426.97,361.74
30540.00,N2C_1,18.00,362.68,362.68
30540.00,N2C_2,46.00,466.18,365.71
30540.00,N2C_3,18.00,465.68,364.04
30540.00,S2C_0,44.00,396.63,367.58
30540.00,S2C_1,45.00,414.81,361.40
30540.00,S2C_2,175.00,464.59,362.34
30540.00,S2C_3,64.00,454.16,363.41
30540.00,W2C_0,50.00,25.91,25.91
30540.00,W2C_1,46.00,37.81,44.90
30540.00,W2C_2,50.00,39.01,39.01
30540.00,W2C_3,55.00,27.00,27.00
30600.00,E2C_0,94.00,469.48,363.51
30600.00,E2C_1,107.00,376.08,361.86
30600.00,E2C_2,56.00,469.63,363.04
30600.00,E2C_3,59.00,473.14,361.27
30600.00,N2C_0,49.00,480.04,68.53
30600.00,N2C_1,60.00,465.84,333.25
30600.00,N2C_2,72.00,458.94,365.67
30600.00,N2C_3,62.00,461.71,364.06
30600.00,S2C_0,104.00,476.35,362.01
30600.00,S2C_1,105.00,472.53,360.75
30600.00,S2C_2,235.00,477.39,361.65
30600.00,S2C_3,82.00,461.23,363.02
30600.00,W2C_2,1.00,4.03,4.03
30600.00,W2C_3,2.00,3.22,3.22
30660.00,:Center_3_0,0.00,0.00,10.61
30660.00,E2C_0,154.00,468.79,310.03
30660.00,E2C_1,167.00,453.53,362.36
30660.00,E2C_2,106.00,427.64,364.36
30660.00,E2C_3,74.00,470.77,362.99
30660.00,N2C_0,4.00,447.20,251.44
30660.00,N2C_1,13.00,476.11,363.43
30660.00,N2C_2,18.00,467.86,361.64
30660.00,N2C_3,16.00,450.61,367.04
30660.00,S2C_0,139.00,476.68,315.35
30660.00,S2C_1,52.00,467.28,364.10
30660.00,S2C_2,295.00,470.17,364.62
30660.00,S2C_3,100.00,459.65,363.47
30660.00,W2C_0,9.00,12.50,12.50
30660.00,W2C_1,56.00,39.01,39.01
30660.00,W2C_2,55.00,37.21,44.32
30660.00,W2C_3,37.00,24.91,24.91
30720.00,E2C_0,214.00,482.18,331.27
30720.00,E2C_1,227.00,450.09,365.85
30720.00,E2C_2,110.00,452.67,363.53
30720.00,E2C_3,58.00,468.57,362.98
30720.00,N2C_0,13.00,12.93,12.93
30720.00,N2C_1,59.00,464.61,318.11
30720.00,N2C_2,58.00,459.42,230.85
30720.00,N2C_3,62.00,469.43,362.40
30720.00,S2C_0,159.00,476.44,340.13
30720.00,S2C_1,112.00,470.24,365.03
30720.00,S2C_2,233.00,464.81,362.67
30720.00,S2C_3,107.00,472.39,363.47
30720.00,W2C_1,3.00,3.20,6.49
30720.00,W2C_2,1.00,4.00,4.00
30720.00,W2C_3,0.00,0.00,3.43
30780.00,E2C_0,274.00,473.99,367.76
30780.00,E2C_1,287.00,472.56,364.75
30780.00,E2C_2,99.00,472.04,364.35
30780.00,E2C_3,62.00,455.17,362.86
30780.00,N2C_0,14.00,275.64,347.63
30780.00,N2C_1,19.00,319.75,323.47
30780.00,N2C_2,18.00,369.59,366.39
30780.00,N2C_3,49.00,463.05,362.55
30780.00,S2C_0,54.00,422.32,362.63
30780.00,S2C_1,78.00,445.50,361.57
30780.00,S2C_2,107.00,468.43,363.77
30780.00,S2C_3,94.00,472.38,361.47
30780.00,W2C_0,36.00,36.61,36.61
30780.00,W2C_1,60.00,27.41,27.41
30780.00,W2C_2,53.00,29.61,29.61
30780.00,W2C_3,57.00,16.60,16.60
30840.00,E2C_0,64.00,473.95,364.72
30840.00,E2C_1,33.00,466.13,363.37
30840.00,E2C_2,68.00,467.97,365.13
30840.00,E2C_3,33.00,463.53,364.56
30840.00,N2C_0,60.00,20.40,20.40
30840.00,N2C_1,59.00,322.10,322.10
30840.00,N2C_2,62.00,409.88,363.93
30840.00,N2C_3,60.00,448.78,365.55
30840.00,S2C_0,114.00,475.52,350.09
30840.00,S2C_1,116.00,475.97,361.55
30840.00,S2C_2,117.00,472.99,363.76
30840.00,S2C_3,104.00,470.38,361.46
30900.00,E2C_0,62.00,479.71,335.85
30900.00,E2C_1,59.00,472.95,368.59
30900.00,E2C_2,90.00,471.17,362.50
30900.00,E2C_3,75.00,458.61,361.45
30900.00,N2C_0,0.00,0.00,217.89
30900.00,N2C_1,4.00,225.58,264.39
30900.00,N2C_2,21.00,419.90,363.27
30900.00,N2C_3,48.00,407.10,364.48
30900.00,S2C_0,174.00,481.78,364.97
30900.00,S2C_1,176.00,474.42,366.08
30900.00,S2C_2,177.00,478.69,362.76
30900.00,S2C_3,122.00,470.19,364.96
30900.00,W2C_0,39.00,19.61,19.61
30900.00,W2C_1,46.00,41.41,41.41
30900.00,W2C_2,51.00,48.70,48.70
30900.00,W2C_3,31.00,11.00,11.00
30960.00,E2C_0,26.00,481.08,331.21
30960.00,E2C_1,16.00,475.00,364.23
30960.00,E2C_2,150.00,474.37,361.89
30960.00,E2C_3,76.00,472.57,363.14
30960.00,N2C_0,51.00,52.41,52.41
30960.00,N2C_1,58.00,176.85,190.67
30960.00,N2C_2,60.00,364.08,364.08
30960.00,N2C_3,63.00,405.47,360.67
30960.00,S2C_0,234.00,481.77,364.23
30960.00,S2C_1,236.00,474.07,365.60
30960.00,S2C_2,237.00,477.69,362.76
30960.00,S2C_3,182.00,466.18,364.16
30960.00,W2C_3,18.00,31.45,31.45
31020.00,E2C_0,59.00,476.04,364.85
31020.00,E2C_1,61.00,479.30,361.15
31020.00,E2C_2,48.00,478.86,361.55
31020.00,E2C_3,100.00,470.77,361.45
31020.00,N2C_0,2.00,104.76,114.08
31020.00,N2C_1,5.00,16.90,191.30
31020.00,N2C_2,33.00,355.20,355.20
31020.00,N2C_3,44.00,352.96,359.86
31020.00,S2C_0,125.00,480.84,364.15
31020.00,S2C_1,137.00,470.51,364.22
31020.00,S2C_2,140.00,474.47,362.31
31020.00,S2C_3,224.00,465.77,363.12
31020.00,W2C_1,31.00,44.51,44.51
31020.00,W2C_2,49.00,34.81,39.20
31020.00,W2C_3,55.00,44.31,44.31
31080.00,E2C_0,6.00,172.18,172.18
31080.00,E2C_1,24.00,220.85,267.41
31080.00,E2C_2,39.00,471.90,363.82
31080.00,E2C_3,86.00,469.57,360.93
31080.00,N2C_0,38.00,24.31,24.31
31080.00,N2C_1,62.00,223.91,223.91
31080.00,N2C_2,64.00,298.74,298.74
31080.00,N2C_3,62.00,397.93,363.50
31080.00,S2C_0,101.00,464.08,361.93
31080.00,S2C_1,88.00,476.93,364.21
31080.00,S2C_2,112.00,470.83,362.30
31080.00,S2C_3,109.00,464.34,363.12
31080.00,W2C_2,2.00,3.21,3.21
31080.00,W2C_3,53.00,81.46,81.46
31140.00,:Center_3_0,0.00,0.00,13.24
31140.00,:Center_11_0,50.00,13.91,10.18
31140.00,E2C_0,66.00,384.34,115.48
31140.00,E2C_1,58.00,470.81,363.49
31140.00,E2C_2,77.00,473.69,361.70
31140.00,E2C_3,93.00,467.40,362.93
31140.00,N2C_1,2.00,271.17,313.31
31140.00,N2C_2,61.00,298.74,298.74
31140.00,N2C_3,48.00,397.25,362.50
31140.00,S2C_0,118.00,482.09,361.73
31140.00,S2C_1,35.00,475.92,366.04
31140.00,S2C_2,79.00,463.88,363.53
31140.00,S2C_3,137.00,464.34,363.03
31140.00,W2C_0,44.00,19.50,19.50
31140.00,W2C_1,49.00,37.41,37.41
31140.00,W2C_2,50.00,27.51,27.51
31140.00,W2C_3,111.00,110.16,113.37
31200.00,:Center_15_0,0.00,0.00,8.14
31200.00,E2C_0,5.00,469.59,199.54
31200.00,E2C_1,4.00,465.28,341.12
31200.00,E2C_2,36.00,454.07,360.26
31200.00,E2C_3,99.00,468.99,363.43
31200.00,N2C_0,44.00,35.10,35.10
31200.00,N2C_1,60.00,180.94,262.11
31200.00,N2C_2,72.00,323.54,323.54
31200.00,N2C_3,91.00,474.99,360.35
31200.00,S2C_0,96.00,482.09,364.64
31200.00,S2C_1,60.00,479.19,362.57
31200.00,S2C_2,93.00,477.68,366.78
31200.00,S2C_3,55.00,462.63,362.64
31200.00,W2C_3,42.00,143.50,143.50
31260.00,E2C_0,61.00,203.08,203.08
31260.00,E2C_1,60.00,415.47,361.15
31260.00,E2C_2,62.00,475.18,362.62
31260.00,E2C_3,56.00,469.92,363.94
31260.00,N2C_0,5.00,5.50,5.50
31260.00,N2C_1,3.00,402.10,321.33
31260.00,N2C_2,62.00,395.10,331.96
31260.00,N2C_3,40.00,456.79,363.24
31260.00,S2C_0,17.00,478.24,362.13
31260.00,S2C_1,26.00,475.70,352.80
31260.00,S2C_2,101.00,467.29,362.48
31260.00,S2C_3,101.00,465.16,362.18
31260.00,W2C_0,18.00,18.01,18.01
31260.00,W2C_1,46.00,30.61,30.61
31260.00,W2C_2,48.00,32.91,32.91
31260.00,W2C_3,100.00,180.67,180.67
31320.00,E2C_0,18.00,330.68,330.68
31320.00,E2C_1,41.00,364.85,361.62
31320.00,E2C_2,54.00,462.26,373.10
31320.00,E2C_3,47.00,469.05,363.07
31320.00,N2C_0,56.00,45.14,45.14
31320.00,N2C_1,62.00,232.48,359.36
31320.00,N2C_2,109.00,374.03,363.02
31320.00,N2C_3,99.00,467.54,363.79
31320.00,S2C_0,48.00,475.16,294.31
31320.00,S2C_1,62.00,469.95,361.72
31320.00,S2C_2,122.00,473.00,365.51
31320.00,S2C_3,70.00,474.34,360.12
31320.00,W2C_1,59.00,64.93,64.93
31320.00,W2C_2,59.00,61.47,61.47
31320.00,W2C_3,16.00,179.28,179.28
31380.00,E2C_0,36.00,242.06,242.06
31380.00,E2C_1,56.00,478.07,362.19
31380.00,E2C_2,108.00,472.45,373.10
31380.00,E2C_3,63.00,474.36,360.21
31380.00,N2C_1,5.00,382.05,358.69
31380.00,N2C_2,96.00,375.05,361.61
31380.00,N2C_3,58.00,464.05,360.94
31380.00,S2C_0,7.00,364.19,364.19
31380.00,S2C_1,12.00,442.19,360.96
31380.00,S2C_2,118.00,453.73,350.39
31380.00,S2C_3,47.00,433.17,362.33
31380.00,W2C_0,17.00,11.00,11.00
31380.00,W2C_1,119.00,82.83,82.83
31380.00,W2C_2,119.00,83.22,83.22
31380.00,W2C_3,64.00,222.34,222.34
31440.00,E2C_0,15.00,457.29,325.41
31440.00,E2C_1,22.00,416.40,355.53
31440.00,E2C_2,101.00,472.36,366.48
31440.00,E2C_3,66.00,458.59,363.98
31440.00,N2C_0,49.00,77.68,81.00
31440.00,N2C_1,59.00,419.83,338.14
31440.00,N2C_2,95.00,420.31,347.54
31440.00,N2C_3,109.00,470.69,360.42
31440.00,S2C_0,23.00,376.16,364.55
31440.00,S2C_1,62.00,462.10,364.16
31440.00,S2C_2,178.00,477.41,364.28
31440.00,S2C_3,102.00,477.92,360.08
31440.00,W2C_1,4.00,12.50,24.20
31440.00,W2C_2,32.00,32.58,52.86
31440.00,W2C_3,46.00,206.95,228.66
31500.00,E2C_0,75.00,219.52,222.92
31500.00,E2C_1,57.00,433.66,352.01
31500.00,E2C_2,109.00,472.37,363.15
31500.00,E2C_3,108.00,476.16,363.16
31500.00,N2C_0,1.00,481.70,114.80
31500.00,N2C_1,8.00,364.99,361.79
31500.00,N2C_2,51.00,468.97,364.23
31500.00,N2C_3,86.00,469.63,364.28
31500.00,S2C_0,45.00,471.02,363.51
31500.00,S2C_1,29.00,388.69,365.79
31500.00,S2C_2,109.00,475.69,364.11
31500.00,S2C_3,238.00,476.09,365.62
31500.00,W2C_0,52.00,17.20,17.20
31500.00,W2C_1,62.00,66.31,66.31
31500.00,W2C_2,92.00,63.83,71.26
31500.00,W2C_3,106.00,240.44,240.44
31560.00,E2C_0,48.00,301.37,301.37
31560.00,E2C_1,10.00,384.50,374.25
31560.00,E2C_2,65.00,479.35,363.61
31560.00,E2C_3,127.00,476.14,363.22
31560.00,N2C_0,50.00,397.96,67.32
31560.00,N2C_1,59.00,185.32,254.33
31560.00,N2C_2,59.00,475.60,362.29
31560.00,N2C_3,57.00,473.79,363.68
31560.00,S2C_0,53.00,397.64,227.95
31560.00,S2C_1,50.00,472.90,361.63
31560.00,S2C_2,156.00,476.49,364.03
31560.00,S2C_3,107.00,479.70,363.74
31560.00,W2C_1,1.00,3.20,10.33
31560.00,W2C_2,7.00,18.08,18.08
31560.00,W2C_3,42.00,204.52,226.25
31620.00,E2C_0,36.00,350.59,350.59
31620.00,E2C_1,70.00,475.86,363.73
31620.00,E2C_2,123.00,477.54,363.61
31620.00,E2C_3,104.00,473.34,362.65
31620.00,N2C_0,16.00,154.61,154.61
31620.00,N2C_1,32.00,478.88,356.08
31620.00,N2C_2,62.00,475.59,358.90
31620.00,N2C_3,49.00,470.85,364.08
31620.00,S2C_0,41.00,473.16,373.54
31620.00,S2C_1,11.00,430.78,363.87
31620.00,S2C_2,113.00,478.82,361.01
31620.00,S2C_3,65.00,474.20,361.82
31620.00,W2C_0,53.00,32.51,32.51
31620.00,W2C_1,60.00,42.21,42.21
31620.00,W2C_2,67.00,41.73,41.73
31620.00,W2C_3,54.00,251.51,251.51
31680.00,E2C_0,40.00,481.09,370.10
31680.00,E2C_1,7.00,458.97,364.35
31680.00,E2C_2,51.00,476.86,364.18
31680.00,E2C_3,95.00,478.72,363.55
31680.00,N2C_0,48.00,481.57,234.40
31680.00,N2C_1,63.00,475.70,345.62
31680.00,N2C_2,109.00,473.18,353.78
31680.00,N2C_3,107.00,470.54,362.09
31680.00,S2C_0,32.00,470.45,195.18
31680.00,S2C_1,59.00,453.02,361.56
31680.00,S2C_2,173.00,471.21,363.85
31680.00,S2C_3,89.00,472.48,363.69
31680.00,W2C_1,0.00,0.00,9.04
31680.00,W2C_2,2.00,6.07,6.07
31680.00,W2C_3,34.00,208.69,289.65
31740.00,E2C_0,82.00,479.03,308.95
31740.00,E2C_1,57.00,460.64,363.47
31740.00,E2C_2,111.00,472.95,362.79
31740.00,E2C_3,57.00,475.14,362.07
31740.00,N2C_0,103.00,326.59,326.59
31740.00,N2C_1,60.00,409.42,348.59
31740.00,N2C_2,59.00,472.06,363.71
31740.00,N2C_3,130.00,472.33,366.51
31740.00,S2C_0,37.00,244.98,244.98
31740.00,S2C_1,18.00,398.59,362.45
31740.00,S2C_2,27.00,463.41,364.84
31740.00,S2C_3,33.00,465.39,358.88
31740.00,W2C_0,50.00,36.61,36.61
31740.00,W2C_1,57.00,33.31,33.31
31740.00,W2C_2,62.00,27.98,27.98
31740.00,W2C_3,61.00,320.02,323.61
31800.00,:Center_15_0,49.00,15.11,11.90
31800.00,E2C_0,47.00,133.57,164.45
31800.00,E2C_1,27.00,468.05,325.84
31800.00,E2C_2,104.00,474.64,364.19
31800.00,E2C_3,99.00,468.76,363.45
31800.00,N2C_0,163.00,394.51,363.60
31800.00,N2C_1,118.00,479.22,364.10
31800.00,N2C_2,105.00,478.03,363.71
31800.00,N2C_3,118.00,475.50,366.37
31800.00,S2C_0,41.00,35.83,319.01
31800.00,S2C_1,44.00,417.11,364.39
31800.00,S2C_2,63.00,469.75,362.44
31800.00,S2C_3,63.00,429.54,363.32
31800.00,W2C_0,0.00,0.00,3.26
31800.00,W2C_2,3.00,3.20,3.20
31800.00,W2C_3,54.00,344.25,344.25
31860.00,E2C_0,107.00,316.76,321.28
31860.00,E2C_1,57.00,449.64,360.59
31860.00,E2C_2,73.00,477.39,365.28
31860.00,E2C_3,93.00,473.92,362.88
31860.00,N2C_0,38.00,476.70,361.18
31860.00,N2C_1,34.00,476.11,360.89
31860.00,N2C_2,106.00,478.03,363.19
31860.00,N2C_3,52.00,474.23,366.59
31860.00,S2C_0,22.00,475.76,212.76
31860.00,S2C_1,9.00,243.13,358.63
31860.00,S2C_2,43.00,465.04,362.55
31860.00,S2C_3,51.00,466.79,365.67
31860.00,W2C_0,58.00,33.82,33.82
31860.00,W2C_1,52.00,27.51,27.51
31860.00,W2C_2,50.00,28.11,28.11
31860.00,W2C_3,53.00,349.80,353.04
31920.00,E2C_0,69.00,423.12,363.20
31920.00,E2C_1,9.00,396.12,364.11
31920.00,E2C_2,53.00,467.27,363.31
31920.00,E2C_3,39.00,454.54,360.75
31920.00,N2C_0,36.00,473.68,309.17
31920.00,N2C_1,62.00,397.08,363.18
31920.00,N2C_2,95.00,476.99,362.82
31920.00,N2C_3,111.00,463.19,361.05
31920.00,S2C_0,61.00,449.54,105.92
31920.00,S2C_1,51.00,474.78,366.36
31920.00,S2C_2,103.00,462.39,366.21
31920.00,S2C_3,64.00,467.07,363.51
31920.00,W2C_1,2.00,18.84,18.84
31920.00,W2C_2,29.00,64.95,64.95
31920.00,W2C_3,44.00,233.04,355.76
31980.00,E2C_0,62.00,114.23,114.23
31980.00,E2C_1,61.00,477.39,359.44
31980.00,E2C_2,67.00,472.16,361.58
31980.00,E2C_3,58.00,466.87,366.18
31980.00,N2C_0,29.00,476.85,284.96
31980.00,N2C_1,37.00,452.57,364.98
31980.00,N2C_2,85.00,480.40,364.38
31980.00,N2C_3,90.00,448.14,363.22
31980.00,S2C_0,5.00,101.55,101.55
31980.00,S2C_1,14.00,448.74,362.95
31980.00,S2C_2,47.00,472.58,360.41
31980.00,S2C_3,124.00,470.71,356.97
31980.00,W2C_0,40.00,21.92,21.92
31980.00,W2C_1,61.00,81.21,81.21
31980.00,W2C_2,59.00,84.88,84.88
31980.00,W2C_3,56.00,340.07,340.07
32040.00,E2C_0,19.00,217.55,217.55
32040.00,E2C_1,5.00,183.55,359.80
32040.00,E2C_2,127.00,463.83,364.57
32040.00,E2C_3,31.00,439.52,363.41
32040.00,N2C_0,58.00,322.50,322.50
32040.00,N2C_1,56.00,451.86,366.20
32040.00,N2C_2,145.00,477.14,362.26
32040.00,N2C_3,58.00,469.03,357.32
32040.00,S2C_0,62.00,274.65,274.65
32040.00,S2C_1,60.00,417.79,363.59
32040.00,S2C_2,82.00,467.18,363.71
32040.00,S2C_3,107.00,467.98,372.02
32040.00,W2C_1,26.00,41.51,41.51
32040.00,W2C_2,119.00,67.46,67.46
32040.00,W2C_3,42.00,354.16,354.16
32100.00,:Center_11_0,0.00,0.00,14.16
32100.00,E2C_0,56.00,328.97,335.97
32100.00,E2C_1,62.00,477.63,354.26
32100.00,E2C_2,187.00,470.57,364.57
32100.00,E2C_3,66.00,458.24,361.01
32100.00,N2C_0,35.00,456.15,359.10
32100.00,N2C_1,20.00,446.87,362.81
32100.00,N2C_2,59.00,456.29,361.62
32100.00,N2C_3,46.00,471.39,363.82
32100.00,S2C_0,39.00,480.35,322.04
32100.00,S2C_1,24.00,473.91,365.40
32100.00,S2C_2,142.00,471.85,370.53
32100.00,S2C_3,97.00,473.93,371.05
32100.00,W2C_0,39.00,29.70,32.98
32100.00,W2C_1,86.00,87.72,87.72
32100.00,W2C_2,179.00,91.92,91.92
32100.00,W2C_3,58.00,362.45,362.45
32160.00,E2C_0,14.00,473.30,360.12
32160.00,E2C_1,6.00,378.48,361.03
32160.00,E2C_2,245.00,476.83,362.57
32160.00,E2C_3,56.00,466.24,373.87
32160.00,N2C_0,43.00,477.92,337.98
32160.00,N2C_1,77.00,472.32,362.28
32160.00,N2C_2,110.00,473.52,361.59
32160.00,N2C_3,80.00,476.17,359.94
32160.00,S2C_0,60.00,432.43,362.04
32160.00,S2C_1,61.00,474.86,364.21
32160.00,S2C_2,202.00,467.46,367.38
32160.00,S2C_3,201.00,468.35,368.78
32160.00,W2C_1,1.00,4.00,7.37
32160.00,W2C_2,30.00,72.93,95.82
32160.00,W2C_3,47.00,393.26,360.36
32220.00,E2C_0,59.00,469.33,65.31
32220.00,E2C_1,62.00,454.22,341.76
32220.00,E2C_2,112.00,467.00,361.51
32220.00,E2C_3,58.00,463.33,369.56
32220.00,N2C_0,31.00,475.66,358.83
32220.00,N2C_1,137.00,473.19,362.72
32220.00,N2C_2,91.00,456.69,362.30
32220.00,N2C_3,94.00,474.89,371.50
32220.00,S2C_0,21.00,461.66,362.29
32220.00,S2C_1,37.00,433.98,364.01
32220.00,S2C_2,64.00,473.00,367.31
32220.00,S2C_3,262.00,466.90,362.01
32220.00,W2C_0,36.00,15.40,15.40
32220.00,W2C_1,60.00,99.42,99.42
32220.00,W2C_2,58.00,98.81,98.81
32220.00,W2C_3,54.00,400.84,364.87
32280.00,E2C_0,2.00,112.53,112.53
32280.00,E2C_1,14.00,450.04,360.49
32280.00,E2C_2,134.00,474.60,371.79
32280.00,E2C_3,172.00,459.40,367.59
32280.00,N2C_0,91.00,420.78,366.70
32280.00,N2C_1,197.00,455.79,361.32
32280.00,N2C_2,99.00,475.46,362.30
32280.00,N2C_3,61.00,473.62,364.06
32280.00,S2C_0,61.00,446.38,220.76
32280.00,S2C_1,97.00,475.33,361.01
32280.00,S2C_2,122.00,466.43,363.73
32280.00,S2C_3,83.00,466.73,362.65
32280.00,W2C_1,4.00,7.20,18.52
32280.00,W2C_2,50.00,70.56,77.61
32280.00,W2C_3,46.00,432.89,363.56
32340.00,E2C_0,53.00,480.78,295.53
32340.00,E2C_1,56.00,449.49,363.38
32340.00,E2C_2,194.00,474.71,368.28
32340.00,E2C_3,177.00,466.24,364.03
32340.00,N2C_0,16.00,458.11,0.00
32340.00,N2C_1,16.00,481.74,363.62
32340.00,N2C_2,64.00,468.20,362.54
32340.00,N2C_3,58.00,469.69,364.03
32340.00,S2C_0,30.00,292.48,292.48
32340.00,S2C_1,157.00,465.62,365.86
32340.00,S2C_2,125.00,448.48,362.81
32340.00,S2C_3,56.00,461.98,364.41
32340.00,W2C_0,34.00,32.81,32.81
32340.00,W2C_1,61.00,76.32,76.32
32340.00,W2C_2,110.00,81.26,81.26
32340.00,W2C_3,106.00,431.06,372.50
32400.00,E2C_0,26.00,476.29,371.56
32400.00,E2C_1,25.00,429.50,363.54
32400.00,E2C_2,254.00,450.37,336.07
32400.00,E2C_3,173.00,467.61,363.60
32400.00,N2C_0,47.00,120.38,120.38
32400.00,N2C_1,60.00,457.73,367.22
32400.00,N2C_2,95.00,477.73,361.82
32400.00,N2C_3,61.00,466.14,359.25
32400.00,S2C_0,85.00,420.05,363.47
32400.00,S2C_1,217.00,460.99,362.31
32400.00,S2C_2,115.00,464.03,362.81
32400.00,S2C_3,92.00,476.35,362.31
32400.00,W2C_3,91.00,462.68,347.26
32460.00,E2C_0,44.00,222.94,222.94
32460.00,E2C_1,71.00,444.92,360.57
32460.00,E2C_2,314.00,472.12,362.50
32460.00,E2C_3,155.00,471.72,363.59
32460.00,N2C_0,7.00,180.64,180.64
32460.00,N2C_1,26.00,440.66,363.37
32460.00,N2C_2,29.00,473.10,311.63
32460.00,N2C_3,51.00,465.27,364.57
32460.00,S2C_0,94.00,482.04,363.46
32460.00,S2C_1,91.00,469.76,363.35
32460.00,S2C_2,129.00,475.50,361.10
32460.00,S2C_3,57.00,477.04,361.77
32460.00,W2C_0,39.00,22.45,22.45
32460.00,W2C_1,52.00,38.11,49.11
32460.00,W2C_2,45.00,40.40,40.40
32460.00,W2C_3,60.00,451.63,363.03
32520.00,E2C_0,72.00,312.41,319.64
32520.00,E2C_1,24.00,481.21,364.98
32520.00,E2C_2,72.00,476.92,362.49
32520.00,E2C_3,46.00,470.96,360.91
32520.00,N2C_0,45.00,248.22,248.22
32520.00,N2C_1,57.00,291.46,307.85
32520.00,N2C_2,54.00,454.61,359.62
32520.00,N2C_3,63.00,461.02,358.95
32520.00,S2C_0,56.00,474.63,362.97
32520.00,S2C_1,88.00,475.26,367.04
32520.00,S2C_2,91.00,479.25,363.99
32520.00,S2C_3,108.00,447.60,361.76
32520.00,W2C_1,6.00,115.82,115.82
32520.00,W2C_2,16.00,125.10,133.47
32520.00,W2C_3,3.00,175.08,352.25
32580.00,E2C_0,132.00,481.29,363.34
32580.00,E2C_1,81.00,473.16,363.54
32580.00,E2C_2,115.00,476.92,361.74
32580.00,E2C_3,70.00,470.72,361.29
32580.00,N2C_0,3.00,299.42,315.47
32580.00,N2C_1,3.00,258.60,363.30
32580.00,N2C_2,40.00,442.69,365.28
32580.00,N2C_3,49.00,463.90,363.88
32580.00,S2C_0,24.00,481.33,364.20
32580.00,S2C_1,148.00,481.93,363.27
32580.00,S2C_2,93.00,473.90,364.60
32580.00,S2C_3,74.00,446.83,362.02
32580.00,W2C_0,25.00,19.81,19.81
32580.00,W2C_1,54.00,54.91,54.91
32580.00,W2C_2,51.00,56.21,56.21
32580.00,W2C_3,62.00,423.86,363.95
32640.00,E2C_0,192.00,477.67,362.93
32640.00,E2C_1,141.00,458.44,362.76
32640.00,E2C_2,134.00,475.95,361.69
32640.00,E2C_3,47.00,469.75,366.28
32640.00,N2C_0,42.00,362.43,362.43
32640.00,N2C_1,59.00,451.20,364.38
32640.00,N2C_2,97.00,461.02,363.34
32640.00,N2C_3,54.00,460.81,362.52
32640.00,S2C_0,49.00,476.52,364.09
32640.00,S2C_1,208.00,454.35,365.93
32640.00,S2C_2,94.00,472.82,364.05
32640.00,S2C_3,87.00,472.30,359.90
32640.00,W2C_2,3.00,11.00,11.00
32640.00,W2C_3,19.00,430.27,363.77
32700.00,E2C_0,252.00,470.92,364.20
32700.00,E2C_1,201.00,475.71,362.75
32700.00,E2C_2,194.00,472.75,360.26
32700.00,E2C_3,106.00,476.16,363.76
32700.00,N2C_0,31.00,429.65,309.08
32700.00,N2C_1,23.00,286.28,339.71
32700.00,N2C_2,53.00,469.52,369.43
32700.00,N2C_3,39.00,470.75,364.48
32700.00,S2C_0,58.00,477.14,371.12
32700.00,S2C_1,10.00,467.87,365.42
32700.00,S2C_2,102.00,472.77,361.56
32700.00,S2C_3,45.00,467.27,362.71
32700.00,W2C_0,40.00,17.90,17.90
32700.00,W2C_1,48.00,59.51,59.51
32700.00,W2C_2,61.00,62.95,67.45
32700.00,W2C_3,59.00,281.44,363.39
32760.00,:Center_7_0,0.00,0.00,8.55
32760.00,E2C_0,162.00,476.56,358.66
32760.00,E2C_1,158.00,478.45,364.17
32760.00,E2C_2,88.00,479.68,360.26
32760.00,E2C_3,94.00,472.18,364.03
32760.00,N2C_0,56.00,412.77,362.11
32760.00,N2C_1,60.00,445.41,360.03
32760.00,N2C_2,113.00,468.08,362.21
32760.00,N2C_3,60.00,444.45,364.31
32760.00,S2C_0,60.00,450.96,363.46
32760.00,S2C_1,61.00,469.94,364.11
32760.00,S2C_2,162.00,469.57,360.10
32760.00,S2C_3,94.00,472.77,362.20
32760.00,W2C_1,5.00,31.97,31.97
32760.00,W2C_2,53.00,42.27,42.27
32760.00,W2C_3,44.00,383.06,364.55
32820.00,:Center_11_0,42.00,15.11,11.40
32820.00,E2C_0,36.00,468.94,369.18
32820.00,E2C_1,58.00,475.63,373.23
32820.00,E2C_2,109.00,479.17,364.33
32820.00,E2C_3,127.00,465.89,364.03
32820.00,N2C_0,39.00,462.84,171.85
32820.00,N2C_1,8.00,416.14,322.38
32820.00,N2C_2,121.00,473.36,362.79
32820.00,N2C_3,53.00,470.44,363.28
32820.00,S2C_0,56.00,480.52,199.02
32820.00,S2C_1,18.00,473.62,361.68
32820.00,S2C_2,119.00,477.80,359.90
32820.00,S2C_3,50.00,427.88,366.44
32820.00,W2C_0,47.00,43.21,43.21
32820.00,W2C_1,59.00,51.01,51.01
32820.00,W2C_2,52.00,45.61,49.14
32820.00,W2C_3,86.00,404.73,365.72
32880.00,:Center_7_0,0.00,0.00,9.84
32880.00,E2C_0,27.00,482.56,361.80
32880.00,E2C_1,28.00,471.65,369.53
32880.00,E2C_2,69.00,472.44,364.39
32880.00,E2C_3,117.00,464.97,363.49
32880.00,N2C_0,50.00,275.57,289.80
32880.00,N2C_1,56.00,411.64,363.99
32880.00,N2C_2,151.00,470.94,363.66
32880.00,N2C_3,52.00,472.24,360.33
32880.00,S2C_0,51.00,306.76,306.76
32880.00,S2C_1,60.00,402.17,331.90
32880.00,S2C_2,179.00,477.72,358.66
32880.00,S2C_3,101.00,462.32,362.24
32880.00,W2C_2,6.00,87.26,87.26
32880.00,W2C_3,23.00,219.56,365.39
32940.00,E2C_0,63.00,480.63,310.88
32940.00,E2C_1,86.00,455.15,346.71
32940.00,E2C_2,108.00,466.10,363.29
32940.00,E2C_3,91.00,463.12,363.51
32940.00,N2C_0,14.00,384.18,369.99
32940.00,N2C_1,21.00,481.01,372.38
32940.00,N2C_2,60.00,466.44,360.70
32940.00,N2C_3,43.00,472.54,372.64
32940.00,S2C_0,27.00,406.63,348.88
32940.00,S2C_1,14.00,463.10,361.61
32940.00,S2C_2,102.00,468.74,368.62
32940.00,S2C_3,61.00,455.35,362.36
32940.00,W2C_0,16.00,23.90,23.90
32940.00,W2C_1,50.00,52.71,52.71
32940.00,W2C_2,53.00,80.10,80.10
32940.00,W2C_3,61.00,385.64,369.70
33000.00,E2C_0,23.00,463.61,364.09
33000.00,E2C_1,50.00,454.99,361.49
33000.00,E2C_2,102.00,461.69,361.80
33000.00,E2C_3,92.00,464.68,361.73
33000.00,N2C_0,72.00,460.49,351.20
33000.00,N2C_1,81.00,477.64,360.78
33000.00,N2C_2,109.00,476.04,360.54
33000.00,N2C_3,57.00,473.23,368.80
33000.00,S2C_0,66.00,478.87,212.03
33000.00,S2C_1,64.00,453.60,362.57
33000.00,S2C_2,162.00,469.44,364.32
33000.00,S2C_3,72.00,463.65,362.05
33000.00,W2C_0,0.00,0.00,5.16
33000.00,W2C_1,2.00,3.21,3.21
33000.00,W2C_2,1.00,5.52,5.52
33000.00,W2C_3,7.00,266.88,361.27
33060.00,E2C_0,26.00,481.36,373.69
33060.00,E2C_1,101.00,445.73,362.56
33060.00,E2C_2,135.00,475.16,362.72
33060.00,E2C_3,107.00,462.15,360.32
33060.00,N2C_0,132.00,476.67,253.86
33060.00,N2C_1,97.00,461.12,365.31
33060.00,N2C_2,82.00,465.99,365.47
33060.00,N2C_3,69.00,443.83,365.97
33060.00,S2C_0,44.00,251.10,251.10
33060.00,S2C_1,12.00,471.91,353.14
33060.00,S2C_2,36.00,443.56,357.05
33060.00,S2C_3,20.00,435.35,361.65
33060.00,W2C_0,50.00,35.91,35.91
33060.00,W2C_1,47.00,38.61,38.61
33060.00,W2C_2,49.00,34.67,45.77
33060.00,W2C_3,65.00,340.65,357.67
33120.00,E2C_0,15.00,311.38,311.38
33120.00,E2C_1,32.00,401.35,363.58
33120.00,E2C_2,108.00,468.74,360.12
33120.00,E2C_3,90.00,463.15,363.85
33120.00,N2C_0,192.00,474.64,296.05
33120.00,N2C_1,157.00,448.54,362.78
33120.00,N2C_2,134.00,474.74,364.79
33120.00,N2C_3,104.00,467.19,364.24
33120.00,S2C_0,34.00,480.89,175.71
33120.00,S2C_1,59.00,460.58,361.42
33120.00,S2C_2,79.00,460.66,360.25
33120.00,S2C_3,63.00,466.70,364.28
33120.00,W2C_1,1.00,9.00,9.00
33120.00,W2C_2,52.00,8.46,8.46
33120.00,W2C_3,48.00,415.03,363.60
33180.00,:Center_11_0,47.00,14.20,10.81
33180.00,E2C_0,41.00,456.80,167.83
33180.00,E2C_1,88.00,476.21,349.88
33180.00,E2C_2,114.00,443.84,366.82
33180.00,E2C_3,124.00,462.63,363.60
33180.00,N2C_0,252.00,424.91,364.68
33180.00,N2C_1,217.00,460.60,357.35
33180.00,N2C_2,104.00,472.29,363.85
33180.00,N2C_3,93.00,456.29,365.61
33180.00,S2C_0,6.00,220.68,220.68
33180.00,S2C_1,12.00,417.00,336.20
33180.00,S2C_2,18.00,472.81,363.29
33180.00,S2C_3,27.00,466.40,363.49
33180.00,W2C_0,47.00,27.01,27.01
33180.00,W2C_1,42.00,26.91,26.91
33180.00,W2C_2,112.00,28.87,28.87
33180.00,W2C_3,64.00,416.59,364.48
33240.00,:Center_7_0,51.00,14.80,0.00
33240.00,E2C_0,101.00,480.05,284.17
33240.00,E2C_1,148.00,479.25,352.69
33240.00,E2C_2,130.00,463.94,366.44
33240.00,E2C_3,76.00,459.55,362.74
33240.00,N2C_0,261.00,474.43,361.41
33240.00,N2C_1,277.00,450.96,362.77
33240.00,N2C_2,164.00,448.70,361.11
33240.00,N2C_3,74.00,461.44,363.31
33240.00,S2C_0,57.00,165.74,165.74
33240.00,S2C_1,58.00,395.55,362.48
33240.00,S2C_2,57.00,454.02,363.77
33240.00,S2C_3,61.00,459.12,363.30
33240.00,W2C_1,30.00,75.41,75.41
33240.00,W2C_2,39.00,66.41,72.12
33240.00,W2C_3,12.00,383.78,292.81
33300.00,E2C_0,161.00,381.07,363.00
33300.00,E2C_1,208.00,481.48,364.71
33300.00,E2C_2,190.00,476.96,366.44
33300.00,E2C_3,125.00,463.26,362.74
33300.00,N2C_0,62.00,467.93,360.75
33300.00,N2C_1,294.00,471.29,362.77
33300.00,N2C_2,87.00,468.33,364.22
33300.00,N2C_3,77.00,463.77,364.41
33300.00,S2C_0,9.00,249.05,249.05
33300.00,S2C_1,5.00,240.44,259.32
33300.00,S2C_2,33.00,467.21,363.20
33300.00,S2C_3,51.00,460.95,364.25
33300.00,W2C_0,13.00,20.21,20.21
33300.00,W2C_1,62.00,94.82,94.82
33300.00,W2C_2,64.00,94.72,94.72
33300.00,W2C_3,66.00,260.51,323.26
33360.00,E2C_0,221.00,468.33,364.44
33360.00,E2C_1,268.00,474.60,364.80
33360.00,E2C_2,250.00,477.59,361.35
33360.00,E2C_3,151.00,472.33,365.07
33360.00,N2C_0,115.00,482.77,338.35
33360.00,N2C_1,354.00,470.76,361.65
33360.00,N2C_2,108.00,465.97,362.60
33360.00,N2C_3,105.00,460.53,363.70
33360.00,S2C_0,36.00,202.16,210.97
33360.00,S2C_1,64.00,429.86,187.90
33360.00,S2C_2,61.00,428.39,353.99
33360.00,S2C_3,62.00,461.34,370.30
33360.00,W2C_3,4.00,5.50,36.11
33420.00,E2C_0,178.00,480.45,366.88
33420.00,E2C_1,207.00,468.27,362.45
33420.00,E2C_2,184.00,469.37,361.35
33420.00,E2C_3,186.00,465.60,365.07
33420.00,N2C_0,64.00,476.27,366.76
33420.00,N2C_1,38.00,475.79,363.65
33420.00,N2C_2,112.00,464.28,361.50
33420.00,N2C_3,43.00,454.29,361.91
33420.00,S2C_0,5.00,265.04,269.46
33420.00,S2C_1,10.00,296.05,326.03
33420.00,S2C_2,42.00,428.46,362.51
33420.00,S2C_3,40.00,459.82,366.06
33420.00,W2C_0,47.00,37.81,37.81
33420.00,W2C_1,45.00,37.41,37.41
33420.00,W2C_2,56.00,39.22,39.22
33420.00,W2C_3,60.00,193.87,201.17
33480.00,E2C_0,96.00,480.40,366.65
33480.00,E2C_1,95.00,468.27,361.68
33480.00,E2C_2,166.00,468.36,360.00
33480.00,E2C_3,158.00,465.60,364.96
33480.00,N2C_0,49.00,482.39,188.72
33480.00,N2C_1,79.00,457.09,364.41
33480.00,N2C_2,110.00,474.48,360.23
33480.00,N2C_3,79.00,465.56,366.19
33480.00,S2C_0,45.00,311.68,314.91
33480.00,S2C_1,62.00,481.76,334.49
33480.00,S2C_2,83.00,412.90,362.77
33480.00,S2C_3,64.00,472.69,364.26
33480.00,W2C_1,0.00,0.00,5.52
33480.00,W2C_3,6.00,30.41,30.41
33540.00,E2C_0,112.00,482.61,365.49
33540.00,E2C_1,146.00,464.70,366.62
33540.00,E2C_2,198.00,468.08,366.86
33540.00,E2C_3,181.00,468.27,363.16
33540.00,N2C_0,41.00,474.01,303.05
33540.00,N2C_1,93.00,472.14,363.75
33540.00,N2C_2,155.00,457.88,368.28
33540.00,N2C_3,50.00,462.11,363.28
33540.00,S2C_0,6.00,27.79,32.03
33540.00,S2C_1,3.00,344.95,355.79
33540.00,S2C_2,32.00,405.98,363.46
33540.00,S2C_3,110.00,454.50,363.34
33540.00,W2C_0,46.00,21.20,21.20
33540.00,W2C_1,50.00,35.71,35.71
33540.00,W2C_2,40.00,38.92,43.39
33540.00,W2C_3,63.00,103.82,103.82
33600.00,E2C_0,104.00,477.48,363.36
33600.00,E2C_1,133.00,467.73,363.32
33600.00,E2C_2,137.00,463.39,366.44
33600.00,E2C_3,191.00,467.82,364.73
33600.00,N2C_0,101.00,404.42,361.95
33600.00,N2C_1,153.00,478.49,366.57
33600.00,N2C_2,112.00,473.40,368.28
33600.00,N2C_3,108.00,458.19,361.70
33600.00,S2C_0,63.00,124.75,134.87
33600.00,S2C_1,60.00,445.65,335.04
33600.00,S2C_2,63.00,433.71,363.16
33600.00,S2C_3,60.00,402.70,361.61
33600.00,W2C_1,0.00,0.00,4.22
33600.00,W2C_2,1.00,5.52,5.52
33600.00,W2C_3,5.00,34.02,95.20
33660.00,E2C_0,43.00,482.13,363.02
33660.00,E2C_1,93.00,462.02,357.57
33660.00,E2C_2,107.00,460.43,362.43
33660.00,E2C_3,93.00,465.28,363.84
33660.00,N2C_0,161.00,480.93,306.83
33660.00,N2C_1,213.00,467.55,363.10
33660.00,N2C_2,109.00,473.40,363.94
33660.00,N2C_3,68.00,464.20,363.62
33660.00,S2C_0,6.00,166.65,187.04
33660.00,S2C_1,13.00,405.03,361.93
33660.00,S2C_2,25.00,457.04,355.42
33660.00,S2C_3,16.00,367.66,360.59
33660.00,W2C_0,40.00,17.00,17.00
33660.00,W2C_1,57.00,48.41,48.41
33660.00,W2C_2,48.00,39.91,47.20
33660.00,W2C_3,64.00,87.82,87.82
33720.00,E2C_0,31.00,476.11,359.53
33720.00,E2C_1,27.00,469.15,362.51
33720.00,E2C_2,46.00,459.67,364.23
33720.00,E2C_3,92.00,464.08,361.52
33720.00,N2C_0,221.00,479.12,362.22
33720.00,N2C_1,273.00,469.55,362.95
33720.00,N2C_2,113.00,470.95,363.76
33720.00,N2C_3,98.00,450.82,361.96
33720.00,S2C_0,44.00,39.72,39.72
33720.00,S2C_1,61.00,463.15,364.46
33720.00,S2C_2,60.00,467.78,369.59
33720.00,S2C_3,60.00,472.89,364.49
33720.00,W2C_2,2.00,5.51,5.51
33720.00,W2C_3,24.00,51.49,82.25
33780.00,:Center_11_0,0.00,0.00,9.81
33780.00,E2C_0,27.00,479.90,134.33
33780.00,E2C_1,77.00,474.33,361.78
33780.00,E2C_2,69.00,475.20,361.75
33780.00,E2C_3,92.00,465.49,362.26
33780.00,N2C_0,235.00,480.50,360.33
33780.00,N2C_1,95.00,479.48,359.97
33780.00,N2C_2,118.00,469.58,360.53
33780.00,N2C_3,83.00,470.32,363.43
33780.00,S2C_1,15.00,457.99,307.50
33780.00,S2C_2,18.00,476.79,357.74
33780.00,S2C_3,22.00,447.43,361.37
33780.00,W2C_0,42.00,44.11,44.11
33780.00,W2C_1,46.00,28.20,28.20
33780.00,W2C_2,43.00,19.61,19.61
33780.00,W2C_3,82.00,92.97,92.97
33840.00,:Center_15_0,0.00,0.00,11.72
33840.00,E2C_0,64.00,291.05,291.05
33840.00,E2C_1,28.00,476.29,361.48
33840.00,E2C_2,54.00,474.72,364.11
33840.00,E2C_3,109.00,464.09,362.06
33840.00,N2C_0,209.00,481.55,360.33
33840.00,N2C_1,90.00,478.74,365.64
33840.00,N2C_2,178.00,465.58,359.93
33840.00,N2C_3,87.00,470.47,362.44
33840.00,S2C_0,45.00,49.98,49.98
33840.00,S2C_1,59.00,186.92,191.68
33840.00,S2C_2,59.00,467.04,366.42
33840.00,S2C_3,65.00,468.41,363.67
33840.00,W2C_3,3.00,7.23,99.22
33900.00,E2C_0,39.00,441.74,362.35
33900.00,E2C_1,85.00,481.64,361.26
33900.00,E2C_2,107.00,477.69,362.59
33900.00,E2C_3,131.00,467.10,364.19
33900.00,N2C_0,127.00,461.12,360.01
33900.00,N2C_1,150.00,453.97,362.80
33900.00,N2C_2,238.00,474.85,359.65
33900.00,N2C_3,98.00,470.46,362.58
33900.00,S2C_1,4.00,325.66,328.97
33900.00,S2C_2,13.00,411.60,353.96
33900.00,S2C_3,66.00,409.32,363.08
33900.00,W2C_0,49.00,16.60,16.60
33900.00,W2C_1,44.00,46.41,49.85
33900.00,W2C_2,48.00,48.40,48.40
33900.00,W2C_3,61.00,85.92,85.92
33960.00,:Center_7_0,0.00,0.00,11.76
33960.00,E2C_0,36.00,478.21,371.03
33960.00,E2C_1,145.00,478.21,336.22
33960.00,E2C_2,82.00,479.66,364.64
33960.00,E2C_3,88.00,465.81,362.34
33960.00,N2C_0,159.00,480.21,363.97
33960.00,N2C_1,210.00,479.04,359.18
33960.00,N2C_2,298.00,478.79,372.82
33960.00,N2C_3,110.00,454.61,362.97
33960.00,S2C_0,46.00,73.75,73.75
33960.00,S2C_1,61.00,306.54,306.54
33960.00,S2C_2,59.00,395.23,368.89
33960.00,S2C_3,61.00,445.84,360.79
33960.00,W2C_0,0.00,0.00,7.48
33960.00,W2C_1,4.00,14.21,14.21
33960.00,W2C_2,10.00,14.44,14.44
33960.00,W2C_3,2.00,12.60,48.84
34020.00,:Center_7_0,55.00,2.30,2.30
34020.00,E2C_0,24.00,430.30,362.25
34020.00,E2C_1,205.00,469.25,363.27
34020.00,E2C_2,128.00,468.87,364.64
34020.00,E2C_3,108.00,461.37,361.62
34020.00,N2C_0,162.00,474.55,359.17
34020.00,N2C_1,137.00,478.91,373.46
34020.00,N2C_2,142.00,476.70,370.87
34020.00,N2C_3,111.00,469.21,362.97
34020.00,S2C_0,1.00,20.48,20.48
34020.00,S2C_1,5.00,304.67,304.67
34020.00,S2C_2,11.00,400.14,364.59
34020.00,S2C_3,42.00,380.51,363.47
34020.00,W2C_0,57.00,27.41,27.41
34020.00,W2C_1,61.00,41.61,41.61
34020.00,W2C_2,70.00,47.61,47.61
34020.00,W2C_3,62.00,87.41,87.41
34080.00,:Center_7_0,115.00,12.50,9.30
34080.00,:Center_11_0,58.00,12.10,12.10
34080.00,E2C_0,46.00,477.17,362.39
34080.00,E2C_1,30.00,473.07,364.17
34080.00,E2C_2,123.00,472.47,363.91
34080.00,E2C_3,147.00,463.87,364.43
34080.00,N2C_0,41.00,477.10,373.26
34080.00,N2C_1,127.00,475.58,373.07
34080.00,N2C_2,125.00,476.69,370.81
34080.00,N2C_3,55.00,469.96,361.73
34080.00,S2C_0,46.00,61.33,87.47
34080.00,S2C_1,62.00,173.69,173.69
34080.00,S2C_2,62.00,346.01,346.01
34080.00,S2C_3,59.00,225.19,364.21
34080.00,W2C_1,60.00,77.31,77.31
34080.00,W2C_2,54.00,84.35,84.35
34080.00,W2C_3,33.00,75.96,75.96
34140.00,:Center_7_0,175.00,12.50,9.30
34140.00,E2C_0,55.00,482.83,355.87
34140.00,E2C_1,90.00,476.06,358.09
34140.00,E2C_2,97.00,471.86,361.69
34140.00,E2C_3,70.00,463.60,362.34
34140.00,N2C_0,84.00,475.30,370.58
34140.00,N2C_1,128.00,474.60,370.01
34140.00,N2C_2,142.00,476.69,369.70
34140.00,N2C_3,115.00,468.37,363.30
34140.00,S2C_1,4.00,4.00,7.68
34140.00,S2C_2,21.00,309.28,309.28
34140.00,S2C_3,32.00,332.47,366.30
34140.00,W2C_0,41.00,47.71,47.71
34140.00,W2C_1,119.00,112.62,112.62
34140.00,W2C_2,110.00,106.17,106.17
34140.00,W2C_3,93.00,96.12,96.12
34200.00,E2C_0,56.00,478.14,363.15
34200.00,E2C_1,125.00,466.59,360.41
34200.00,E2C_2,157.00,459.49,364.27
34200.00,E2C_3,125.00,463.10,363.78
34200.00,N2C_0,144.00,464.93,363.05
34200.00,N2C_1,120.00,472.60,362.60
34200.00,N2C_2,202.00,476.69,361.27
34200.00,N2C_3,173.00,464.40,361.87
34200.00,S2C_0,55.00,50.50,50.50
34200.00,S2C_1,58.00,112.83,112.83
34200.00,S2C_2,58.00,288.86,288.86
34200.00,S2C_3,61.00,248.80,365.64
34200.00,W2C_1,2.00,3.22,3.22
34200.00,W2C_2,5.00,2.83,2.83
34200.00,W2C_3,3.00,78.56,110.59
34260.00,E2C_0,44.00,419.21,315.27
34260.00,E2C_1,185.00,467.02,342.91
34260.00,E2C_2,217.00,467.32,364.08
34260.00,E2C_3,183.00,464.11,361.68
34260.00,N2C_0,51.00,317.75,321.00
34260.00,N2C_1,105.00,480.41,362.59
34260.00,N2C_2,184.00,468.84,365.09
34260.00,N2C_3,229.00,464.40,361.87
34260.00,S2C_1,11.00,482.16,177.41
34260.00,S2C_2,47.00,196.53,199.79
34260.00,S2C_3,51.00,430.99,359.47
34260.00,W2C_0,40.00,19.81,19.81
34260.00,W2C_1,60.00,34.61,34.61
34260.00,W2C_2,56.00,32.84,32.84
34260.00,W2C_3,57.00,95.32,95.32
34320.00,E2C_0,24.00,480.71,341.67
34320.00,E2C_1,245.00,473.85,362.62
34320.00,E2C_2,245.00,476.61,366.56
34320.00,E2C_3,186.00,463.51,361.68
34320.00,N2C_0,111.00,472.97,362.05
34320.00,N2C_1,102.00,473.41,364.46
34320.00,N2C_2,137.00,475.31,365.09
34320.00,N2C_3,106.00,460.30,361.62
34320.00,S2C_0,1.00,30.56,49.79
34320.00,S2C_1,56.00,115.63,122.69
34320.00,S2C_2,79.00,191.38,191.38
34320.00,S2C_3,110.00,414.20,367.83
34320.00,W2C_1,4.00,3.20,3.20
34320.00,W2C_2,1.00,3.21,3.21
34320.00,W2C_3,7.00,15.72,24.44
34380.00,E2C_0,76.00,394.71,368.91
34380.00,E2C_1,71.00,456.09,364.28
34380.00,E2C_2,305.00,463.82,366.56
34380.00,E2C_3,183.00,473.71,361.40
34380.00,N2C_0,36.00,472.29,365.75
34380.00,N2C_1,13.00,466.19,358.33
34380.00,N2C_2,197.00,472.11,364.07
34380.00,N2C_3,48.00,438.62,363.21
34380.00,S2C_0,0.00,0.00,179.33
34380.00,S2C_1,3.00,481.64,199.21
34380.00,S2C_2,57.00,270.66,274.06
34380.00,S2C_3,55.00,385.15,364.14
34380.00,W2C_0,36.00,9.60,9.60
34380.00,W2C_1,56.00,53.24,53.24
34380.00,W2C_2,56.00,40.41,40.41
34380.00,W2C_3,64.00,34.31,34.31
34440.00,E2C_0,39.00,370.79,363.98
34440.00,E2C_1,52.00,478.74,364.72
34440.00,E2C_2,164.00,478.77,366.56
34440.00,E2C_3,190.00,473.39,361.48
34440.00,N2C_0,61.00,481.89,364.55
34440.00,N2C_1,57.00,475.07,364.16
34440.00,N2C_2,257.00,479.81,364.07
34440.00,N2C_3,92.00,472.11,362.46
34440.00,S2C_0,51.00,12.80,20.38
34440.00,S2C_1,59.00,148.63,185.41
34440.00,S2C_2,117.00,259.56,259.56
34440.00,S2C_3,106.00,451.36,361.29
34440.00,W2C_1,2.00,9.00,9.00
34440.00,W2C_2,2.00,5.50,5.50
34500.00,E2C_0,79.00,469.23,354.33
34500.00,E2C_1,43.00,462.17,364.44
34500.00,E2C_2,212.00,472.11,366.56
34500.00,E2C_3,64.00,467.21,362.60
34500.00,N2C_0,36.00,482.59,347.01
34500.00,N2C_1,26.00,480.24,364.34
34500.00,N2C_2,249.00,475.31,364.21
34500.00,N2C_3,133.00,472.11,359.68
34500.00,S2C_0,2.00,3.25,7.03
34500.00,S2C_1,5.00,4.00,279.99
34500.00,S2C_2,66.00,318.74,318.74
34500.00,S2C_3,16.00,419.76,362.78
34500.00,W2C_0,31.00,26.61,26.61
34500.00,W2C_1,55.00,37.12,37.12
34500.00,W2C_2,59.00,38.71,38.71
34500.00,W2C_3,12.00,6.40,6.40
34560.00,E2C_0,139.00,478.75,352.02
34560.00,E2C_1,103.00,455.47,362.41
34560.00,E2C_2,271.00,475.17,366.56
34560.00,E2C_3,49.00,467.18,366.51
34560.00,N2C_0,62.00,323.05,330.05
34560.00,N2C_1,86.00,426.37,359.49
34560.00,N2C_2,92.00,449.70,361.03
34560.00,N2C_3,95.00,471.73,374.03
34560.00,S2C_0,58.00,48.89,48.89
34560.00,S2C_1,60.00,155.08,239.00
34560.00,S2C_2,65.00,335.33,335.33
34560.00,S2C_3,62.00,473.79,360.90
34560.00,W2C_3,2.00,5.50,5.50
34620.00,E2C_0,199.00,439.63,362.07
34620.00,E2C_1,163.00,474.57,361.64
34620.00,E2C_2,132.00,475.17,361.50
34620.00,E2C_3,107.00,468.17,363.50
34620.00,N2C_0,28.00,482.42,358.57
34620.00,N2C_1,146.00,479.27,364.66
34620.00,N2C_2,64.00,474.54,363.09
34620.00,N2C_3,40.00,466.21,369.75
34620.00,S2C_1,19.00,336.04,357.38
34620.00,S2C_2,21.00,417.10,359.43
34620.00,S2C_3,42.00,470.24,363.65
34620.00,W2C_0,37.00,20.20,23.60
34620.00,W2C_1,31.00,18.31,18.31
34620.00,W2C_2,38.00,32.11,32.11
34620.00,W2C_3,54.00,16.40,23.77
34680.00,E2C_0,259.00,480.49,363.03
34680.00,E2C_1,223.00,476.30,363.45
34680.00,E2C_2,157.00,482.17,361.18
34680.00,E2C_3,114.00,474.57,361.97
34680.00,N2C_0,63.00,475.65,336.23
34680.00,N2C_1,206.00,465.68,355.55
34680.00,N2C_2,124.00,467.98,363.04
34680.00,N2C_3,63.00,461.10,365.87
34680.00,S2C_0,34.00,28.11,28.11
34680.00,S2C_1,61.00,146.24,303.86
34680.00,S2C_2,62.00,394.55,365.07
34680.00,S2C_3,57.00,468.85,365.01
34680.00,W2C_1,0.00,0.00,5.53
34740.00,E2C_0,181.00,482.38,362.26
34740.00,E2C_1,319.00,478.82,363.35
34740.00,E2C_2,96.00,478.30,361.05
34740.00,E2C_3,89.00,470.01,365.34
34740.00,N2C_0,91.00,416.28,367.18
34740.00,N2C_1,25.00,414.77,360.59
34740.00,N2C_2,120.00,479.48,365.70
34740.00,N2C_3,98.00,469.38,364.60
34740.00,S2C_0,0.00,0.00,3.30
34740.00,S2C_1,4.00,291.18,291.18
34740.00,S2C_2,20.00,423.47,347.44
34740.00,S2C_3,56.00,465.12,363.16
34740.00,W2C_0,39.00,52.11,52.11
34740.00,W2C_1,50.00,19.61,19.61
34740.00,W2C_2,52.00,23.81,23.81
34740.00,W2C_3,27.00,19.70,19.70
34800.00,E2C_0,170.00,473.38,361.88
34800.00,E2C_1,174.00,480.14,363.09
34800.00,E2C_2,124.00,472.87,361.05
34800.00,E2C_3,53.00,465.36,362.06
34800.00,N2C_0,151.00,481.55,369.65
34800.00,N2C_1,85.00,476.56,360.59
34800.00,N2C_2,86.00,477.95,365.70
34800.00,N2C_3,102.00,468.35,362.91
34800.00,S2C_0,56.00,158.74,158.74
34800.00,S2C_1,58.00,381.04,344.17
34800.00,S2C_2,65.00,381.68,361.37
34800.00,S2C_3,63.00,463.89,360.97
34800.00,W2C_2,1.00,3.22,3.22
34860.00,E2C_0,115.00,472.57,357.72
34860.00,E2C_1,104.00,470.23,366.27
34860.00,E2C_2,69.00,476.11,366.55
34860.00,E2C_3,75.00,469.11,364.54
34860.00,N2C_0,37.00,480.12,337.47
34860.00,N2C_1,145.00,477.31,360.47
34860.00,N2C_2,129.00,474.90,365.61
34860.00,N2C_3,54.00,466.63,364.38
34860.00,S2C_0,0.00,0.00,15.26
34860.00,S2C_1,0.00,0.00,229.52
34860.00,S2C_2,42.00,398.12,365.90
34860.00,S2C_3,34.00,461.92,361.16
34860.00,W2C_0,54.00,16.60,16.60
34860.00,W2C_1,50.00,50.61,50.61
34860.00,W2C_2,45.00,37.61,44.67
34860.00,W2C_3,27.00,9.60,9.60
34920.00,E2C_0,175.00,478.32,363.89
34920.00,E2C_1,162.00,482.86,361.48
34920.00,E2C_2,122.00,471.23,361.83
34920.00,E2C_3,32.00,451.06,364.47
34920.00,N2C_0,97.00,479.00,315.34
34920.00,N2C_1,205.00,461.57,363.19
34920.00,N2C_2,60.00,470.76,361.45
34920.00,N2C_3,54.00,464.98,361.21
34920.00,S2C_0,58.00,71.81,71.81
34920.00,S2C_1,59.00,338.59,338.59
34920.00,S2C_2,46.00,413.17,345.65
34920.00,S2C_3,61.00,465.75,362.78
34920.00,W2C_1,1.00,4.04,4.04
34920.00,W2C_2,1.00,5.53,5.53
34920.00,W2C_3,0.00,0.00,4.02
34980.00,:Center_11_0,0.00,0.00,12.85
34980.00,E2C_0,114.00,474.89,364.97
34980.00,E2C_1,36.00,477.94,364.04
34980.00,E2C_2,91.00,474.05,361.44
34980.00,E2C_3,73.00,464.96,364.31
34980.00,N2C_0,157.00,386.73,362.43
34980.00,N2C_1,265.00,467.29,364.23
34980.00,N2C_2,120.00,470.72,361.45
34980.00,N2C_3,47.00,465.78,365.09
34980.00,S2C_0,3.00,4.00,4.00
34980.00,S2C_1,3.00,10.21,337.07
34980.00,S2C_2,26.00,433.10,360.56
34980.00,S2C_3,54.00,445.65,362.34
34980.00,W2C_0,25.00,26.44,26.44
34980.00,W2C_1,55.00,35.61,35.61
34980.00,W2C_2,57.00,39.41,39.41
34980.00,W2C_3,54.00,36.01,36.01
35040.00,E2C_0,81.00,469.37,374.39
35040.00,E2C_1,96.00,475.17,361.32
35040.00,E2C_2,102.00,468.76,364.03
35040.00,E2C_3,48.00,462.86,358.40
35040.00,N2C_0,173.00,476.04,361.90
35040.00,N2C_1,61.00,475.53,363.73
35040.00,N2C_2,175.00,474.57,361.45
35040.00,N2C_3,104.00,474.37,363.96
35040.00,S2C_0,56.00,43.61,43.61
35040.00,S2C_1,61.00,137.03,144.11
35040.00,S2C_2,61.00,367.97,364.70
35040.00,S2C_3,60.00,442.04,362.38
35040.00,W2C_1,0.00,0.00,3.24
35100.00,E2C_0,141.00,467.74,360.98
35100.00,E2C_1,156.00,464.27,365.49
35100.00,E2C_2,162.00,449.57,364.22
35100.00,E2C_3,67.00,457.72,363.57
35100.00,N2C_0,95.00,472.80,361.68
35100.00,N2C_1,37.00,470.36,360.46
35100.00,N2C_2,36.00,473.32,363.56
35100.00,N2C_3,41.00,468.67,361.35
35100.00,S2C_0,1.00,4.02,4.02
35100.00,S2C_1,0.00,0.00,223.52
35100.00,S2C_2,38.00,281.62,281.62
35100.00,S2C_3,44.00,407.33,364.07
35100.00,W2C_0,1.00,12.54,12.54
35100.00,W2C_1,53.00,50.21,53.58
35100.00,W2C_2,45.00,54.01,54.01
35100.00,W2C_3,51.00,10.20,10.20
35160.00,E2C_0,201.00,481.32,361.42
35160.00,E2C_1,216.00,473.99,361.56
35160.00,E2C_2,123.00,473.06,363.93
35160.00,E2C_3,40.00,455.46,363.29
35160.00,N2C_0,60.00,468.12,359.95
35160.00,N2C_1,52.00,470.92,359.33
35160.00,N2C_2,85.00,469.92,363.56
35160.00,N2C_3,55.00,469.76,364.37
35160.00,S2C_0,34.00,54.51,54.51
35160.00,S2C_1,51.00,118.82,134.40
35160.00,S2C_2,51.00,265.94,265.94
35160.00,S2C_3,65.00,408.93,364.28
35160.00,W2C_0,0.00,0.00,4.16
35160.00,W2C_3,0.00,0.00,3.70
35220.00,E2C_0,261.00,482.89,361.77
35220.00,E2C_1,276.00,474.56,361.56
35220.00,E2C_2,106.00,450.89,363.26
35220.00,E2C_3,99.00,455.64,362.14
35220.00,N2C_0,39.00,482.39,359.96
35220.00,N2C_1,38.00,477.50,363.84
35220.00,N2C_2,131.00,472.28,363.56
35220.00,N2C_3,52.00,463.29,363.93
35220.00,S2C_1,2.00,3.20,183.58
35220.00,S2C_2,45.00,308.58,308.58
35220.00,S2C_3,28.00,440.20,363.54
35220.00,W2C_0,55.00,36.91,36.91
35220.00,W2C_1,47.00,17.91,17.91
35220.00,W2C_2,35.00,22.11,22.11
35220.00,W2C_3,34.00,38.91,38.91
35280.00,E2C_0,58.00,479.56,370.01
35280.00,E2C_1,134.00,479.99,361.56
35280.00,E2C_2,121.00,474.63,359.91
35280.00,E2C_3,78.00,451.58,363.75
35280.00,N2C_0,33.00,483.02,362.43
35280.00,N2C_1,58.00,457.09,364.12
35280.00,N2C_2,114.00,479.28,363.25
35280.00,N2C_3,111.00,457.08,362.66
35280.00,S2C_0,37.00,33.03,33.03
35280.00,S2C_1,59.00,189.95,198.42
35280.00,S2C_2,88.00,318.82,318.82
35280.00,S2C_3,64.00,456.46,360.70
35280.00,W2C_0,1.00,13.00,13.00
35340.00,E2C_0,54.00,477.79,369.56
35340.00,E2C_1,59.00,475.37,361.51
35340.00,E2C_2,108.00,475.82,361.75
35340.00,E2C_3,67.00,465.68,363.26
35340.00,N2C_0,20.00,441.03,324.00
35340.00,N2C_1,39.00,475.53,367.00
35340.00,N2C_2,94.00,474.68,363.41
35340.00,N2C_3,89.00,455.82,361.62
35340.00,S2C_0,6.00,10.53,10.53
35340.00,S2C_1,4.00,4.00,272.71
35340.00,S2C_2,148.00,267.20,267.20
35340.00,S2C_3,51.00,427.62,360.07
35340.00,W2C_0,47.00,27.00,30.59
35340.00,W2C_1,50.00,30.61,37.95
35340.00,W2C_2,52.00,42.91,42.91
35340.00,W2C_3,41.00,46.43,46.43
35400.00,E2C_0,45.00,467.47,363.79
35400.00,E2C_1,56.00,470.77,362.54
35400.00,E2C_2,92.00,464.16,361.75
35400.00,E2C_3,58.00,461.43,361.46
35400.00,N2C_0,65.00,101.48,101.48
35400.00,N2C_1,60.00,474.14,357.90
35400.00,N2C_2,103.00,441.53,363.41
35400.00,N2C_3,58.00,454.64,362.74
35400.00,S2C_0,62.00,52.62,52.62
35400.00,S2C_1,60.00,284.23,284.23
35400.00,S2C_2,208.00,291.24,291.24
35400.00,S2C_3,107.00,469.29,364.48
35400.00,W2C_1,1.00,3.21,3.21
35400.00,W2C_3,0.00,0.00,5.51
35460.00,E2C_0,53.00,478.15,361.43
35460.00,E2C_1,116.00,473.50,365.40
35460.00,E2C_2,110.00,460.44,360.04
35460.00,E2C_3,63.00,467.49,361.47
35460.00,N2C_0,37.00,464.79,242.10
35460.00,N2C_1,30.00,469.29,366.88
35460.00,N2C_2,75.00,467.48,366.72
35460.00,N2C_3,68.00,455.73,361.52
35460.00,S2C_0,10.00,10.73,15.40
35460.00,S2C_1,2.00,3.20,314.61
35460.00,S2C_2,107.00,334.09,338.59
35460.00,S2C_3,59.00,438.76,362.23
35460.00,W2C_0,52.00,34.41,34.41
35460.00,W2C_1,49.00,34.51,34.51
35460.00,W2C_2,46.00,28.81,28.81
35460.00,W2C_3,0.00,0.00,4.75
35520.00,E2C_0,44.00,473.42,362.82
35520.00,E2C_1,40.00,477.39,363.69
35520.00,E2C_2,71.00,476.13,363.21
35520.00,E2C_3,66.00,466.64,365.07
35520.00,N2C_0,91.00,319.27,319.27
35520.00,N2C_1,79.00,460.27,364.86
35520.00,N2C_2,112.00,458.70,364.63
35520.00,N2C_3,91.00,457.08,362.54
35520.00,S2C_0,70.00,45.33,45.33
35520.00,S2C_1,66.00,148.62,356.56
35520.00,S2C_2,83.00,368.70,361.67
35520.00,S2C_3,58.00,450.40,364.12
35520.00,W2C_1,3.00,3.20,3.20
35580.00,E2C_0,42.00,480.76,219.50
35580.00,E2C_1,82.00,459.04,360.52
35580.00,E2C_2,127.00,475.13,362.91
35580.00,E2C_3,100.00,460.18,363.91
35580.00,N2C_0,82.00,437.34,362.68
35580.00,N2C_1,139.00,470.03,362.37
35580.00,N2C_2,172.00,472.15,362.26
35580.00,N2C_3,105.00,462.59,363.25
35580.00,S2C_0,9.00,97.38,108.39
35580.00,S2C_1,2.00,317.27,344.20
35580.00,S2C_2,43.00,397.47,358.95
35580.00,S2C_3,31.00,414.47,363.24
35580.00,W2C_0,42.00,26.81,26.81
35580.00,W2C_1,56.00,24.31,24.31
35580.00,W2C_2,54.00,24.41,24.41
35580.00,W2C_3,30.00,25.12,25.12
35640.00,E2C_0,63.00,463.43,269.71
35640.00,E2C_1,31.00,461.10,356.45
35640.00,E2C_2,73.00,448.52,365.48
35640.00,E2C_3,97.00,458.83,363.66
35640.00,N2C_0,142.00,477.80,358.07
35640.00,N2C_1,199.00,397.21,362.17
35640.00,N2C_2,232.00,476.66,362.14
35640.00,N2C_3,97.00,463.87,363.11
35640.00,S2C_0,21.00,270.94,270.94
35640.00,S2C_1,60.00,272.40,356.55
35640.00,S2C_2,94.00,406.97,361.61
35640.00,S2C_3,60.00,448.84,366.83
35640.00,W2C_0,0.00,0.00,5.56
35640.00,W2C_2,0.00,0.00,3.30
35640.00,W2C_3,0.00,0.00,3.25
35700.00,E2C_0,52.00,482.96,365.49
35700.00,E2C_1,60.00,419.72,349.86
35700.00,E2C_2,76.00,457.78,365.47
35700.00,E2C_3,80.00,463.04,364.41
35700.00,N2C_0,202.00,448.00,353.50
35700.00,N2C_1,259.00,469.64,344.99
35700.00,N2C_2,52.00,465.75,365.81
35700.00,N2C_3,49.00,469.74,362.45
35700.00,S2C_0,4.00,11.62,11.62
35700.00,S2C_1,8.00,316.79,352.81
35700.00,S2C_2,139.00,424.19,360.69
35700.00,S2C_3,27.00,394.47,361.81
35700.00,W2C_0,58.00,40.61,40.61
35700.00,W2C_1,39.00,40.70,56.21
35700.00,W2C_2,40.00,38.91,42.15
35700.00,W2C_3,54.00,17.40,17.40
35760.00,E2C_0,64.00,482.45,361.74
35760.00,E2C_1,24.00,476.08,363.14
35760.00,E2C_2,136.00,474.29,358.47
35760.00,E2C_3,81.00,467.19,363.93
35760.00,N2C_0,262.00,469.79,363.84
35760.00,N2C_1,60.00,461.48,361.62
35760.00,N2C_2,67.00,459.78,363.60
35760.00,N2C_3,74.00,460.72,363.76
35760.00,S2C_0,64.00,108.69,108.69
35760.00,S2C_1,61.00,167.33,362.90
35760.00,S2C_2,62.00,443.38,367.40
35760.00,S2C_3,64.00,449.65,360.08
35760.00,W2C_0,3.00,5.50,5.50
35760.00,W2C_2,0.00,0.00,3.31
35820.00,E2C_0,63.00,464.69,224.58
35820.00,E2C_1,82.00,474.99,363.71
35820.00,E2C_2,88.00,473.82,354.26
35820.00,E2C_3,59.00,469.91,361.56
35820.00,N2C_0,220.00,464.64,374.29
35820.00,N2C_1,48.00,467.46,363.53
35820.00,N2C_2,53.00,469.45,361.95
35820.00,N2C_3,52.00,453.29,361.85
35820.00,S2C_0,6.00,16.01,19.32
35820.00,S2C_1,4.00,304.31,364.28
35820.00,S2C_2,23.00,416.75,363.17
35820.00,S2C_3,32.00,424.96,364.72
35820.00,W2C_0,56.00,22.83,22.83
35820.00,W2C_1,54.00,39.61,39.61
35820.00,W2C_2,52.00,36.41,36.41
35820.00,W2C_3,0.00,0.00,4.51
35880.00,E2C_0,30.00,478.56,350.11
35880.00,E2C_1,29.00,468.25,360.92
35880.00,E2C_2,48.00,470.09,365.96
35880.00,E2C_3,77.00,478.13,362.23
35880.00,N2C_0,250.00,479.34,370.61
35880.00,N2C_1,249.00,477.55,363.53
35880.00,N2C_2,109.00,461.96,365.56
35880.00,N2C_3,60.00,455.47,363.63
35880.00,S2C_0,63.00,100.73,100.73
35880.00,S2C_1,60.00,167.43,170.69
35880.00,S2C_2,59.00,419.60,356.91
35880.00,S2C_3,57.00,443.99,363.14
35880.00,W2C_0,0.00,0.00,3.21
35880.00,W2C_2,3.00,9.00,9.00
35940.00,E2C_0,59.00,478.47,366.69
35940.00,E2C_1,89.00,476.31,361.27
35940.00,E2C_2,103.00,475.96,364.58
35940.00,E2C_3,60.00,478.85,365.29
35940.00,N2C_0,88.00,470.81,370.57
35940.00,N2C_1,113.00,475.32,362.18
35940.00,N2C_2,85.00,440.38,365.09
35940.00,N2C_3,84.00,457.58,363.79
35940.00,S2C_0,0.00,0.00,133.06
35940.00,S2C_1,5.00,481.54,317.44
35940.00,S2C_2,26.00,357.16,357.16
35940.00,S2C_3,37.00,338.98,360.17
35940.00,W2C_0,55.00,13.40,16.84
35940.00,W2C_1,52.00,27.51,27.51
35940.00,W2C_2,52.00,33.21,33.21
35940.00,W2C_3,38.00,45.91,45.91
