timestep,lane_id,queueing_time,queueing_length,queueing_length_experimental
60.00,:Center_3_0,2.00,5.51,5.51
60.00,E2C_0,1.00,5.51,5.51
60.00,E2C_1,10.00,5.50,8.71
60.00,E2C_2,0.00,0.00,19.19
60.00,W2C_1,6.00,9.00,9.00
60.00,W2C_3,10.00,13.00,20.39
120.00,:Center_7_0,8.00,3.10,3.10
120.00,:Center_11_0,3.00,17.80,17.80
120.00,E2C_0,2.00,3.20,3.20
120.00,E2C_1,8.00,4.00,7.26
120.00,E2C_2,9.00,6.40,6.40
120.00,N2C_1,5.00,8.75,8.75
120.00,N2C_2,8.00,13.28,13.28
120.00,N2C_3,0.00,0.00,7.83
120.00,W2C_0,5.00,3.20,3.20
120.00,W2C_1,10.00,20.00,20.00
120.00,W2C_2,10.00,13.00,13.00
180.00,:Center_7_0,0.00,0.00,11.01
180.00,:Center_11_0,0.00,0.00,12.55
180.00,E2C_0,4.00,13.00,13.00
180.00,E2C_3,9.00,2.77,2.77
180.00,N2C_1,65.00,52.32,52.32
180.00,N2C_2,68.00,45.31,48.62
180.00,N2C_3,0.00,0.00,16.20
180.00,S2C_2,0.00,0.00,17.32
180.00,W2C_1,7.00,22.16,29.51
180.00,W2C_2,5.00,13.02,20.36
180.00,W2C_3,4.00,5.50,5.50
240.00,:Center_7_0,6.00,6.30,6.30
240.00,:Center_15_0,7.00,15.30,12.10
240.00,E2C_3,0.00,0.00,3.30
240.00,N2C_1,15.00,43.87,59.45
240.00,N2C_2,16.00,41.55,56.34
240.00,N2C_3,11.00,5.50,5.50
240.00,S2C_1,12.00,11.91,11.91
240.00,S2C_2,13.00,18.90,18.90
240.00,S2C_3,4.00,5.50,5.50
240.00,W2C_1,4.00,59.93,59.93
240.00,W2C_2,6.00,57.75,57.75
300.00,E2C_3,1.00,2.70,2.70
300.00,N2C_0,13.00,7.70,7.70
300.00,N2C_1,12.00,61.57,69.07
300.00,N2C_2,13.00,27.69,58.25
300.00,N2C_3,15.00,7.35,7.35
300.00,S2C_0,5.00,10.20,10.20
300.00,S2C_1,6.00,10.20,10.20
300.00,S2C_2,14.00,5.33,5.33
300.00,W2C_1,1.00,52.57,68.16
300.00,W2C_2,3.00,64.68,64.68
360.00,:Center_7_0,5.00,5.54,5.54
360.00,N2C_0,14.00,20.24,20.24
360.00,N2C_1,11.00,38.82,53.61
360.00,N2C_2,13.00,48.23,48.23
360.00,N2C_3,14.00,5.50,5.50
360.00,S2C_0,6.00,3.20,3.20
360.00,S2C_1,9.00,7.22,14.30
360.00,S2C_2,13.00,8.70,8.70
360.00,W2C_1,0.00,0.00,77.51
360.00,W2C_2,7.00,66.69,82.17
420.00,:Center_7_0,3.00,11.62,11.62
420.00,:Center_15_0,6.00,16.32,9.31
420.00,N2C_0,14.00,30.62,30.62
420.00,N2C_1,13.00,26.70,30.46
420.00,N2C_2,15.00,35.21,35.21
420.00,N2C_3,9.00,3.20,3.20
420.00,S2C_0,11.00,6.41,6.41
420.00,S2C_1,9.00,7.21,15.41
420.00,S2C_2,11.00,13.00,13.00
420.00,S2C_3,0.00,0.00,5.64
420.00,W2C_2,0.00,0.00,45.30
420.00,W2C_3,1.00,6.26,13.81
480.00,:Center_7_0,0.00,0.00,9.99
480.00,:Center_15_0,0.00,0.00,2.33
480.00,E2C_1,6.00,5.52,9.12
480.00,E2C_2,7.00,7.84,7.84
480.00,N2C_0,1.00,13.00,13.00
480.00,N2C_1,9.00,10.91,45.88
480.00,N2C_2,8.00,31.97,39.27
480.00,N2C_3,0.00,0.00,3.27
480.00,S2C_0,1.00,5.52,5.52
480.00,S2C_1,23.00,34.21,34.21
480.00,S2C_2,26.00,33.81,33.81
480.00,S2C_3,9.00,3.20,3.20
480.00,W2C_1,10.00,60.08,60.08
480.00,W2C_2,12.00,51.71,51.71
540.00,:Center_7_0,29.00,14.81,11.60
540.00,:Center_15_0,0.00,0.00,8.63
540.00,E2C_3,1.00,8.49,15.76
540.00,N2C_1,20.00,44.08,44.08
540.00,N2C_2,20.00,47.03,47.03
540.00,N2C_3,0.00,0.00,20.18
540.00,S2C_1,7.00,27.43,27.43
540.00,S2C_2,6.00,15.17,52.19
540.00,W2C_1,35.00,59.51,59.51
540.00,W2C_2,34.00,55.01,55.01
600.00,:Center_3_0,6.00,7.80,7.80
600.00,E2C_0,6.00,11.00,11.00
600.00,E2C_1,15.00,12.52,16.56
600.00,E2C_2,16.00,9.00,12.21
600.00,E2C_3,6.00,35.10,35.10
600.00,N2C_1,72.00,79.39,82.59
600.00,N2C_2,69.00,78.94,78.94
600.00,N2C_3,0.00,0.00,12.76
600.00,W2C_0,10.00,10.20,10.20
600.00,W2C_1,12.00,27.95,39.43
600.00,W2C_2,15.00,39.36,72.50
600.00,W2C_3,7.00,5.50,12.93
660.00,:Center_3_0,0.00,0.00,2.42
660.00,:Center_11_0,0.00,0.00,3.15
660.00,E2C_1,5.00,5.50,9.10
660.00,E2C_2,10.00,13.00,13.00
660.00,E2C_3,13.00,27.93,27.93
660.00,N2C_1,12.00,73.17,76.46
660.00,N2C_2,7.00,79.04,79.04
660.00,S2C_1,0.00,0.00,14.64
660.00,S2C_2,0.00,0.00,17.26
660.00,W2C_1,14.00,34.75,58.61
660.00,W2C_2,12.00,35.32,49.57
660.00,W2C_3,6.00,17.24,24.49
720.00,:Center_3_0,0.00,0.00,7.55
720.00,:Center_11_0,20.00,15.30,12.10
720.00,E2C_0,6.00,4.00,4.00
720.00,E2C_1,9.00,6.42,6.42
720.00,E2C_2,10.00,3.20,3.20
720.00,E2C_3,10.00,18.64,23.39
720.00,N2C_1,28.00,82.74,82.74
720.00,N2C_2,26.00,81.62,81.62
720.00,N2C_3,4.00,11.60,15.04
720.00,W2C_1,24.00,113.31,113.31
720.00,W2C_2,24.00,108.88,108.88
720.00,W2C_3,16.00,11.65,11.65
780.00,:Center_3_0,2.00,12.10,12.10
780.00,:Center_11_0,1.00,2.30,2.30
780.00,E2C_1,8.00,5.50,5.50
780.00,E2C_2,8.00,5.50,5.50
780.00,E2C_3,12.00,23.20,23.20
780.00,N2C_1,10.00,74.56,74.56
780.00,N2C_2,10.00,70.89,78.28
780.00,S2C_3,0.00,0.00,3.29
780.00,W2C_0,2.00,3.20,3.20
780.00,W2C_1,8.00,101.23,116.81
780.00,W2C_2,12.00,116.50,119.80
780.00,W2C_3,8.00,17.43,17.43
840.00,E2C_2,5.00,4.00,4.00
840.00,E2C_3,2.00,10.29,21.18
840.00,N2C_0,6.00,15.70,15.70
840.00,N2C_1,16.00,66.62,81.12
840.00,N2C_2,15.00,52.52,82.05
840.00,N2C_3,18.00,15.25,15.25
840.00,S2C_1,14.00,28.91,28.91
840.00,S2C_2,15.00,29.11,29.11
840.00,W2C_1,32.00,141.12,141.12
840.00,W2C_2,4.00,13.00,130.81
840.00,W2C_3,4.00,92.85,92.85
900.00,:Center_7_0,3.00,7.81,11.41
900.00,:Center_15_0,7.00,14.10,14.10
900.00,E2C_0,0.00,0.00,4.12
900.00,E2C_1,12.00,17.21,24.47
900.00,E2C_2,12.00,19.70,19.70
900.00,E2C_3,0.00,0.00,3.36
900.00,N2C_1,15.00,59.75,71.73
900.00,N2C_2,17.00,61.02,71.44
900.00,N2C_3,9.00,10.20,10.20
900.00,S2C_0,5.00,9.73,21.41
900.00,S2C_1,27.00,50.53,50.53
900.00,S2C_2,26.00,45.72,45.72
900.00,S2C_3,15.00,13.00,13.00
900.00,W2C_1,9.00,133.59,136.96
900.00,W2C_2,2.00,3.26,144.88
900.00,W2C_3,34.00,63.10,63.10
960.00,:Center_3_0,2.00,12.07,12.07
960.00,E2C_1,5.00,49.11,49.11
960.00,E2C_2,6.00,33.35,47.67
960.00,N2C_0,1.00,3.23,3.23
960.00,N2C_1,34.00,95.88,95.88
960.00,N2C_2,16.00,102.92,102.92
960.00,N2C_3,4.00,10.11,77.61
960.00,S2C_1,9.00,21.92,21.92
960.00,S2C_2,9.00,17.51,17.51
960.00,S2C_3,0.00,0.00,9.15
960.00,W2C_1,20.00,112.47,143.82
960.00,W2C_2,14.00,83.19,141.14
960.00,W2C_3,15.00,37.71,42.27
1020.00,:Center_11_0,0.00,0.00,8.09
1020.00,E2C_1,15.00,56.31,56.31
1020.00,E2C_2,14.00,55.45,62.50
1020.00,E2C_3,7.00,6.40,6.40
1020.00,N2C_0,0.00,0.00,5.52
1020.00,N2C_1,13.00,74.11,74.11
1020.00,N2C_2,21.00,78.21,78.21
1020.00,N2C_3,4.00,39.01,51.01
1020.00,S2C_1,2.00,9.00,12.32
1020.00,S2C_2,1.00,5.55,5.55
1020.00,W2C_1,13.00,46.54,139.46
1020.00,W2C_2,17.00,139.37,139.37
1020.00,W2C_3,14.00,31.32,31.32
1080.00,:Center_7_0,21.00,9.30,9.30
1080.00,E2C_1,14.00,34.11,34.11
1080.00,E2C_2,15.00,31.72,47.30
1080.00,E2C_3,0.00,0.00,6.46
1080.00,N2C_0,0.00,0.00,5.62
1080.00,N2C_1,15.00,85.63,85.63
1080.00,N2C_2,14.00,89.96,89.96
1080.00,N2C_3,0.00,0.00,24.93
1080.00,S2C_1,14.00,38.22,38.22
1080.00,S2C_2,13.00,30.46,37.54
1080.00,S2C_3,1.00,8.79,36.24
1080.00,W2C_1,30.00,112.79,123.27
1080.00,W2C_2,29.00,116.29,116.29
1080.00,W2C_3,3.00,7.71,12.26
1140.00,:Center_3_0,7.00,24.80,9.30
1140.00,:Center_11_0,3.00,9.31,9.31
1140.00,E2C_0,4.00,9.00,16.05
1140.00,E2C_1,16.00,36.11,43.12
1140.00,E2C_2,16.00,44.21,44.21
1140.00,E2C_3,18.00,7.22,7.22
1140.00,N2C_1,10.00,101.14,127.38
1140.00,N2C_2,5.00,116.04,124.11
1140.00,N2C_3,0.00,0.00,24.92
1140.00,S2C_1,6.00,59.01,59.01
1140.00,S2C_2,10.00,57.54,61.16
1140.00,S2C_3,3.00,18.45,25.46
1140.00,W2C_0,12.00,17.41,17.41
1140.00,W2C_1,17.00,119.62,142.01
1140.00,W2C_2,20.00,135.10,142.43
1140.00,W2C_3,20.00,9.60,9.60
1200.00,:Center_11_0,1.00,2.38,5.88
1200.00,:Center_15_0,1.00,12.11,12.11
1200.00,E2C_0,5.00,3.20,3.20
1200.00,E2C_1,9.00,42.01,54.20
1200.00,E2C_2,8.00,22.73,58.31
1200.00,N2C_1,14.00,81.31,143.38
1200.00,N2C_2,13.00,105.15,133.89
1200.00,S2C_1,7.00,50.14,69.23
1200.00,S2C_2,16.00,68.14,71.56
1200.00,S2C_3,0.00,0.00,10.04
1200.00,W2C_0,6.00,3.21,3.21
1200.00,W2C_1,30.00,156.35,156.35
1200.00,W2C_2,40.00,153.38,153.38
1200.00,W2C_3,0.00,0.00,9.09
1260.00,E2C_0,4.00,5.50,5.50
1260.00,E2C_1,1.00,3.26,11.92
1260.00,E2C_2,3.00,5.50,90.46
1260.00,N2C_1,16.00,51.43,115.62
1260.00,N2C_2,19.00,89.84,115.47
1260.00,N2C_3,0.00,0.00,13.08
1260.00,S2C_1,17.00,95.62,99.13
1260.00,S2C_2,17.00,57.81,102.92
1260.00,W2C_0,2.00,11.03,11.03
1260.00,W2C_1,10.00,115.12,153.27
1260.00,W2C_2,10.00,107.55,154.40
1260.00,W2C_3,5.00,20.46,25.26
1320.00,:Center_7_0,8.00,2.30,2.30
1320.00,:Center_15_0,4.00,6.80,10.11
1320.00,E2C_1,9.00,75.66,75.66
1320.00,E2C_2,5.00,58.88,74.42
1320.00,N2C_0,17.00,15.11,15.11
1320.00,N2C_1,20.00,47.84,80.42
1320.00,N2C_2,18.00,84.32,98.92
1320.00,N2C_3,10.00,5.50,5.50
1320.00,S2C_0,3.00,3.20,6.45
1320.00,S2C_1,24.00,118.81,118.81
1320.00,S2C_2,20.00,129.12,129.12
1320.00,S2C_3,13.00,6.40,6.40
1320.00,W2C_1,15.00,94.27,169.34
1320.00,W2C_2,15.00,65.51,179.74
1320.00,W2C_3,4.00,7.23,11.89
1380.00,:Center_7_0,25.00,4.60,4.60
1380.00,:Center_11_0,21.00,13.30,13.30
1380.00,E2C_0,29.00,15.40,15.40
1380.00,E2C_1,26.00,95.47,95.47
1380.00,E2C_2,31.00,91.81,91.81
1380.00,E2C_3,21.00,8.71,8.71
1380.00,N2C_1,80.00,119.63,119.63
1380.00,N2C_2,58.00,117.72,117.72
1380.00,S2C_1,33.00,134.41,134.41
1380.00,S2C_2,0.00,0.00,108.53
1380.00,S2C_3,2.00,68.62,73.14
1380.00,W2C_1,29.00,200.24,200.24
1380.00,W2C_2,28.00,190.97,196.13
1380.00,W2C_3,19.00,4.00,4.00
1440.00,:Center_7_0,8.00,20.10,20.10
1440.00,:Center_15_0,2.00,12.40,12.40
1440.00,E2C_1,14.00,100.08,100.08
1440.00,E2C_2,12.00,96.12,96.12
1440.00,E2C_3,5.00,17.66,17.66
1440.00,N2C_0,14.00,10.41,10.41
1440.00,N2C_1,17.00,46.55,135.83
1440.00,N2C_2,18.00,68.83,136.40
1440.00,N2C_3,23.00,6.85,17.81
1440.00,S2C_1,16.00,52.89,72.72
1440.00,S2C_2,15.00,57.18,79.22
1440.00,S2C_3,14.00,26.92,31.59
1440.00,W2C_1,16.00,138.44,197.37
1440.00,W2C_2,15.00,199.97,199.97
1500.00,:Center_7_0,8.00,14.02,9.50
1500.00,:Center_11_0,20.00,14.80,7.80
1500.00,:Center_15_0,9.00,16.10,9.10
1500.00,E2C_1,7.00,71.92,71.92
1500.00,E2C_2,10.00,60.66,63.94
1500.00,E2C_3,1.00,3.90,8.10
1500.00,N2C_0,10.00,3.20,3.20
1500.00,N2C_1,19.00,152.33,152.33
1500.00,N2C_2,27.00,157.92,157.92
1500.00,N2C_3,15.00,8.44,8.44
1500.00,S2C_0,14.00,3.20,3.20
1500.00,S2C_1,45.00,101.32,101.32
1500.00,S2C_2,28.00,109.72,109.72
1500.00,S2C_3,16.00,21.40,21.40
1500.00,W2C_1,13.00,176.30,202.77
1500.00,W2C_2,13.00,177.58,195.20
1500.00,W2C_3,5.00,33.75,38.31
1560.00,:Center_3_0,8.00,15.70,8.70
1560.00,:Center_11_0,0.00,0.00,7.87
1560.00,E2C_0,20.00,7.49,7.49
1560.00,E2C_1,20.00,80.42,80.42
1560.00,E2C_2,21.00,31.06,56.86
1560.00,E2C_3,14.00,49.19,49.19
1560.00,N2C_1,39.00,161.64,161.64
1560.00,N2C_2,54.00,164.94,164.94
1560.00,N2C_3,1.00,3.36,34.11
1560.00,S2C_1,10.00,117.34,117.34
1560.00,S2C_2,13.00,116.82,116.82
1560.00,S2C_3,3.00,16.41,28.43
1560.00,W2C_0,2.00,3.21,3.21
1560.00,W2C_1,37.00,214.75,214.75
1560.00,W2C_2,39.00,214.87,214.87
1560.00,W2C_3,21.00,23.90,23.90
1620.00,:Center_3_0,1.00,4.60,8.11
1620.00,:Center_11_0,3.00,7.82,7.82
1620.00,E2C_1,17.00,57.68,80.95
1620.00,E2C_2,16.00,61.40,78.19
1620.00,E2C_3,18.00,41.21,45.72
1620.00,N2C_1,9.00,102.78,182.86
1620.00,N2C_2,11.00,79.13,175.23
1620.00,N2C_3,0.00,0.00,48.71
1620.00,S2C_1,12.00,98.07,98.07
1620.00,S2C_2,9.00,94.73,94.73
1620.00,S2C_3,0.00,0.00,40.88
1620.00,W2C_0,2.00,3.20,3.20
1620.00,W2C_1,15.00,113.84,244.25
1620.00,W2C_2,12.00,150.01,249.85
1620.00,W2C_3,14.00,35.66,35.66
1680.00,:Center_3_0,24.00,15.30,12.10
1680.00,:Center_7_0,2.00,3.10,3.10
1680.00,:Center_11_0,0.00,0.00,11.92
1680.00,E2C_0,0.00,0.00,3.71
1680.00,E2C_1,27.00,89.82,89.82
1680.00,E2C_2,27.00,92.92,92.92
1680.00,E2C_3,13.00,53.84,53.84
1680.00,N2C_1,16.00,96.60,167.01
1680.00,N2C_2,15.00,182.26,182.26
1680.00,N2C_3,0.00,0.00,33.37
1680.00,S2C_1,6.00,61.52,76.08
1680.00,S2C_2,13.00,75.31,75.31
1680.00,S2C_3,8.00,46.02,46.02
1680.00,W2C_0,0.00,0.00,5.50
1680.00,W2C_1,30.00,236.65,236.65
1680.00,W2C_2,28.00,229.94,234.54
1680.00,W2C_3,15.00,47.66,126.36
1740.00,:Center_3_0,0.00,0.00,3.73
1740.00,:Center_11_0,0.00,0.00,11.17
1740.00,E2C_0,3.00,3.20,3.20
1740.00,E2C_1,9.00,93.90,104.36
1740.00,E2C_2,9.00,100.53,100.53
1740.00,E2C_3,10.00,26.42,49.59
1740.00,N2C_1,30.00,180.43,180.43
1740.00,N2C_2,29.00,180.14,180.14
1740.00,N2C_3,0.00,0.00,32.71
1740.00,S2C_1,16.00,64.74,64.74
1740.00,S2C_2,11.00,63.12,63.12
1740.00,S2C_3,18.00,57.35,57.35
1740.00,W2C_0,9.00,3.20,3.20
1740.00,W2C_1,10.00,141.03,250.91
1740.00,W2C_2,10.00,213.93,251.04
1740.00,W2C_3,14.00,70.41,70.41
1800.00,:Center_7_0,0.00,0.00,6.58
1800.00,:Center_15_0,4.00,14.80,10.42
1800.00,E2C_1,4.00,108.86,108.86
1800.00,E2C_2,8.00,99.41,103.11
1800.00,E2C_3,0.00,0.00,45.33
1800.00,N2C_0,15.00,10.20,10.20
1800.00,N2C_1,16.00,207.88,207.88
1800.00,N2C_2,20.00,180.12,206.81
1800.00,N2C_3,15.00,17.90,21.18
1800.00,S2C_0,14.00,19.50,19.50
1800.00,S2C_1,20.00,40.41,40.41
1800.00,S2C_2,17.00,41.22,41.22
1800.00,S2C_3,16.00,46.31,46.31
1800.00,W2C_1,10.00,158.95,263.96
1800.00,W2C_2,9.00,94.30,258.73
1800.00,W2C_3,2.00,4.65,30.27
1860.00,:Center_7_0,0.00,0.00,4.80
1860.00,:Center_15_0,2.00,2.31,2.31
1860.00,E2C_1,13.00,82.71,104.95
1860.00,E2C_2,12.00,75.08,115.59
1860.00,E2C_3,0.00,0.00,25.06
1860.00,N2C_1,12.00,163.12,231.29
1860.00,N2C_2,12.00,126.13,226.23
1860.00,N2C_3,9.00,5.50,5.50
1860.00,S2C_0,13.00,10.40,10.40
1860.00,S2C_1,12.00,47.41,47.41
1860.00,S2C_2,16.00,37.27,49.22
1860.00,S2C_3,13.00,19.61,19.61
1860.00,W2C_1,11.00,156.72,238.51
1860.00,W2C_2,8.00,173.70,230.96
1860.00,W2C_3,1.00,9.45,43.24
1920.00,:Center_7_0,17.00,4.60,13.56
1920.00,E2C_1,14.00,129.08,129.08
1920.00,E2C_2,10.00,115.26,127.01
1920.00,E2C_3,0.00,0.00,16.49
1920.00,N2C_1,19.00,138.52,230.87
1920.00,N2C_2,19.00,204.79,225.82
1920.00,S2C_1,7.00,10.41,29.53
1920.00,S2C_2,5.00,7.23,10.86
1920.00,W2C_1,11.00,95.85,236.25
1920.00,W2C_2,20.00,158.77,249.79
1920.00,W2C_3,25.00,55.11,55.11
1980.00,:Center_7_0,26.00,12.10,12.10
1980.00,E2C_1,19.00,71.47,138.05
1980.00,E2C_2,19.00,128.56,146.82
1980.00,E2C_3,21.00,45.71,45.71
1980.00,N2C_1,22.00,240.48,243.88
1980.00,N2C_2,24.00,239.90,239.90
1980.00,N2C_3,6.00,7.05,7.05
1980.00,S2C_1,47.00,63.31,66.68
1980.00,S2C_2,46.00,75.53,75.53
1980.00,W2C_0,11.00,12.50,12.50
1980.00,W2C_1,31.00,222.04,226.80
1980.00,W2C_2,31.00,125.05,225.05
1980.00,W2C_3,19.00,41.11,41.11
2040.00,:Center_3_0,1.00,2.31,6.97
2040.00,E2C_1,12.00,35.27,115.87
2040.00,E2C_2,10.00,21.27,40.76
2040.00,E2C_3,20.00,64.72,64.72
2040.00,N2C_1,28.00,265.32,265.32
2040.00,N2C_2,2.00,130.31,249.22
2040.00,N2C_3,18.00,90.17,90.17
2040.00,S2C_1,9.00,81.15,84.78
2040.00,S2C_2,14.00,92.32,92.32
2040.00,W2C_0,11.00,7.21,7.21
2040.00,W2C_1,11.00,208.13,235.69
2040.00,W2C_2,13.00,116.07,234.69
2040.00,W2C_3,16.00,53.72,53.72
2100.00,:Center_3_0,6.00,11.02,11.02
2100.00,:Center_15_0,7.00,9.30,9.30
2100.00,E2C_0,1.00,5.53,5.53
2100.00,E2C_1,16.00,124.68,124.68
2100.00,E2C_2,11.00,107.96,111.25
2100.00,E2C_3,5.00,50.15,50.15
2100.00,N2C_1,11.00,224.44,243.60
2100.00,N2C_2,10.00,180.32,251.74
2100.00,N2C_3,11.00,79.73,100.15
2100.00,S2C_1,29.00,59.98,86.45
2100.00,S2C_2,11.00,87.15,87.15
2100.00,W2C_1,11.00,181.41,221.13
2100.00,W2C_2,11.00,32.76,225.90
2100.00,W2C_3,12.00,36.94,41.65
2160.00,:Center_3_0,0.00,0.00,11.16
2160.00,E2C_0,2.00,9.00,9.00
2160.00,E2C_1,10.00,139.35,139.35
2160.00,E2C_2,12.00,136.87,136.87
2160.00,E2C_3,2.00,37.37,37.37
2160.00,N2C_0,0.00,0.00,16.25
2160.00,N2C_1,13.00,215.47,273.36
2160.00,N2C_2,11.00,261.42,275.74
2160.00,N2C_3,28.00,112.99,112.99
2160.00,S2C_1,14.00,67.51,112.38
2160.00,S2C_2,12.00,78.48,110.70
2160.00,S2C_3,0.00,0.00,31.96
2160.00,W2C_1,7.00,167.80,217.32
2160.00,W2C_2,9.00,195.26,222.89
2160.00,W2C_3,4.00,38.47,45.61
2220.00,:Center_7_0,0.00,0.00,10.27
2220.00,:Center_15_0,0.00,0.00,12.46
2220.00,E2C_1,7.00,147.84,158.41
2220.00,E2C_2,8.00,143.18,150.40
2220.00,E2C_3,3.00,10.01,33.27
2220.00,N2C_1,15.00,176.97,282.60
2220.00,N2C_2,27.00,178.88,276.86
2220.00,N2C_3,10.00,66.17,127.82
2220.00,S2C_1,15.00,71.08,104.69
2220.00,S2C_2,14.00,72.25,147.56
2220.00,S2C_3,15.00,48.22,48.22
2220.00,W2C_0,5.00,5.50,5.50
2220.00,W2C_1,7.00,164.23,188.04
2220.00,W2C_2,6.00,108.75,195.17
2220.00,W2C_3,6.00,17.67,28.24
2280.00,:Center_15_0,2.00,4.60,7.90
2280.00,E2C_1,15.00,143.90,161.89
2280.00,E2C_2,12.00,115.12,165.81
2280.00,N2C_1,10.00,298.64,298.64
2280.00,N2C_2,20.00,247.52,289.80
2280.00,N2C_3,13.00,61.74,135.33
2280.00,S2C_1,11.00,145.18,145.18
2280.00,S2C_2,9.00,143.71,143.71
2280.00,S2C_3,11.00,54.09,57.69
2280.00,W2C_1,16.00,130.05,191.50
2280.00,W2C_2,12.00,118.14,195.44
2280.00,W2C_3,4.00,40.04,40.04
2340.00,E2C_1,16.00,155.07,162.99
2340.00,E2C_2,14.00,172.69,172.69
2340.00,E2C_3,18.00,25.23,25.23
2340.00,N2C_0,2.00,16.04,16.04
2340.00,N2C_1,6.00,263.83,291.19
2340.00,N2C_2,6.00,103.88,289.96
2340.00,N2C_3,13.00,156.91,172.57
2340.00,S2C_1,8.00,134.46,137.70
2340.00,S2C_2,4.00,118.03,137.18
2340.00,S2C_3,4.00,23.50,37.22
2340.00,W2C_1,16.00,183.12,186.43
2340.00,W2C_2,16.00,173.17,187.05
2340.00,W2C_3,17.00,28.11,28.11
2400.00,:Center_3_0,24.00,15.13,11.90
2400.00,:Center_11_0,3.00,12.10,12.10
2400.00,:Center_15_0,13.00,9.30,9.30
2400.00,E2C_0,6.00,5.50,5.50
2400.00,E2C_1,30.00,180.25,190.98
2400.00,E2C_2,30.00,173.74,202.02
2400.00,E2C_3,16.00,29.84,29.84
2400.00,N2C_1,9.00,230.46,270.27
2400.00,N2C_2,10.00,191.98,275.75
2400.00,N2C_3,10.00,111.44,154.55
2400.00,S2C_1,46.00,144.73,144.73
2400.00,S2C_2,47.00,133.24,133.24
2400.00,S2C_3,2.00,4.99,18.01
2400.00,W2C_0,11.00,5.50,5.50
2400.00,W2C_1,23.00,192.04,192.04
2400.00,W2C_2,25.00,185.14,185.14
2400.00,W2C_3,11.00,6.40,6.40
2460.00,:Center_7_0,1.00,4.60,4.60
2460.00,E2C_1,47.00,243.25,243.25
2460.00,E2C_2,34.00,241.84,245.75
2460.00,E2C_3,1.00,161.05,179.85
2460.00,N2C_0,1.00,5.52,5.52
2460.00,N2C_1,10.00,65.06,211.88
2460.00,N2C_2,11.00,148.59,255.97
2460.00,N2C_3,29.00,151.94,156.48
2460.00,S2C_1,12.00,155.27,175.05
2460.00,S2C_2,15.00,149.07,172.05
2460.00,S2C_3,12.00,23.62,23.62
2460.00,W2C_1,9.00,81.07,209.52
2460.00,W2C_2,18.00,205.25,205.25
2520.00,:Center_11_0,7.00,7.60,7.60
2520.00,:Center_15_0,0.00,0.00,2.36
2520.00,E2C_0,0.00,0.00,16.14
2520.00,E2C_1,13.00,163.02,235.35
2520.00,E2C_2,10.00,204.08,247.37
2520.00,E2C_3,22.00,29.04,29.04
2520.00,N2C_1,10.00,211.92,222.99
2520.00,N2C_2,10.00,216.58,220.04
2520.00,N2C_3,19.00,155.34,155.34
2520.00,S2C_1,11.00,120.74,199.34
2520.00,S2C_2,11.00,113.49,152.15
2520.00,S2C_3,3.00,17.65,17.65
2520.00,W2C_0,25.00,29.84,29.84
2520.00,W2C_1,35.00,169.82,187.64
2520.00,W2C_2,35.00,181.89,188.71
2580.00,:Center_3_0,0.00,0.00,4.88
2580.00,:Center_11_0,33.00,14.60,10.10
2580.00,:Center_15_0,1.00,2.46,2.46
2580.00,E2C_0,10.00,10.74,10.74
2580.00,E2C_1,10.00,110.60,249.31
2580.00,E2C_2,9.00,130.89,250.93
2580.00,E2C_3,13.00,24.07,42.36
2580.00,N2C_1,10.00,215.90,238.50
2580.00,N2C_2,11.00,224.00,234.58
2580.00,N2C_3,27.00,209.78,209.78
2580.00,S2C_1,39.00,196.46,196.46
2580.00,S2C_2,39.00,199.56,199.56
2580.00,S2C_3,0.00,0.00,31.61
2580.00,W2C_0,43.00,44.32,44.32
2580.00,W2C_1,25.00,216.82,216.82
2580.00,W2C_2,23.00,155.08,215.22
2580.00,W2C_3,19.00,3.64,11.63
2640.00,:Center_3_0,0.00,0.00,2.33
2640.00,:Center_11_0,93.00,14.60,10.10
2640.00,E2C_0,12.00,10.90,10.90
2640.00,E2C_1,15.00,220.10,231.25
2640.00,E2C_2,15.00,230.29,230.29
2640.00,E2C_3,13.00,23.61,23.61
2640.00,N2C_1,25.00,151.38,181.33
2640.00,N2C_2,23.00,128.68,194.02
2640.00,N2C_3,87.00,153.87,153.87
2640.00,S2C_0,23.00,40.22,47.30
2640.00,S2C_1,24.00,209.28,212.59
2640.00,S2C_2,32.00,206.31,209.69
2640.00,S2C_3,0.00,0.00,49.16
2640.00,W2C_0,103.00,88.03,88.03
2640.00,W2C_1,84.00,243.50,243.50
2640.00,W2C_2,83.00,248.65,248.65
2640.00,W2C_3,6.00,8.71,8.71
2700.00,:Center_3_0,0.00,0.00,12.07
2700.00,:Center_7_0,0.00,0.00,3.52
2700.00,E2C_1,21.00,126.76,228.28
2700.00,E2C_2,21.00,168.12,228.88
2700.00,E2C_3,11.00,19.63,19.63
2700.00,N2C_1,12.00,205.71,205.71
2700.00,N2C_2,12.00,204.21,204.21
2700.00,N2C_3,16.00,216.81,223.85
2700.00,S2C_0,4.00,59.01,65.70
2700.00,S2C_1,12.00,210.33,247.60
2700.00,S2C_2,14.00,185.47,243.72
2700.00,S2C_3,14.00,37.41,37.41
2700.00,W2C_0,6.00,15.83,88.81
2700.00,W2C_1,92.00,254.41,258.00
2700.00,W2C_2,13.00,145.51,256.26
2700.00,W2C_3,18.00,108.65,108.65
2760.00,:Center_15_0,4.00,8.10,8.10
2760.00,E2C_1,67.00,232.49,232.49
2760.00,E2C_2,2.00,239.49,239.49
2760.00,E2C_3,3.00,187.25,187.25
2760.00,N2C_0,13.00,8.70,8.70
2760.00,N2C_1,17.00,173.87,209.10
2760.00,N2C_2,19.00,206.70,217.21
2760.00,N2C_3,11.00,137.44,213.04
2760.00,S2C_0,17.00,30.41,37.47
2760.00,S2C_1,18.00,214.04,254.00
2760.00,S2C_2,18.00,146.21,258.91
2760.00,S2C_3,10.00,26.41,26.41
2760.00,W2C_0,0.00,0.00,223.80
2760.00,W2C_1,7.00,220.13,272.59
2760.00,W2C_2,7.00,251.02,275.21
2760.00,W2C_3,5.00,96.66,96.66
2820.00,:Center_7_0,2.00,3.12,10.28
2820.00,E2C_1,10.00,213.41,224.06
2820.00,E2C_2,11.00,210.45,229.19
2820.00,E2C_3,9.00,72.35,90.87
2820.00,N2C_0,10.00,3.20,3.20
2820.00,N2C_1,12.00,163.84,206.19
2820.00,N2C_2,12.00,113.39,218.45
2820.00,N2C_3,13.00,156.72,218.93
2820.00,S2C_0,10.00,3.20,3.20
2820.00,S2C_1,11.00,50.56,231.02
2820.00,S2C_2,11.00,232.08,236.70
2820.00,S2C_3,17.00,10.24,13.57
2820.00,W2C_0,13.00,26.12,26.12
2820.00,W2C_1,22.00,169.75,249.18
2820.00,W2C_2,9.00,206.88,272.86
2820.00,W2C_3,8.00,57.72,62.41
2880.00,:Center_15_0,1.00,2.33,2.33
2880.00,E2C_1,7.00,231.66,231.66
2880.00,E2C_2,10.00,169.67,227.95
2880.00,E2C_3,28.00,84.69,84.69
2880.00,N2C_0,7.00,5.50,5.50
2880.00,N2C_1,11.00,155.79,209.70
2880.00,N2C_2,10.00,206.86,206.86
2880.00,N2C_3,10.00,144.92,234.11
2880.00,S2C_0,5.00,5.50,5.50
2880.00,S2C_1,14.00,154.96,212.08
2880.00,S2C_2,10.00,125.89,229.39
2880.00,S2C_3,13.00,30.41,30.41
2880.00,W2C_1,7.00,236.19,277.89
2880.00,W2C_2,7.00,225.28,273.77
2880.00,W2C_3,11.00,43.43,43.43
2940.00,:Center_7_0,1.00,8.11,11.40
2940.00,:Center_15_0,3.00,15.43,10.89
2940.00,E2C_1,10.00,81.54,235.44
2940.00,E2C_2,10.00,176.38,231.26
2940.00,E2C_3,4.00,51.34,70.42
2940.00,N2C_1,12.00,171.23,179.39
2940.00,N2C_2,11.00,127.75,153.16
2940.00,N2C_3,14.00,174.88,233.18
2940.00,S2C_1,9.00,154.85,239.74
2940.00,S2C_2,73.00,212.74,234.64
2940.00,S2C_3,9.00,18.91,37.90
2940.00,W2C_1,36.00,221.20,279.41
2940.00,W2C_2,35.00,284.23,284.23
2940.00,W2C_3,16.00,58.97,58.97
3000.00,:Center_3_0,4.00,12.54,12.54
3000.00,:Center_11_0,9.00,17.80,17.80
3000.00,E2C_0,5.00,3.20,3.20
3000.00,E2C_1,17.00,182.28,208.09
3000.00,E2C_2,17.00,135.08,203.27
3000.00,E2C_3,13.00,59.57,59.57
3000.00,N2C_1,15.00,134.51,169.19
3000.00,N2C_2,15.00,111.51,176.79
3000.00,N2C_3,10.00,126.31,248.72
3000.00,S2C_0,1.00,483.04,0.00
3000.00,S2C_1,11.00,235.82,235.82
3000.00,S2C_2,16.00,228.23,235.40
3000.00,S2C_3,0.00,0.00,26.20
3000.00,W2C_0,18.00,2.20,13.30
3000.00,W2C_1,18.00,262.43,308.10
3000.00,W2C_2,25.00,317.45,317.45
3000.00,W2C_3,19.00,38.91,38.91
3060.00,:Center_3_0,2.00,2.33,13.71
3060.00,:Center_11_0,0.00,0.00,4.61
3060.00,E2C_0,8.00,8.50,8.50
3060.00,E2C_1,13.00,155.29,203.02
3060.00,E2C_2,13.00,146.76,201.80
3060.00,E2C_3,16.00,54.92,65.30
3060.00,N2C_1,7.00,107.36,135.70
3060.00,N2C_2,21.00,197.61,197.61
3060.00,N2C_3,32.00,226.63,237.63
3060.00,S2C_1,9.00,197.91,252.43
3060.00,S2C_2,9.00,180.87,258.15
3060.00,W2C_0,78.00,13.20,13.20
3060.00,W2C_1,21.00,257.51,320.22
3060.00,W2C_2,21.00,316.51,316.51
3060.00,W2C_3,13.00,30.95,66.27
3120.00,:Center_11_0,0.00,0.00,4.78
3120.00,E2C_0,3.00,3.20,3.20
3120.00,E2C_1,12.00,163.93,177.09
3120.00,E2C_2,11.00,138.12,181.35
3120.00,E2C_3,11.00,45.88,82.54
3120.00,N2C_1,13.00,211.19,211.19
3120.00,N2C_2,15.00,194.77,211.69
3120.00,N2C_3,15.00,254.99,254.99
3120.00,S2C_0,14.00,33.09,36.78
3120.00,S2C_1,15.00,226.91,252.81
3120.00,S2C_2,12.00,189.00,267.20
3120.00,W2C_0,14.00,6.17,6.17
3120.00,W2C_1,9.00,121.68,367.38
3120.00,W2C_2,10.00,140.25,350.12
3120.00,W2C_3,14.00,43.71,53.18
3180.00,:Center_3_0,0.00,0.00,2.32
3180.00,E2C_0,1.00,5.50,5.50
3180.00,E2C_1,11.00,148.41,166.46
3180.00,E2C_2,14.00,163.71,171.00
3180.00,E2C_3,12.00,20.61,92.33
3180.00,N2C_1,21.00,205.56,205.56
3180.00,N2C_2,11.00,167.99,194.98
3180.00,N2C_3,10.00,229.85,260.18
3180.00,S2C_1,9.00,189.91,278.30
3180.00,S2C_2,9.00,186.24,286.58
3180.00,W2C_0,0.00,0.00,4.87
3180.00,W2C_1,10.00,99.62,335.07
3180.00,W2C_2,12.00,266.43,297.14
3180.00,W2C_3,11.00,22.24,30.06
3240.00,:Center_3_0,2.00,9.61,9.61
3240.00,:Center_11_0,25.00,12.50,0.00
3240.00,:Center_15_0,1.00,8.99,8.99
3240.00,E2C_1,18.00,135.96,155.14
3240.00,E2C_2,17.00,150.22,150.22
3240.00,E2C_3,0.00,0.00,76.25
3240.00,N2C_0,11.00,10.01,10.01
3240.00,N2C_1,16.00,207.85,212.41
3240.00,N2C_2,22.00,185.04,207.47
3240.00,N2C_3,21.00,213.45,255.70
3240.00,S2C_0,0.00,0.00,3.35
3240.00,S2C_1,16.00,172.17,288.65
3240.00,S2C_2,18.00,169.03,285.44
3240.00,S2C_3,13.00,12.50,12.50
3240.00,W2C_0,17.00,23.92,23.92
3240.00,W2C_1,22.00,273.50,316.39
3240.00,W2C_2,19.00,251.98,327.42
3300.00,E2C_1,22.00,197.95,197.95
3300.00,E2C_2,12.00,91.02,194.99
3300.00,E2C_3,9.00,51.38,51.38
3300.00,N2C_1,25.00,178.32,230.38
3300.00,N2C_2,13.00,230.14,233.38
3300.00,N2C_3,11.00,148.04,244.95
3300.00,S2C_0,3.00,4.00,4.00
3300.00,S2C_1,22.00,216.93,294.30
3300.00,S2C_2,15.00,262.30,293.80
3300.00,S2C_3,8.00,13.89,13.89
3300.00,W2C_0,3.00,30.83,30.83
3300.00,W2C_1,47.00,325.53,330.09
3300.00,W2C_2,19.00,294.13,326.81
3360.00,:Center_3_0,6.00,11.11,11.11
3360.00,:Center_11_0,0.00,0.00,3.94
3360.00,E2C_0,9.00,7.70,7.70
3360.00,E2C_1,18.00,169.49,176.56
3360.00,E2C_2,15.00,166.88,177.45
3360.00,E2C_3,14.00,17.78,17.78
3360.00,N2C_1,13.00,240.77,240.77
3360.00,N2C_2,11.00,210.75,233.51
3360.00,N2C_3,15.00,263.52,263.52
3360.00,S2C_0,0.00,0.00,21.31
3360.00,S2C_1,20.00,184.35,297.77
3360.00,S2C_2,13.00,303.62,303.62
3360.00,W2C_0,10.00,20.24,20.24
3360.00,W2C_1,19.00,217.79,326.62
3360.00,W2C_2,16.00,281.74,332.06
3360.00,W2C_3,16.00,34.96,34.96
3420.00,:Center_3_0,3.00,2.30,8.98
3420.00,:Center_11_0,0.00,0.00,12.12
3420.00,E2C_1,12.00,136.29,186.56
3420.00,E2C_2,13.00,180.41,184.99
3420.00,E2C_3,7.00,28.71,43.25
3420.00,N2C_1,12.00,208.45,221.49
3420.00,N2C_2,9.00,185.93,219.16
3420.00,N2C_3,4.00,87.04,252.78
3420.00,S2C_1,9.00,319.89,319.89
3420.00,S2C_2,12.00,308.08,327.51
3420.00,W2C_0,11.00,27.41,27.41
3420.00,W2C_1,9.00,282.05,322.56
3420.00,W2C_2,13.00,138.12,332.97
3420.00,W2C_3,43.00,43.31,43.31
3480.00,:Center_7_0,3.00,8.10,8.10
3480.00,:Center_11_0,0.00,0.00,8.62
3480.00,E2C_0,0.00,0.00,3.72
3480.00,E2C_1,7.00,137.54,175.75
3480.00,E2C_2,11.00,145.93,203.69
3480.00,E2C_3,3.00,12.28,37.59
3480.00,N2C_1,14.00,183.44,199.36
3480.00,N2C_2,13.00,148.76,198.61
3480.00,N2C_3,8.00,190.93,240.10
3480.00,S2C_1,12.00,179.26,323.16
3480.00,S2C_2,11.00,189.53,322.34
3480.00,S2C_3,0.00,0.00,21.17
3480.00,W2C_1,16.00,290.29,340.38
3480.00,W2C_2,13.00,243.08,341.35
3480.00,W2C_3,10.00,17.23,82.94
3540.00,:Center_7_0,2.00,7.80,11.31
3540.00,:Center_11_0,5.00,12.10,12.10
3540.00,:Center_15_0,3.00,2.30,11.09
3540.00,E2C_0,0.00,0.00,5.60
3540.00,E2C_1,17.00,146.80,168.95
3540.00,E2C_2,19.00,147.72,171.39
3540.00,E2C_3,1.00,2.75,2.75
3540.00,N2C_0,10.00,13.00,13.00
3540.00,N2C_1,42.00,219.29,219.29
3540.00,N2C_2,41.00,215.26,215.26
3540.00,N2C_3,10.00,196.38,233.34
3540.00,S2C_0,12.00,28.27,28.27
3540.00,S2C_1,13.00,188.90,298.39
3540.00,S2C_2,14.00,156.77,287.19
3540.00,S2C_3,0.00,0.00,5.55
3540.00,W2C_0,23.00,34.58,34.58
3540.00,W2C_1,25.00,268.38,347.93
3540.00,W2C_2,20.00,243.48,355.59
3540.00,W2C_3,20.00,106.23,106.23
3600.00,:Center_7_0,5.00,11.61,11.61
3600.00,:Center_15_0,1.00,2.42,9.46
3600.00,E2C_1,10.00,108.32,179.10
3600.00,E2C_2,13.00,122.69,179.50
3600.00,N2C_1,11.00,259.05,259.05
3600.00,N2C_2,13.00,258.52,258.52
3600.00,N2C_3,22.00,209.98,221.18
3600.00,S2C_0,0.00,0.00,4.10
3600.00,S2C_1,25.00,270.00,280.48
3600.00,S2C_2,26.00,226.25,274.09
3600.00,S2C_3,7.00,3.20,3.20
3600.00,W2C_0,1.00,3.00,57.96
3600.00,W2C_1,24.00,368.56,368.56
3600.00,W2C_2,30.00,347.02,361.31
3600.00,W2C_3,9.00,111.18,114.49
3660.00,:Center_7_0,1.00,2.32,2.32
3660.00,:Center_11_0,3.00,2.30,2.30
3660.00,:Center_15_0,0.00,0.00,7.30
3660.00,E2C_1,26.00,164.15,164.15
3660.00,E2C_2,28.00,163.76,163.76
3660.00,N2C_1,11.00,124.48,252.81
3660.00,N2C_2,8.00,199.67,247.34
3660.00,N2C_3,13.00,152.83,226.67
3660.00,S2C_0,3.00,4.00,11.52
3660.00,S2C_1,24.00,292.45,292.45
3660.00,S2C_2,31.00,290.65,297.91
3660.00,S2C_3,13.00,5.46,5.46
3660.00,W2C_0,16.00,55.16,66.44
3660.00,W2C_1,14.00,234.11,360.57
3660.00,W2C_2,10.00,204.05,356.02
3660.00,W2C_3,13.00,148.59,148.59
3720.00,:Center_11_0,10.00,15.30,0.00
3720.00,E2C_0,1.00,3.35,10.51
3720.00,E2C_1,13.00,159.23,159.23
3720.00,E2C_2,16.00,182.98,182.98
3720.00,N2C_1,14.00,219.64,219.64
3720.00,N2C_2,11.00,117.20,225.19
3720.00,N2C_3,12.00,204.30,204.30
3720.00,S2C_0,2.00,3.22,7.24
3720.00,S2C_1,59.00,272.72,304.07
3720.00,S2C_2,42.00,207.49,304.14
3720.00,S2C_3,22.00,21.02,21.02
3720.00,W2C_0,76.00,68.55,68.55
3720.00,W2C_1,67.00,424.79,364.13
3720.00,W2C_2,68.00,294.66,359.24
3720.00,W2C_3,37.00,109.95,109.95
3780.00,:Center_15_0,0.00,0.00,8.11
3780.00,E2C_1,17.00,99.97,132.14
3780.00,E2C_2,9.00,110.77,142.51
3780.00,E2C_3,0.00,0.00,50.88
3780.00,N2C_1,12.00,161.49,208.76
3780.00,N2C_2,13.00,151.59,201.58
3780.00,N2C_3,17.00,164.89,188.60
3780.00,S2C_0,2.00,15.40,23.75
3780.00,S2C_1,20.00,258.44,317.05
3780.00,S2C_2,11.00,183.42,317.68
3780.00,S2C_3,19.00,181.93,181.93
3780.00,W2C_0,7.00,78.29,78.29
3780.00,W2C_1,13.00,420.40,363.56
3780.00,W2C_2,10.00,245.14,362.99
3780.00,W2C_3,23.00,223.00,227.67
3840.00,:Center_7_0,22.00,14.50,11.30
3840.00,:Center_15_0,0.00,0.00,2.37
3840.00,E2C_1,13.00,70.40,91.26
3840.00,E2C_2,5.00,76.93,91.43
3840.00,E2C_3,3.00,8.15,11.41
3840.00,N2C_0,5.00,5.50,5.50
3840.00,N2C_1,24.00,140.20,164.62
3840.00,N2C_2,24.00,119.94,182.94
3840.00,N2C_3,15.00,157.23,190.20
3840.00,S2C_1,17.00,317.39,334.23
3840.00,S2C_2,16.00,347.76,347.76
3840.00,S2C_3,14.00,18.79,18.79
3840.00,W2C_0,19.00,74.51,74.51
3840.00,W2C_1,18.00,370.28,370.28
3840.00,W2C_2,12.00,361.87,361.87
3840.00,W2C_3,52.00,244.19,244.19
3900.00,:Center_15_0,1.00,2.31,2.31
3900.00,E2C_1,9.00,72.61,79.63
3900.00,E2C_2,12.00,60.96,94.47
3900.00,N2C_1,21.00,213.31,213.31
3900.00,N2C_2,29.00,210.15,210.15
3900.00,N2C_3,9.00,127.06,192.05
3900.00,S2C_0,3.00,280.35,280.35
3900.00,S2C_1,8.00,287.44,354.02
3900.00,S2C_2,10.00,313.03,353.45
3900.00,S2C_3,7.00,26.52,40.06
3900.00,W2C_0,58.00,70.62,70.62
3900.00,W2C_1,9.00,422.73,359.02
3900.00,W2C_2,15.00,425.83,362.61
3900.00,W2C_3,112.00,275.60,275.60
3960.00,:Center_3_0,9.00,16.10,11.60
3960.00,:Center_11_0,8.00,12.50,9.30
3960.00,E2C_1,15.00,51.07,67.76
3960.00,E2C_2,12.00,38.11,41.55
3960.00,N2C_1,24.00,214.45,214.45
3960.00,N2C_2,28.00,210.25,210.25
3960.00,N2C_3,2.00,89.05,178.63
3960.00,S2C_0,11.00,283.63,283.63
3960.00,S2C_1,10.00,291.67,347.48
3960.00,S2C_2,12.00,316.36,354.75
3960.00,S2C_3,2.00,9.28,12.78
3960.00,W2C_0,27.00,101.82,101.82
3960.00,W2C_1,13.00,403.62,363.48
3960.00,W2C_2,15.00,452.47,366.80
3960.00,W2C_3,18.00,292.33,292.33
4020.00,:Center_3_0,1.00,4.60,20.13
4020.00,:Center_11_0,32.00,12.50,9.30
4020.00,E2C_1,31.00,103.97,103.97
4020.00,E2C_2,34.00,101.77,101.77
4020.00,N2C_1,8.00,166.73,212.67
4020.00,N2C_2,9.00,173.49,212.72
4020.00,N2C_3,13.00,148.31,148.31
4020.00,S2C_0,31.00,59.98,59.98
4020.00,S2C_1,28.00,161.60,354.38
4020.00,S2C_2,26.00,279.93,341.63
4020.00,S2C_3,3.00,38.19,45.27
4020.00,W2C_0,15.00,108.30,108.30
4020.00,W2C_1,23.00,367.93,363.35
4020.00,W2C_2,23.00,347.24,365.66
4020.00,W2C_3,44.00,164.83,164.83
4080.00,:Center_3_0,0.00,0.00,8.16
4080.00,:Center_11_0,2.00,13.39,13.39
4080.00,E2C_1,28.00,129.42,129.42
4080.00,E2C_2,4.00,6.43,122.23
4080.00,E2C_3,11.00,96.89,103.89
4080.00,N2C_0,28.00,19.85,19.85
4080.00,N2C_1,32.00,134.94,198.31
4080.00,N2C_2,33.00,139.03,212.76
4080.00,N2C_3,24.00,148.70,148.70
4080.00,S2C_0,0.00,0.00,20.13
4080.00,S2C_1,18.00,481.58,337.72
4080.00,S2C_2,13.00,335.13,335.13
4080.00,S2C_3,13.00,42.22,48.88
4080.00,W2C_0,6.00,94.11,98.80
4080.00,W2C_1,26.00,448.54,362.69
4080.00,W2C_2,104.00,394.52,361.72
4080.00,W2C_3,50.00,181.04,181.04
4140.00,E2C_1,9.00,123.75,123.75
4140.00,E2C_2,11.00,107.94,126.56
4140.00,E2C_3,4.00,5.50,21.11
4140.00,N2C_0,6.00,22.42,22.42
4140.00,N2C_1,29.00,216.04,216.04
4140.00,N2C_2,11.00,135.04,218.63
4140.00,N2C_3,7.00,135.68,167.52
4140.00,S2C_1,12.00,267.22,348.25
4140.00,S2C_2,11.00,65.18,338.32
4140.00,S2C_3,11.00,24.71,24.71
4140.00,W2C_0,16.00,149.27,149.27
4140.00,W2C_1,23.00,364.63,361.23
4140.00,W2C_2,19.00,388.00,370.22
4140.00,W2C_3,19.00,201.47,201.47
4200.00,:Center_7_0,0.00,0.00,14.54
4200.00,E2C_1,13.00,134.30,134.30
4200.00,E2C_2,9.00,112.83,143.66
4200.00,E2C_3,0.00,0.00,14.32
4200.00,N2C_0,9.00,14.25,14.25
4200.00,N2C_1,19.00,113.44,196.99
4200.00,N2C_2,16.00,178.72,194.11
4200.00,N2C_3,22.00,175.91,185.23
4200.00,S2C_0,11.00,35.24,48.50
4200.00,S2C_1,16.00,132.10,308.05
4200.00,S2C_2,16.00,34.13,309.56
4200.00,S2C_3,16.00,47.74,47.74
4200.00,W2C_0,0.00,0.00,44.07
4200.00,W2C_1,22.00,424.55,372.92
4200.00,W2C_2,28.00,422.88,361.61
4200.00,W2C_3,59.00,213.17,217.70
4260.00,E2C_1,20.00,87.89,107.15
4260.00,E2C_2,16.00,157.57,162.25
4260.00,E2C_3,0.00,0.00,7.54
4260.00,N2C_1,19.00,91.64,142.60
4260.00,N2C_2,21.00,77.39,168.62
4260.00,N2C_3,8.00,22.56,168.26
4260.00,S2C_0,3.00,5.50,17.36
4260.00,S2C_1,6.00,118.43,254.62
4260.00,S2C_2,7.00,109.11,269.29
4260.00,S2C_3,13.00,92.15,92.15
4260.00,W2C_0,20.00,131.53,131.53
4260.00,W2C_1,16.00,482.00,362.88
4260.00,W2C_2,47.00,373.80,363.40
4260.00,W2C_3,55.00,196.13,199.53
4320.00,:Center_3_0,7.00,18.84,7.81
4320.00,:Center_11_0,1.00,3.15,11.95
4320.00,E2C_1,12.00,149.61,149.61
4320.00,E2C_2,13.00,139.26,151.34
4320.00,E2C_3,14.00,15.70,15.70
4320.00,N2C_1,30.00,191.65,191.65
4320.00,N2C_2,22.00,189.06,204.62
4320.00,N2C_3,14.00,92.17,128.35
4320.00,S2C_1,11.00,195.25,246.37
4320.00,S2C_2,10.00,189.09,233.99
4320.00,S2C_3,0.00,0.00,12.55
4320.00,W2C_0,28.00,177.94,184.96
4320.00,W2C_1,25.00,474.66,362.63
4320.00,W2C_2,25.00,463.11,361.32
4320.00,W2C_3,103.00,207.09,207.09
4380.00,:Center_3_0,0.00,0.00,11.24
4380.00,:Center_7_0,0.00,0.00,3.20
4380.00,E2C_1,9.00,130.29,161.52
4380.00,E2C_2,9.00,146.89,146.89
4380.00,N2C_1,13.00,192.76,196.94
4380.00,N2C_2,12.00,162.05,194.51
4380.00,N2C_3,15.00,97.72,141.45
4380.00,S2C_0,11.00,25.67,25.67
4380.00,S2C_1,13.00,169.02,230.80
4380.00,S2C_2,17.00,154.52,225.36
4380.00,S2C_3,0.00,0.00,35.65
4380.00,W2C_0,34.00,458.72,275.01
4380.00,W2C_1,30.00,476.30,371.81
4380.00,W2C_2,31.00,471.90,361.47
4380.00,W2C_3,12.00,185.42,185.42
4440.00,:Center_3_0,0.00,0.00,12.37
4440.00,E2C_0,3.00,13.00,13.00
4440.00,E2C_1,7.00,150.23,150.23
4440.00,E2C_2,11.00,109.42,153.32
4440.00,N2C_1,32.00,208.41,208.41
4440.00,N2C_2,29.00,205.39,208.99
4440.00,N2C_3,13.00,44.56,121.37
4440.00,S2C_0,28.00,25.41,25.41
4440.00,S2C_1,17.00,177.13,242.18
4440.00,S2C_2,11.00,123.86,227.77
4440.00,S2C_3,18.00,27.57,27.57
4440.00,W2C_0,51.00,349.62,349.62
4440.00,W2C_1,56.00,472.76,367.05
4440.00,W2C_2,6.00,467.44,362.46
4440.00,W2C_3,16.00,226.67,226.67
4500.00,:Center_15_0,0.00,0.00,4.70
4500.00,E2C_1,10.00,127.30,131.06
4500.00,E2C_2,31.00,103.25,125.81
4500.00,E2C_3,27.00,37.53,37.53
4500.00,N2C_0,8.00,4.00,4.00
4500.00,N2C_1,13.00,214.61,222.04
4500.00,N2C_2,13.00,153.28,229.47
4500.00,N2C_3,15.00,137.70,137.70
4500.00,S2C_0,14.00,24.11,24.11
4500.00,S2C_1,21.00,248.66,248.66
4500.00,S2C_2,17.00,130.19,247.10
4500.00,S2C_3,16.00,32.25,32.25
4500.00,W2C_0,70.00,437.16,355.08
4500.00,W2C_1,22.00,467.63,364.89
4500.00,W2C_2,21.00,453.43,363.39
4500.00,W2C_3,27.00,216.52,216.52
4560.00,:Center_7_0,3.00,3.10,6.63
4560.00,E2C_1,13.00,103.32,103.32
4560.00,E2C_2,9.00,71.59,100.64
4560.00,E2C_3,3.00,37.22,37.22
4560.00,N2C_0,10.00,23.89,23.89
4560.00,N2C_1,21.00,126.10,224.31
4560.00,N2C_2,24.00,121.96,211.04
4560.00,N2C_3,12.00,119.64,119.64
4560.00,S2C_0,8.00,10.20,10.20
4560.00,S2C_1,10.00,261.69,261.69
4560.00,S2C_2,12.00,132.14,259.59
4560.00,S2C_3,49.00,48.51,51.74
4560.00,W2C_0,72.00,478.78,361.45
4560.00,W2C_1,23.00,474.68,361.05
4560.00,W2C_2,28.00,455.28,361.50
4560.00,W2C_3,39.00,183.00,183.00
4620.00,:Center_3_0,6.00,13.35,10.03
4620.00,:Center_11_0,3.00,11.61,11.61
4620.00,E2C_0,17.00,3.20,3.20
4620.00,E2C_1,17.00,36.33,84.97
4620.00,E2C_2,21.00,45.52,92.63
4620.00,E2C_3,22.00,44.35,44.35
4620.00,N2C_0,1.00,5.51,9.33
4620.00,N2C_1,36.00,225.65,225.65
4620.00,N2C_2,37.00,223.54,223.54
4620.00,N2C_3,4.00,80.49,124.82
4620.00,S2C_0,0.00,0.00,35.63
4620.00,S2C_1,6.00,210.79,245.34
4620.00,S2C_2,9.00,223.57,250.83
4620.00,S2C_3,0.00,0.00,58.14
4620.00,W2C_0,44.00,473.04,362.01
4620.00,W2C_1,31.00,437.06,365.06
4620.00,W2C_2,22.00,459.71,361.56
4620.00,W2C_3,42.00,161.00,161.00
4680.00,:Center_3_0,5.00,4.60,11.41
4680.00,:Center_11_0,2.00,4.60,7.90
4680.00,E2C_0,16.00,25.70,25.70
4680.00,E2C_1,14.00,40.93,95.61
4680.00,E2C_2,15.00,27.03,97.20
4680.00,E2C_3,9.00,39.22,39.22
4680.00,N2C_0,2.00,18.72,18.72
4680.00,N2C_1,12.00,100.09,256.75
4680.00,N2C_2,14.00,91.03,258.93
4680.00,N2C_3,14.00,107.14,107.14
4680.00,S2C_0,6.00,49.27,49.27
4680.00,S2C_1,16.00,156.10,232.70
4680.00,S2C_2,12.00,176.06,232.53
4680.00,S2C_3,0.00,0.00,62.75
4680.00,W2C_0,69.00,476.44,364.52
4680.00,W2C_1,15.00,454.41,372.91
4680.00,W2C_2,18.00,438.58,361.98
4680.00,W2C_3,39.00,117.32,117.32
4740.00,:Center_3_0,0.00,0.00,7.80
4740.00,:Center_11_0,3.00,15.12,8.10
4740.00,E2C_0,13.00,5.50,5.50
4740.00,E2C_1,14.00,61.25,114.49
4740.00,E2C_2,14.00,111.87,111.87
4740.00,E2C_3,16.00,39.11,39.11
4740.00,N2C_0,0.00,0.00,20.86
4740.00,N2C_1,7.00,65.41,248.39
4740.00,N2C_2,9.00,206.22,250.25
4740.00,N2C_3,10.00,95.22,113.60
4740.00,S2C_0,16.00,51.98,59.08
4740.00,S2C_1,12.00,196.25,244.34
4740.00,S2C_2,10.00,181.29,221.39
4740.00,S2C_3,0.00,0.00,46.20
4740.00,W2C_0,36.00,476.58,366.17
4740.00,W2C_1,27.00,467.91,368.35
4740.00,W2C_2,50.00,470.14,362.48
4740.00,W2C_3,18.00,36.53,39.84
4800.00,E2C_1,35.00,140.33,140.33
4800.00,E2C_2,35.00,139.73,139.73
4800.00,E2C_3,7.00,20.33,41.81
4800.00,N2C_1,17.00,182.68,233.37
4800.00,N2C_2,9.00,205.19,233.06
4800.00,N2C_3,17.00,65.24,110.73
4800.00,S2C_0,14.00,30.42,30.42
4800.00,S2C_1,14.00,169.14,243.81
4800.00,S2C_2,15.00,167.35,254.50
4800.00,S2C_3,25.00,32.25,32.25
4800.00,W2C_0,44.00,478.28,131.77
4800.00,W2C_1,13.00,469.02,363.91
4800.00,W2C_2,26.00,378.46,360.88
4800.00,W2C_3,21.00,73.55,73.55
4860.00,:Center_3_0,7.00,4.51,4.51
4860.00,:Center_7_0,3.00,2.31,10.68
4860.00,E2C_1,46.00,149.24,149.24
4860.00,E2C_2,66.00,147.33,147.33
4860.00,E2C_3,0.00,0.00,57.27
4860.00,N2C_0,6.00,3.20,3.20
4860.00,N2C_1,18.00,157.26,222.68
4860.00,N2C_2,20.00,176.69,209.95
4860.00,N2C_3,13.00,118.74,118.74
4860.00,S2C_0,11.00,12.50,12.50
4860.00,S2C_1,17.00,175.77,249.78
4860.00,S2C_2,10.00,151.92,228.01
4860.00,S2C_3,6.00,12.85,16.37
4860.00,W2C_0,36.00,473.70,222.31
4860.00,W2C_1,20.00,421.64,363.01
4860.00,W2C_2,27.00,396.83,363.03
4860.00,W2C_3,5.00,81.21,88.22
4920.00,:Center_3_0,2.00,2.32,5.61
4920.00,:Center_11_0,0.00,0.00,12.11
4920.00,E2C_0,6.00,14.20,14.20
4920.00,E2C_1,14.00,168.90,168.90
4920.00,E2C_2,14.00,159.83,166.82
4920.00,E2C_3,13.00,60.78,65.47
4920.00,N2C_1,21.00,235.84,235.84
4920.00,N2C_2,21.00,242.64,242.64
4920.00,N2C_3,7.00,80.96,215.35
4920.00,S2C_0,13.00,16.65,16.65
4920.00,S2C_1,12.00,217.98,253.94
4920.00,S2C_2,23.00,219.30,253.36
4920.00,S2C_3,27.00,24.96,24.96
4920.00,W2C_0,14.00,482.16,346.92
4920.00,W2C_1,13.00,475.59,366.51
4920.00,W2C_2,13.00,474.61,360.57
4920.00,W2C_3,9.00,66.94,66.94
4980.00,:Center_11_0,0.00,0.00,5.04
4980.00,E2C_1,11.00,133.35,167.63
4980.00,E2C_2,11.00,116.36,181.14
4980.00,E2C_3,13.00,53.53,68.01
4980.00,N2C_1,35.00,228.18,255.00
4980.00,N2C_2,35.00,212.62,255.38
4980.00,N2C_3,27.00,145.90,145.90
4980.00,S2C_1,10.00,253.11,271.40
4980.00,S2C_2,11.00,267.37,267.37
4980.00,S2C_3,0.00,0.00,28.71
4980.00,W2C_0,37.00,446.09,93.22
4980.00,W2C_1,11.00,467.63,348.88
4980.00,W2C_2,12.00,450.42,361.11
4980.00,W2C_3,24.00,100.74,100.74
5040.00,E2C_1,12.00,115.14,152.50
5040.00,E2C_2,6.00,98.61,126.11
5040.00,E2C_3,6.00,32.85,87.41
5040.00,N2C_0,0.00,0.00,13.48
5040.00,N2C_1,19.00,194.84,272.42
5040.00,N2C_2,22.00,240.62,281.98
5040.00,N2C_3,23.00,105.67,146.06
5040.00,S2C_0,14.00,3.20,3.20
5040.00,S2C_1,23.00,186.15,250.19
5040.00,S2C_2,20.00,157.13,287.32
5040.00,S2C_3,16.00,10.90,10.90
5040.00,W2C_0,19.00,173.66,176.99
5040.00,W2C_1,12.00,426.88,359.58
5040.00,W2C_2,6.00,375.18,356.27
5040.00,W2C_3,22.00,131.10,131.10
5100.00,:Center_7_0,3.00,12.10,12.10
5100.00,:Center_11_0,2.00,4.60,4.60
5100.00,:Center_15_0,3.00,5.51,5.51
5100.00,E2C_1,12.00,161.98,161.98
5100.00,E2C_2,15.00,84.64,167.93
5100.00,E2C_3,10.00,73.36,76.91
5100.00,N2C_0,7.00,3.20,3.20
5100.00,N2C_1,14.00,183.46,277.68
5100.00,N2C_2,12.00,172.16,273.46
5100.00,N2C_3,18.00,130.22,130.22
5100.00,S2C_0,11.00,28.00,28.00
5100.00,S2C_1,12.00,151.67,253.35
5100.00,S2C_2,9.00,158.64,262.24
5100.00,S2C_3,4.00,4.00,4.00
5100.00,W2C_0,17.00,233.11,233.11
5100.00,W2C_1,15.00,382.39,362.43
5100.00,W2C_2,12.00,411.76,361.58
5100.00,W2C_3,66.00,181.47,181.47
5160.00,:Center_3_0,7.00,8.88,8.88
5160.00,:Center_7_0,4.00,3.10,3.10
5160.00,:Center_11_0,3.00,4.61,8.38
5160.00,E2C_1,14.00,143.60,143.60
5160.00,E2C_2,13.00,140.78,140.78
5160.00,E2C_3,7.00,52.79,78.99
5160.00,N2C_1,15.00,272.83,272.83
5160.00,N2C_2,14.00,250.49,273.62
5160.00,N2C_3,15.00,102.05,102.05
5160.00,S2C_1,18.00,125.97,259.56
5160.00,S2C_2,17.00,240.31,265.87
5160.00,W2C_0,39.00,479.19,295.30
5160.00,W2C_1,44.00,463.01,361.50
5160.00,W2C_2,13.00,403.12,369.65
5160.00,W2C_3,39.00,205.49,209.31
5220.00,:Center_11_0,0.00,0.00,9.62
5220.00,E2C_0,0.00,0.00,5.54
5220.00,E2C_1,11.00,129.90,129.90
5220.00,E2C_2,10.00,123.25,128.09
5220.00,E2C_3,9.00,40.78,70.97
5220.00,N2C_1,70.00,286.64,286.64
5220.00,N2C_2,72.00,289.15,289.15
5220.00,N2C_3,14.00,78.62,112.12
5220.00,S2C_0,11.00,20.13,20.13
5220.00,S2C_1,16.00,221.87,251.03
5220.00,S2C_2,15.00,215.27,248.97
5220.00,S2C_3,8.00,228.04,228.04
5220.00,W2C_0,99.00,360.47,360.47
5220.00,W2C_1,24.00,446.62,360.08
5220.00,W2C_2,14.00,383.25,352.05
5220.00,W2C_3,27.00,229.27,229.27
5280.00,:Center_7_0,8.00,13.23,10.00
5280.00,E2C_1,3.00,125.61,143.90
5280.00,E2C_2,7.00,110.02,137.11
5280.00,E2C_3,3.00,70.40,70.40
5280.00,N2C_0,10.00,5.50,5.50
5280.00,N2C_1,57.00,314.65,314.65
5280.00,N2C_2,77.00,321.76,321.76
5280.00,N2C_3,21.00,118.33,132.40
5280.00,S2C_0,7.00,3.20,3.20
5280.00,S2C_1,18.00,212.90,243.68
5280.00,S2C_2,14.00,173.33,247.75
5280.00,S2C_3,17.00,22.50,22.50
5280.00,W2C_0,151.00,446.66,373.89
5280.00,W2C_1,26.00,481.58,366.41
5280.00,W2C_2,17.00,262.20,360.52
5280.00,W2C_3,32.00,216.72,220.01
5340.00,:Center_3_0,12.00,14.80,7.11
5340.00,E2C_0,18.00,9.00,9.00
5340.00,E2C_1,23.00,102.15,106.74
5340.00,E2C_2,23.00,99.66,110.35
5340.00,E2C_3,27.00,61.88,61.88
5340.00,N2C_1,74.00,342.48,342.48
5340.00,N2C_2,67.00,336.70,336.70
5340.00,N2C_3,67.00,225.43,228.76
5340.00,S2C_1,5.00,148.97,186.17
5340.00,S2C_2,3.00,228.30,235.37
5340.00,S2C_3,4.00,5.95,9.56
5340.00,W2C_0,42.00,481.73,128.74
5340.00,W2C_1,29.00,468.50,373.38
5340.00,W2C_2,22.00,433.78,363.92
5340.00,W2C_3,26.00,233.25,233.25
5400.00,:Center_7_0,18.00,14.82,7.80
5400.00,E2C_1,10.00,83.58,111.83
5400.00,E2C_2,10.00,106.14,123.02
5400.00,E2C_3,1.00,59.70,66.77
5400.00,N2C_0,30.00,37.66,37.66
5400.00,N2C_1,26.00,231.61,336.53
5400.00,N2C_2,27.00,200.28,333.95
5400.00,N2C_3,18.00,249.42,272.77
5400.00,S2C_0,5.00,8.83,8.83
5400.00,S2C_1,19.00,189.84,189.84
5400.00,S2C_2,24.00,174.45,186.40
5400.00,S2C_3,18.00,31.11,31.11
5400.00,W2C_0,29.00,414.64,336.02
5400.00,W2C_1,12.00,470.06,370.36
5400.00,W2C_2,89.00,210.69,351.10
5400.00,W2C_3,86.00,241.65,241.65
5460.00,:Center_7_0,14.00,17.80,17.80
5460.00,E2C_1,2.00,5.50,25.76
5460.00,E2C_2,1.00,3.26,8.43
5460.00,E2C_3,10.00,35.07,51.27
5460.00,N2C_0,31.00,69.43,84.69
5460.00,N2C_1,41.00,337.81,337.81
5460.00,N2C_2,37.00,344.47,344.47
5460.00,N2C_3,26.00,286.73,286.73
5460.00,S2C_0,26.00,15.70,15.70
5460.00,S2C_1,26.00,94.33,207.51
5460.00,S2C_2,25.00,200.61,212.42
5460.00,S2C_3,26.00,27.91,27.91
5460.00,W2C_0,70.00,397.69,362.31
5460.00,W2C_1,25.00,460.69,366.66
5460.00,W2C_2,149.00,392.53,363.22
5460.00,W2C_3,146.00,204.15,213.32
5520.00,:Center_3_0,11.00,14.51,11.31
5520.00,:Center_11_0,2.00,12.62,12.62
5520.00,E2C_0,1.00,10.01,10.01
5520.00,E2C_1,14.00,26.57,42.31
5520.00,E2C_2,12.00,32.31,32.31
5520.00,E2C_3,31.00,45.05,45.05
5520.00,N2C_0,27.00,96.83,96.83
5520.00,N2C_1,33.00,334.88,361.48
5520.00,N2C_2,28.00,309.41,360.63
5520.00,N2C_3,44.00,228.48,228.48
5520.00,S2C_0,5.00,6.22,9.80
5520.00,S2C_1,19.00,163.13,190.72
5520.00,S2C_2,23.00,139.62,183.97
5520.00,S2C_3,3.00,5.67,5.67
5520.00,W2C_0,35.00,478.11,364.61
5520.00,W2C_1,61.00,463.63,361.91
5520.00,W2C_2,209.00,181.55,361.14
5520.00,W2C_3,206.00,237.85,237.85
5580.00,:Center_3_0,7.00,10.83,10.83
5580.00,:Center_11_0,8.00,15.60,15.60
5580.00,E2C_0,14.00,20.01,20.01
5580.00,E2C_1,8.00,8.70,8.70
5580.00,E2C_2,4.00,6.41,6.41
5580.00,E2C_3,16.00,60.64,60.64
5580.00,N2C_0,44.00,149.81,149.81
5580.00,N2C_1,32.00,390.32,363.85
5580.00,N2C_2,42.00,375.15,364.94
5580.00,N2C_3,31.00,261.84,314.97
5580.00,S2C_0,2.00,3.20,3.20
5580.00,S2C_1,36.00,220.03,220.03
5580.00,S2C_2,26.00,182.07,204.66
5580.00,S2C_3,0.00,0.00,3.89
5580.00,W2C_0,17.00,393.27,363.72
5580.00,W2C_1,54.00,459.55,365.64
5580.00,W2C_2,269.00,316.95,365.21
5580.00,W2C_3,266.00,236.55,236.55
5640.00,:Center_11_0,0.00,0.00,10.25
5640.00,E2C_1,3.00,10.90,10.90
5640.00,E2C_2,2.00,10.92,10.92
5640.00,E2C_3,10.00,11.90,11.90
5640.00,N2C_0,42.00,165.38,165.38
5640.00,N2C_1,37.00,256.95,359.73
5640.00,N2C_2,34.00,415.76,359.37
5640.00,N2C_3,40.00,287.68,287.68
5640.00,S2C_1,35.00,207.24,207.24
5640.00,S2C_2,28.00,174.11,212.78
5640.00,S2C_3,3.00,12.47,23.57
5640.00,W2C_0,43.00,474.29,368.52
5640.00,W2C_1,56.00,472.54,362.47
5640.00,W2C_2,27.00,441.90,366.38
5640.00,W2C_3,150.00,257.06,257.06
5700.00,:Center_3_0,7.00,15.60,15.60
5700.00,:Center_11_0,10.00,15.62,15.62
5700.00,E2C_1,11.00,13.40,13.40
5700.00,E2C_2,8.00,12.53,12.53
5700.00,E2C_3,2.00,12.54,12.54
5700.00,N2C_0,8.00,114.77,131.24
5700.00,N2C_1,12.00,410.12,361.85
5700.00,N2C_2,18.00,428.33,364.06
5700.00,N2C_3,20.00,238.76,238.76
5700.00,S2C_1,9.00,120.16,219.39
5700.00,S2C_2,10.00,190.01,220.94
5700.00,S2C_3,5.00,28.05,47.82
5700.00,W2C_0,26.00,480.89,366.25
5700.00,W2C_1,94.00,419.89,362.24
5700.00,W2C_2,58.00,447.57,364.57
5700.00,W2C_3,16.00,252.94,266.24
5760.00,:Center_7_0,8.00,8.74,8.74
5760.00,E2C_1,20.00,22.11,22.11
5760.00,E2C_2,19.00,19.30,19.30
5760.00,N2C_0,21.00,61.04,86.21
5760.00,N2C_1,17.00,330.40,371.21
5760.00,N2C_2,13.00,428.20,361.51
5760.00,N2C_3,26.00,237.02,241.64
5760.00,S2C_1,20.00,210.02,210.02
5760.00,S2C_2,16.00,177.10,190.26
5760.00,S2C_3,8.00,21.90,21.90
5760.00,W2C_0,56.00,438.51,362.03
5760.00,W2C_1,32.00,481.35,365.62
5760.00,W2C_2,63.00,316.61,365.08
5760.00,W2C_3,25.00,261.42,261.42
5820.00,:Center_15_0,5.00,20.11,20.11
5820.00,E2C_1,3.00,37.34,37.34
5820.00,E2C_2,4.00,22.77,22.77
5820.00,N2C_0,12.00,16.16,52.33
5820.00,N2C_1,26.00,237.11,364.26
5820.00,N2C_2,29.00,406.76,366.77
5820.00,N2C_3,47.00,223.88,264.25
5820.00,S2C_0,3.00,3.21,3.21
5820.00,S2C_1,13.00,169.84,189.55
5820.00,S2C_2,12.00,121.65,191.84
5820.00,S2C_3,11.00,31.41,31.41
5820.00,W2C_0,50.00,461.53,362.82
5820.00,W2C_1,55.00,456.42,366.44
5820.00,W2C_2,16.00,462.79,365.98
5820.00,W2C_3,44.00,267.98,267.98
5880.00,E2C_0,0.00,0.00,4.07
5880.00,E2C_1,14.00,57.32,57.32
5880.00,E2C_2,14.00,50.78,57.84
5880.00,N2C_0,2.00,10.22,26.74
5880.00,N2C_1,4.00,243.48,314.79
5880.00,N2C_2,8.00,454.50,360.23
5880.00,N2C_3,36.00,200.39,227.49
5880.00,S2C_1,35.00,211.56,211.56
5880.00,S2C_2,23.00,215.76,215.76
5880.00,S2C_3,4.00,61.12,61.12
5880.00,W2C_0,60.00,479.16,370.04
5880.00,W2C_1,110.00,466.22,359.78
5880.00,W2C_2,31.00,462.48,364.19
5880.00,W2C_3,19.00,294.33,294.33
5940.00,:Center_11_0,58.00,15.30,12.10
5940.00,:Center_15_0,7.00,7.80,11.03
5940.00,N2C_0,13.00,60.93,60.93
5940.00,N2C_1,29.00,252.23,315.13
5940.00,N2C_2,22.00,360.64,360.64
5940.00,N2C_3,23.00,180.68,227.73
5940.00,S2C_0,2.00,3.20,176.91
5940.00,S2C_1,26.00,226.44,226.44
5940.00,S2C_2,18.00,166.07,219.89
5940.00,S2C_3,17.00,62.89,79.06
5940.00,W2C_0,80.00,340.21,347.47
5940.00,W2C_1,170.00,448.70,363.37
5940.00,W2C_2,91.00,331.83,374.31
5940.00,W2C_3,55.00,289.43,289.43
6000.00,N2C_0,6.00,27.67,64.96
6000.00,N2C_1,31.00,287.34,349.25
6000.00,N2C_2,47.00,249.69,365.76
6000.00,N2C_3,80.00,254.46,277.16
6000.00,S2C_0,41.00,48.31,48.31
6000.00,S2C_1,44.00,226.66,226.66
6000.00,S2C_2,58.00,196.79,223.24
6000.00,S2C_3,77.00,53.41,53.41
6000.00,W2C_0,140.00,480.97,310.65
6000.00,W2C_1,230.00,475.91,363.16
6000.00,W2C_2,151.00,473.98,368.16
6000.00,W2C_3,115.00,310.92,314.15
6060.00,E2C_0,6.00,5.50,5.50
6060.00,E2C_1,6.00,5.50,5.50
6060.00,E2C_3,0.00,0.00,13.05
6060.00,N2C_0,66.00,48.01,48.01
6060.00,N2C_1,59.00,421.82,360.29
6060.00,N2C_2,46.00,429.09,362.65
6060.00,N2C_3,44.00,264.87,264.87
6060.00,S2C_0,24.00,76.41,76.41
6060.00,S2C_1,48.00,214.24,277.00
6060.00,S2C_2,52.00,197.10,277.90
6060.00,S2C_3,91.00,105.87,105.87
6060.00,W2C_0,114.00,424.92,361.45
6060.00,W2C_1,202.00,477.59,359.95
6060.00,W2C_2,26.00,461.15,363.88
6060.00,W2C_3,93.00,432.44,358.50
6120.00,:Center_3_0,6.00,12.53,9.30
6120.00,:Center_11_0,4.00,11.60,11.60
6120.00,E2C_1,15.00,37.61,41.16
6120.00,E2C_2,17.00,39.11,39.11
6120.00,E2C_3,13.00,3.20,3.20
6120.00,N2C_1,10.00,349.69,361.43
6120.00,N2C_2,4.00,327.55,365.28
6120.00,N2C_3,33.00,280.77,280.77
6120.00,S2C_1,12.00,97.06,292.58
6120.00,S2C_2,10.00,62.96,309.11
6120.00,S2C_3,0.00,0.00,285.76
6120.00,W2C_0,85.00,481.96,363.42
6120.00,W2C_1,73.00,464.71,360.55
6120.00,W2C_2,14.00,360.42,360.42
6120.00,W2C_3,32.00,418.47,365.36
6180.00,E2C_1,6.00,19.06,26.39
6180.00,E2C_2,6.00,12.92,20.10
6180.00,E2C_3,5.00,9.00,9.00
6180.00,N2C_0,26.00,52.71,52.71
6180.00,N2C_1,33.00,253.68,363.99
6180.00,N2C_2,19.00,230.78,363.08
6180.00,N2C_3,17.00,271.43,274.68
6180.00,S2C_0,29.00,24.00,24.00
6180.00,S2C_1,14.00,178.80,268.30
6180.00,S2C_2,15.00,204.23,258.10
6180.00,S2C_3,19.00,67.65,67.65
6180.00,W2C_0,73.00,473.01,363.65
6180.00,W2C_1,102.00,459.23,362.90
6180.00,W2C_2,8.00,450.86,359.31
6180.00,W2C_3,20.00,410.19,360.65
6240.00,:Center_7_0,39.00,15.10,8.10
6240.00,:Center_15_0,1.00,9.64,9.64
6240.00,E2C_3,36.00,50.46,50.46
6240.00,N2C_0,54.00,86.00,89.56
6240.00,N2C_1,31.00,357.64,364.78
6240.00,N2C_2,32.00,277.23,359.09
6240.00,N2C_3,36.00,328.09,328.09
6240.00,S2C_1,14.00,188.46,263.57
6240.00,S2C_2,14.00,202.14,258.87
6240.00,S2C_3,8.00,55.64,64.09
6240.00,W2C_0,36.00,473.51,334.32
6240.00,W2C_1,46.00,451.33,361.21
6240.00,W2C_2,48.00,453.78,359.10
6240.00,W2C_3,37.00,371.24,366.72
6300.00,:Center_11_0,1.00,3.12,10.47
6300.00,E2C_0,5.00,11.00,11.00
6300.00,E2C_1,13.00,18.70,18.70
6300.00,E2C_2,11.00,9.00,12.32
6300.00,E2C_3,7.00,34.77,39.47
6300.00,N2C_0,18.00,93.55,93.55
6300.00,N2C_1,45.00,387.16,365.82
6300.00,N2C_2,19.00,371.53,364.44
6300.00,N2C_3,34.00,331.36,331.36
6300.00,S2C_1,10.00,82.72,258.71
6300.00,S2C_2,9.00,256.14,263.21
6300.00,S2C_3,34.00,61.33,61.33
6300.00,W2C_0,54.00,460.17,361.95
6300.00,W2C_1,25.00,459.19,365.40
6300.00,W2C_2,20.00,342.05,363.37
6300.00,W2C_3,34.00,454.34,364.45
6360.00,:Center_7_0,47.00,12.10,12.10
6360.00,:Center_15_0,18.00,24.20,8.70
6360.00,E2C_3,41.00,31.71,31.71
6360.00,N2C_0,21.00,53.82,53.82
6360.00,N2C_1,37.00,337.17,363.70
6360.00,N2C_2,36.00,195.79,361.13
6360.00,N2C_3,26.00,287.26,287.26
6360.00,S2C_0,23.00,10.00,10.00
6360.00,S2C_1,25.00,208.06,241.50
6360.00,S2C_2,23.00,199.50,246.47
6360.00,S2C_3,25.00,46.71,46.71
6360.00,W2C_0,66.00,477.51,349.56
6360.00,W2C_1,53.00,475.62,364.12
6360.00,W2C_2,42.00,386.73,364.07
6360.00,W2C_3,89.00,395.94,364.51
6420.00,E2C_2,3.00,4.00,4.00
6420.00,E2C_3,14.00,39.15,42.35
6420.00,N2C_0,29.00,66.05,66.05
6420.00,N2C_1,30.00,151.78,364.02
6420.00,N2C_2,34.00,336.66,362.00
6420.00,N2C_3,32.00,301.23,301.23
6420.00,S2C_0,0.00,0.00,17.37
6420.00,S2C_1,29.00,268.04,268.04
6420.00,S2C_2,30.00,261.34,261.34
6420.00,S2C_3,21.00,48.21,52.64
6420.00,W2C_0,97.00,478.98,366.41
6420.00,W2C_1,60.00,474.28,372.24
6420.00,W2C_2,32.00,453.72,372.96
6420.00,W2C_3,114.00,399.12,364.51
6480.00,:Center_3_0,19.00,12.50,12.50
6480.00,:Center_11_0,18.00,12.50,9.30
6480.00,E2C_0,25.00,5.50,5.50
6480.00,E2C_1,31.00,33.51,33.51
6480.00,E2C_2,30.00,25.10,25.10
6480.00,E2C_3,32.00,41.41,41.41
6480.00,N2C_0,34.00,97.15,97.15
6480.00,N2C_1,37.00,350.99,362.09
6480.00,N2C_2,51.00,303.23,360.86
6480.00,N2C_3,30.00,308.05,308.05
6480.00,S2C_1,11.00,204.16,259.92
6480.00,S2C_2,7.00,182.00,263.87
6480.00,S2C_3,15.00,47.18,68.14
6480.00,W2C_0,37.00,477.37,366.38
6480.00,W2C_1,26.00,474.45,369.87
6480.00,W2C_2,29.00,379.28,361.44
6480.00,W2C_3,37.00,375.34,361.92
6540.00,:Center_7_0,20.00,13.30,13.30
6540.00,:Center_11_0,19.00,4.60,4.60
6540.00,:Center_15_0,17.00,12.50,12.50
6540.00,E2C_2,0.00,0.00,62.04
6540.00,E2C_3,12.00,25.66,25.66
6540.00,N2C_0,27.00,17.01,24.36
6540.00,N2C_1,28.00,85.09,367.46
6540.00,N2C_2,28.00,407.58,363.49
6540.00,N2C_3,20.00,252.52,318.88
6540.00,S2C_1,27.00,198.50,227.94
6540.00,S2C_2,30.00,179.35,231.75
6540.00,S2C_3,21.00,53.47,53.47
6540.00,W2C_0,39.00,478.77,299.24
6540.00,W2C_1,57.00,460.49,360.51
6540.00,W2C_2,58.00,439.74,361.68
6540.00,W2C_3,54.00,397.11,366.63
6600.00,:Center_7_0,80.00,13.30,13.30
6600.00,:Center_15_0,0.00,0.00,13.59
6600.00,E2C_1,0.00,0.00,24.37
6600.00,E2C_3,72.00,28.85,28.85
6600.00,N2C_0,44.00,71.73,71.73
6600.00,N2C_1,54.00,336.91,363.60
6600.00,N2C_2,54.00,274.44,361.34
6600.00,N2C_3,43.00,326.19,326.19
6600.00,S2C_1,13.00,248.91,248.91
6600.00,S2C_2,8.00,229.56,244.40
6600.00,S2C_3,7.00,17.56,44.60
6600.00,W2C_0,99.00,430.38,362.55
6600.00,W2C_1,116.00,473.51,365.04
6600.00,W2C_2,116.00,470.57,358.18
6600.00,W2C_3,41.00,287.95,287.95
6660.00,:Center_7_0,47.00,9.30,9.30
6660.00,:Center_11_0,44.00,12.50,9.30
6660.00,E2C_0,49.00,43.71,43.71
6660.00,E2C_1,54.00,37.98,37.98
6660.00,E2C_2,47.00,36.41,36.41
6660.00,E2C_3,132.00,39.75,39.75
6660.00,N2C_0,104.00,102.34,102.34
6660.00,N2C_1,114.00,397.31,362.59
6660.00,N2C_2,114.00,398.35,365.43
6660.00,N2C_3,96.00,274.10,358.22
6660.00,S2C_1,0.00,0.00,224.60
6660.00,S2C_2,1.00,217.29,232.96
6660.00,W2C_0,150.00,344.27,344.27
6660.00,W2C_1,52.00,468.91,361.81
6660.00,W2C_2,46.00,445.89,361.59
6660.00,W2C_3,53.00,325.55,325.55
6720.00,:Center_7_0,107.00,12.50,9.30
6720.00,:Center_11_0,50.00,11.00,11.00
6720.00,E2C_0,44.00,50.01,50.01
6720.00,E2C_1,41.00,34.51,34.51
6720.00,E2C_2,43.00,37.21,37.21
6720.00,E2C_3,44.00,71.22,78.31
6720.00,N2C_0,164.00,106.84,106.84
6720.00,N2C_1,174.00,423.59,362.57
6720.00,N2C_2,174.00,419.89,365.37
6720.00,N2C_3,156.00,343.79,343.79
6720.00,S2C_0,4.00,19.15,19.15
6720.00,S2C_1,14.00,119.83,119.83
6720.00,S2C_2,0.00,0.00,117.43
6720.00,W2C_0,210.00,468.34,348.85
6720.00,W2C_1,110.00,477.81,362.65
6720.00,W2C_2,56.00,476.77,361.09
6720.00,W2C_3,46.00,332.37,332.37
6780.00,:Center_7_0,167.00,12.50,9.30
6780.00,:Center_11_0,0.00,0.00,10.56
6780.00,E2C_0,34.00,28.03,28.03
6780.00,E2C_1,31.00,40.31,40.31
6780.00,E2C_2,34.00,41.61,41.61
6780.00,E2C_3,104.00,122.42,125.71
6780.00,N2C_0,224.00,131.14,131.14
6780.00,N2C_1,234.00,454.89,362.57
6780.00,N2C_2,234.00,459.59,365.37
6780.00,N2C_3,216.00,379.89,364.39
6780.00,W2C_0,270.00,473.85,362.31
6780.00,W2C_1,170.00,474.50,364.30
6780.00,W2C_2,116.00,469.30,366.90
6780.00,W2C_3,81.00,293.40,293.40
6840.00,:Center_3_0,2.00,9.31,9.31
6840.00,:Center_11_0,1.00,5.52,9.62
6840.00,E2C_0,22.00,43.81,43.81
6840.00,E2C_1,23.00,55.11,55.11
6840.00,E2C_2,22.00,53.85,53.85
6840.00,E2C_3,164.00,135.82,135.82
6840.00,N2C_0,264.00,200.86,200.86
6840.00,N2C_1,276.00,454.89,362.56
6840.00,N2C_2,260.00,472.99,365.37
6840.00,N2C_3,219.00,419.38,364.39
6840.00,S2C_3,0.00,0.00,4.86
6840.00,W2C_0,197.00,473.72,362.31
6840.00,W2C_1,179.00,471.23,364.30
6840.00,W2C_2,154.00,437.12,363.72
6840.00,W2C_3,91.00,424.69,301.18
6900.00,:Center_7_0,14.00,15.10,8.10
6900.00,:Center_15_0,19.00,12.10,12.10
6900.00,E2C_2,6.00,91.49,91.49
6900.00,E2C_3,10.00,103.95,177.13
6900.00,N2C_0,44.00,308.22,311.59
6900.00,N2C_1,26.00,346.00,369.19
6900.00,N2C_2,67.00,458.29,361.78
6900.00,N2C_3,21.00,449.10,315.15
6900.00,S2C_0,22.00,17.20,17.20
6900.00,S2C_1,19.00,4.00,11.26
6900.00,S2C_2,15.00,6.40,6.40
6900.00,S2C_3,59.00,29.35,29.35
6900.00,W2C_0,212.00,476.72,362.31
6900.00,W2C_1,52.00,471.44,360.95
6900.00,W2C_2,50.00,464.30,363.61
6900.00,W2C_3,47.00,424.12,331.49
6960.00,:Center_7_0,0.00,0.00,9.76
6960.00,E2C_1,2.00,5.50,9.03
6960.00,E2C_2,3.00,5.46,20.07
6960.00,E2C_3,36.00,175.60,175.60
6960.00,N2C_0,43.00,352.86,352.86
6960.00,N2C_1,41.00,430.45,364.10
6960.00,N2C_2,46.00,450.18,340.24
6960.00,N2C_3,37.00,443.23,361.91
6960.00,S2C_0,13.00,36.32,36.32
6960.00,S2C_1,10.00,7.20,7.20
6960.00,S2C_3,17.00,54.21,54.21
6960.00,W2C_0,40.00,430.58,365.68
6960.00,W2C_1,18.00,449.52,361.90
6960.00,W2C_2,22.00,424.74,363.13
6960.00,W2C_3,39.00,363.04,363.04
7020.00,:Center_7_0,0.00,0.00,12.15
7020.00,:Center_15_0,5.00,5.55,12.61
7020.00,E2C_1,0.00,0.00,47.63
7020.00,E2C_3,14.00,136.85,186.34
7020.00,N2C_0,39.00,370.03,363.01
7020.00,N2C_1,31.00,463.65,361.22
7020.00,N2C_2,13.00,456.07,359.87
7020.00,N2C_3,57.00,412.78,365.88
7020.00,S2C_0,16.00,16.20,16.20
7020.00,S2C_1,16.00,6.38,10.95
7020.00,S2C_2,3.00,4.00,4.00
7020.00,S2C_3,27.00,59.95,59.95
7020.00,W2C_0,22.00,438.57,362.98
7020.00,W2C_1,9.00,467.75,361.54
7020.00,W2C_2,10.00,96.36,362.26
7020.00,W2C_3,28.00,428.65,361.05
7080.00,:Center_7_0,0.00,0.00,2.96
7080.00,:Center_11_0,3.00,4.60,4.60
7080.00,E2C_1,0.00,0.00,17.90
7080.00,E2C_2,0.00,0.00,20.91
7080.00,E2C_3,18.00,181.79,196.91
7080.00,N2C_0,43.00,197.94,254.02
7080.00,N2C_1,24.00,448.31,364.39
7080.00,N2C_2,23.00,121.92,364.45
7080.00,N2C_3,40.00,370.64,361.62
7080.00,S2C_0,7.00,3.20,3.20
7080.00,S2C_1,8.00,28.50,28.50
7080.00,S2C_2,6.00,18.14,32.63
7080.00,S2C_3,9.00,39.04,66.11
7080.00,W2C_0,48.00,440.78,366.61
7080.00,W2C_1,15.00,457.84,362.74
7080.00,W2C_2,13.00,210.56,345.37
7080.00,W2C_3,20.00,369.80,363.38
7140.00,E2C_1,2.00,2.31,13.22
7140.00,E2C_2,2.00,12.10,19.28
7140.00,E2C_3,15.00,168.01,185.74
7140.00,N2C_0,26.00,277.99,277.99
7140.00,N2C_1,8.00,439.56,362.68
7140.00,N2C_2,27.00,350.71,368.88
7140.00,N2C_3,31.00,391.53,356.84
7140.00,S2C_1,5.00,36.51,39.85
7140.00,S2C_2,5.00,8.71,53.42
7140.00,S2C_3,6.00,26.51,71.28
7140.00,W2C_0,97.00,480.27,366.61
7140.00,W2C_1,17.00,460.44,363.90
7140.00,W2C_2,31.00,264.35,361.39
7140.00,W2C_3,30.00,380.76,363.95
7200.00,:Center_3_0,3.00,11.61,11.61
7200.00,E2C_0,6.00,5.50,10.61
7200.00,E2C_3,18.00,157.43,186.68
7200.00,N2C_0,27.00,296.36,296.36
7200.00,N2C_1,20.00,455.06,363.97
7200.00,N2C_2,11.00,422.18,363.83
7200.00,N2C_3,34.00,298.68,332.77
7200.00,S2C_1,17.00,54.61,54.61
7200.00,S2C_2,22.00,49.80,58.92
7200.00,S2C_3,21.00,56.81,60.40
7200.00,W2C_0,86.00,478.05,365.78
7200.00,W2C_1,46.00,457.93,362.79
7200.00,W2C_2,30.00,449.03,363.05
7200.00,W2C_3,64.00,391.56,362.76
7260.00,:Center_15_0,4.00,16.10,10.55
7260.00,E2C_1,1.00,3.37,19.66
7260.00,E2C_2,2.00,13.00,16.77
7260.00,E2C_3,13.00,107.33,183.72
7260.00,N2C_0,57.00,336.94,336.94
7260.00,N2C_1,26.00,468.69,362.78
7260.00,N2C_2,18.00,125.88,362.00
7260.00,N2C_3,22.00,345.05,368.66
7260.00,S2C_0,0.00,0.00,7.38
7260.00,S2C_1,16.00,48.14,51.65
7260.00,S2C_2,17.00,35.33,49.43
7260.00,S2C_3,8.00,28.87,51.71
7260.00,W2C_0,9.00,471.33,329.74
7260.00,W2C_1,16.00,395.19,361.77
7260.00,W2C_2,8.00,341.55,361.78
7260.00,W2C_3,23.00,320.20,320.20
7320.00,:Center_7_0,15.00,8.10,8.10
7320.00,:Center_11_0,12.00,12.50,8.79
7320.00,E2C_0,8.00,25.21,25.21
7320.00,E2C_1,21.00,49.83,49.83
7320.00,E2C_2,18.00,47.53,47.53
7320.00,E2C_3,15.00,181.95,181.95
7320.00,N2C_0,57.00,375.31,361.31
7320.00,N2C_1,48.00,461.17,366.76
7320.00,N2C_2,18.00,337.33,360.93
7320.00,N2C_3,19.00,409.72,362.66
7320.00,S2C_1,4.00,16.50,39.08
7320.00,S2C_2,2.00,3.20,10.22
7320.00,S2C_3,4.00,7.71,52.97
7320.00,W2C_0,33.00,357.91,365.02
7320.00,W2C_1,31.00,419.29,360.36
7320.00,W2C_2,32.00,294.70,365.23
7320.00,W2C_3,45.00,348.97,348.97
7380.00,:Center_3_0,3.00,11.60,11.60
7380.00,:Center_11_0,6.00,18.60,18.60
7380.00,E2C_0,16.00,13.40,13.40
7380.00,E2C_1,17.00,38.41,38.41
7380.00,E2C_2,16.00,44.41,44.41
7380.00,E2C_3,17.00,168.50,175.61
7380.00,N2C_0,27.00,442.45,84.72
7380.00,N2C_1,91.00,442.24,364.59
7380.00,N2C_2,16.00,270.33,363.02
7380.00,N2C_3,13.00,405.96,359.75
7380.00,S2C_2,1.00,9.01,50.64
7380.00,S2C_3,1.00,3.27,42.64
7380.00,W2C_0,75.00,407.76,364.14
7380.00,W2C_1,27.00,396.58,374.04
7380.00,W2C_2,16.00,384.90,360.99
7380.00,W2C_3,36.00,384.50,362.27
7440.00,:Center_3_0,6.00,12.52,12.52
7440.00,:Center_11_0,5.00,4.60,7.88
7440.00,E2C_0,5.00,4.00,4.00
7440.00,E2C_1,13.00,32.91,36.61
7440.00,E2C_2,15.00,34.62,34.62
7440.00,E2C_3,12.00,142.25,156.93
7440.00,N2C_0,51.00,476.66,313.38
7440.00,N2C_1,11.00,323.94,369.12
7440.00,N2C_2,14.00,369.08,365.79
7440.00,N2C_3,50.00,431.34,304.17
7440.00,S2C_2,0.00,0.00,8.62
7440.00,S2C_3,13.00,73.71,84.74
7440.00,W2C_0,53.00,479.00,333.65
7440.00,W2C_1,31.00,474.06,367.00
7440.00,W2C_2,13.00,279.57,362.06
7440.00,W2C_3,18.00,338.10,363.29
7500.00,:Center_7_0,0.00,0.00,3.17
7500.00,:Center_15_0,12.00,15.30,0.00
7500.00,E2C_1,3.00,37.61,37.61
7500.00,E2C_2,3.00,30.01,41.82
7500.00,E2C_3,23.00,135.71,155.24
7500.00,N2C_0,53.00,296.85,296.85
7500.00,N2C_1,18.00,341.17,366.85
7500.00,N2C_2,17.00,408.94,361.58
7500.00,N2C_3,82.00,421.36,364.90
7500.00,S2C_0,0.00,0.00,3.37
7500.00,S2C_1,27.00,42.21,42.21
7500.00,S2C_2,28.00,36.21,39.88
7500.00,S2C_3,6.00,26.73,103.27
7500.00,W2C_0,26.00,434.32,361.17
7500.00,W2C_1,21.00,467.94,365.17
7500.00,W2C_2,25.00,447.13,362.11
7500.00,W2C_3,15.00,288.92,292.21
7560.00,:Center_7_0,0.00,0.00,10.09
7560.00,:Center_15_0,56.00,17.83,10.41
7560.00,E2C_1,0.00,0.00,54.51
7560.00,E2C_2,3.00,57.07,57.07
7560.00,E2C_3,12.00,104.86,145.03
7560.00,N2C_0,44.00,385.10,366.34
7560.00,N2C_1,11.00,432.41,362.10
7560.00,N2C_2,23.00,447.12,361.23
7560.00,N2C_3,49.00,340.37,351.02
7560.00,S2C_0,3.00,3.21,3.21
7560.00,S2C_1,9.00,33.46,72.92
7560.00,S2C_2,11.00,41.51,65.06
7560.00,S2C_3,13.00,52.84,92.69
7560.00,W2C_0,37.00,473.22,364.24
7560.00,W2C_1,34.00,452.80,364.76
7560.00,W2C_2,62.00,419.25,365.07
7560.00,W2C_3,44.00,302.70,302.70
7620.00,:Center_3_0,0.00,0.00,14.42
7620.00,:Center_11_0,2.00,14.24,10.62
7620.00,E2C_1,19.00,61.52,61.52
7620.00,E2C_2,19.00,45.54,52.56
7620.00,E2C_3,21.00,68.22,137.29
7620.00,N2C_0,10.00,405.58,0.00
7620.00,N2C_1,8.00,474.73,374.35
7620.00,N2C_2,21.00,379.47,363.06
7620.00,N2C_3,103.00,432.59,365.27
7620.00,S2C_1,1.00,7.82,66.77
7620.00,S2C_2,0.00,0.00,68.93
7620.00,S2C_3,5.00,19.16,101.40
7620.00,W2C_0,16.00,438.44,292.51
7620.00,W2C_1,23.00,359.60,366.71
7620.00,W2C_2,35.00,418.91,366.28
7620.00,W2C_3,23.00,219.14,242.04
7680.00,:Center_3_0,0.00,0.00,3.47
7680.00,:Center_11_0,1.00,2.46,9.74
7680.00,E2C_0,7.00,5.50,5.50
7680.00,E2C_1,25.00,84.88,84.88
7680.00,E2C_2,22.00,81.10,81.10
7680.00,E2C_3,14.00,134.72,134.72
7680.00,N2C_0,55.00,227.33,227.33
7680.00,N2C_1,12.00,420.72,361.02
7680.00,N2C_2,41.00,461.45,363.12
7680.00,N2C_3,132.00,432.21,364.90
7680.00,S2C_1,15.00,70.01,70.01
7680.00,S2C_2,11.00,47.27,50.70
7680.00,S2C_3,3.00,71.66,78.66
7680.00,W2C_0,39.00,417.78,355.83
7680.00,W2C_1,14.00,420.98,364.72
7680.00,W2C_2,9.00,466.56,343.43
7680.00,W2C_3,16.00,241.97,241.97
7740.00,:Center_3_0,8.00,8.10,8.10
7740.00,:Center_11_0,43.00,14.80,11.60
7740.00,:Center_15_0,2.00,13.31,9.08
7740.00,E2C_1,10.00,107.31,107.31
7740.00,E2C_2,16.00,92.13,92.13
7740.00,E2C_3,12.00,80.30,155.13
7740.00,N2C_0,29.00,320.25,320.25
7740.00,N2C_1,29.00,413.79,361.90
7740.00,N2C_2,101.00,460.13,363.30
7740.00,N2C_3,192.00,446.32,364.90
7740.00,S2C_1,14.00,50.73,80.61
7740.00,S2C_2,15.00,61.66,75.99
7740.00,S2C_3,7.00,68.71,73.42
7740.00,W2C_0,50.00,469.22,340.27
7740.00,W2C_1,74.00,447.21,370.70
7740.00,W2C_2,49.00,448.19,361.24
7740.00,W2C_3,38.00,261.40,261.40
7800.00,:Center_11_0,28.00,11.00,11.00
7800.00,E2C_1,15.00,54.67,92.84
7800.00,E2C_2,14.00,45.52,75.75
7800.00,E2C_3,16.00,127.92,127.92
7800.00,N2C_0,42.00,377.90,364.43
7800.00,N2C_1,65.00,475.26,361.66
7800.00,N2C_2,161.00,468.06,361.15
7800.00,N2C_3,252.00,451.42,364.90
7800.00,S2C_0,3.00,2.94,2.94
7800.00,S2C_1,8.00,93.11,93.11
7800.00,S2C_2,7.00,92.67,96.16
7800.00,S2C_3,18.00,78.44,78.44
7800.00,W2C_0,31.00,273.66,273.66
7800.00,W2C_1,134.00,475.32,364.88
7800.00,W2C_2,109.00,462.96,363.69
7800.00,W2C_3,25.00,214.79,214.79
7860.00,:Center_3_0,0.00,0.00,9.62
7860.00,:Center_7_0,54.00,12.50,12.50
7860.00,:Center_11_0,88.00,11.00,11.00
7860.00,E2C_1,1.00,5.51,5.51
7860.00,E2C_3,48.00,120.37,120.37
7860.00,N2C_0,52.00,479.75,284.72
7860.00,N2C_1,48.00,473.35,362.65
7860.00,N2C_2,221.00,476.56,365.40
7860.00,N2C_3,312.00,432.45,361.70
7860.00,S2C_1,55.00,117.32,117.32
7860.00,S2C_2,51.00,131.12,131.12
7860.00,S2C_3,50.00,80.01,80.01
7860.00,W2C_0,91.00,396.68,364.67
7860.00,W2C_1,194.00,479.98,364.86
7860.00,W2C_2,169.00,473.80,364.17
7860.00,W2C_3,85.00,220.80,220.80
7920.00,:Center_3_0,8.00,21.00,21.00
7920.00,:Center_15_0,12.00,12.10,12.10
7920.00,E2C_0,9.00,5.50,5.50
7920.00,E2C_1,12.00,10.21,10.21
7920.00,E2C_2,14.00,12.51,16.24
7920.00,E2C_3,108.00,123.65,123.65
7920.00,N2C_0,90.00,479.67,284.15
7920.00,N2C_1,76.00,474.99,362.07
7920.00,N2C_2,281.00,474.66,361.47
7920.00,N2C_3,372.00,452.72,361.70
7920.00,S2C_1,65.00,158.63,158.63
7920.00,S2C_2,65.00,159.92,159.92
7920.00,S2C_3,3.00,19.19,74.96
7920.00,W2C_0,94.00,473.77,360.75
7920.00,W2C_1,157.00,418.47,364.86
7920.00,W2C_2,25.00,394.70,362.92
7920.00,W2C_3,22.00,425.92,338.92
7980.00,:Center_7_0,17.00,15.70,8.70
7980.00,E2C_1,28.00,56.71,56.71
7980.00,E2C_2,28.00,58.22,58.22
7980.00,E2C_3,61.00,141.57,141.57
7980.00,N2C_0,18.00,471.93,342.58
7980.00,N2C_1,32.00,471.30,366.61
7980.00,N2C_2,21.00,472.16,361.25
7980.00,N2C_3,31.00,439.74,323.16
7980.00,S2C_0,26.00,35.60,67.14
7980.00,S2C_1,21.00,85.87,130.09
7980.00,S2C_2,21.00,129.16,135.89
7980.00,S2C_3,14.00,73.14,76.45
7980.00,W2C_0,43.00,481.04,366.55
7980.00,W2C_1,23.00,467.03,360.14
7980.00,W2C_2,35.00,450.99,372.94
7980.00,W2C_3,28.00,410.14,293.68
8040.00,:Center_15_0,2.00,3.11,10.27
8040.00,E2C_1,16.00,56.82,56.82
8040.00,E2C_2,16.00,52.90,59.97
8040.00,E2C_3,9.00,121.61,121.61
8040.00,N2C_0,39.00,404.79,362.46
8040.00,N2C_1,34.00,467.30,369.06
8040.00,N2C_2,37.00,416.93,361.34
8040.00,N2C_3,71.00,419.62,362.40
8040.00,S2C_0,52.00,46.10,46.10
8040.00,S2C_1,28.00,140.38,140.38
8040.00,S2C_2,28.00,139.18,146.35
8040.00,S2C_3,3.00,43.14,47.99
8040.00,W2C_0,43.00,470.67,362.47
8040.00,W2C_1,36.00,442.64,361.61
8040.00,W2C_2,95.00,464.98,361.66
8040.00,W2C_3,68.00,313.76,313.76
8100.00,:Center_15_0,1.00,2.31,2.31
8100.00,E2C_0,1.00,4.01,4.01
8100.00,E2C_1,2.00,78.24,78.24
8100.00,E2C_2,1.00,58.52,81.30
8100.00,E2C_3,29.00,113.32,116.56
8100.00,N2C_0,71.00,481.07,362.39
8100.00,N2C_1,37.00,470.75,362.04
8100.00,N2C_2,45.00,468.03,362.80
8100.00,N2C_3,87.00,414.72,363.29
8100.00,S2C_0,7.00,53.09,56.87
8100.00,S2C_1,57.00,177.34,177.34
8100.00,S2C_2,35.00,170.62,170.62
8100.00,S2C_3,8.00,26.76,55.02
8100.00,W2C_0,66.00,477.65,110.55
8100.00,W2C_1,53.00,459.09,360.82
8100.00,W2C_2,13.00,445.80,363.10
8100.00,W2C_3,47.00,223.00,223.00
8160.00,:Center_7_0,1.00,17.39,17.39
8160.00,:Center_11_0,13.00,17.30,17.30
8160.00,:Center_15_0,22.00,11.06,11.06
8160.00,E2C_0,6.00,35.63,40.19
8160.00,E2C_1,18.00,70.82,70.82
8160.00,E2C_2,16.00,72.72,72.72
8160.00,E2C_3,17.00,99.17,99.17
8160.00,N2C_0,23.00,477.23,346.68
8160.00,N2C_1,11.00,460.87,364.98
8160.00,N2C_2,11.00,441.73,359.60
8160.00,N2C_3,36.00,430.81,344.89
8160.00,S2C_0,52.00,69.51,74.17
8160.00,S2C_1,24.00,145.18,171.57
8160.00,S2C_2,24.00,153.70,168.17
8160.00,S2C_3,9.00,26.77,51.40
8160.00,W2C_0,109.00,477.65,200.42
8160.00,W2C_1,17.00,446.14,362.33
8160.00,W2C_2,40.00,328.54,363.02
8160.00,W2C_3,39.00,255.39,255.39
8220.00,:Center_11_0,25.00,8.10,8.10
8220.00,E2C_1,4.00,12.32,12.32
8220.00,E2C_2,4.00,6.46,18.62
8220.00,E2C_3,4.00,8.51,94.65
8220.00,N2C_0,83.00,461.87,361.55
8220.00,N2C_1,39.00,481.34,365.35
8220.00,N2C_2,24.00,300.37,361.44
8220.00,N2C_3,33.00,243.07,246.37
8220.00,S2C_0,28.00,98.91,98.91
8220.00,S2C_1,27.00,202.53,202.53
8220.00,S2C_2,24.00,178.57,204.94
8220.00,S2C_3,28.00,41.91,41.91
8220.00,W2C_0,165.00,473.06,190.22
8220.00,W2C_1,64.00,452.65,367.37
8220.00,W2C_2,64.00,442.32,360.51
8220.00,W2C_3,36.00,246.11,246.11
8280.00,:Center_11_0,85.00,12.60,12.60
8280.00,E2C_1,0.00,0.00,4.44
8280.00,E2C_3,3.00,3.20,3.20
8280.00,N2C_0,60.00,439.72,210.94
8280.00,N2C_1,52.00,415.46,363.08
8280.00,N2C_2,46.00,427.08,358.27
8280.00,N2C_3,50.00,241.26,282.49
8280.00,S2C_0,46.00,99.82,99.82
8280.00,S2C_1,62.00,212.10,217.30
8280.00,S2C_2,62.00,212.19,212.19
8280.00,S2C_3,50.00,65.51,69.40
8280.00,W2C_0,225.00,476.84,165.18
8280.00,W2C_1,124.00,459.34,363.51
8280.00,W2C_2,124.00,459.39,366.42
8280.00,W2C_3,76.00,248.40,248.40
8340.00,:Center_3_0,19.00,14.50,11.30
8340.00,E2C_0,23.00,3.20,3.20
8340.00,E2C_1,27.00,22.70,22.70
8340.00,E2C_2,22.00,11.90,11.90
8340.00,E2C_3,7.00,4.00,4.00
8340.00,N2C_0,40.00,473.27,293.80
8340.00,N2C_1,36.00,439.33,364.41
8340.00,N2C_2,13.00,294.63,362.41
8340.00,N2C_3,110.00,294.17,297.84
8340.00,S2C_1,9.00,171.11,206.31
8340.00,S2C_2,1.00,110.95,223.53
8340.00,S2C_3,9.00,49.62,53.05
8340.00,W2C_0,106.00,165.18,165.18
8340.00,W2C_1,82.00,458.58,361.16
8340.00,W2C_2,29.00,459.74,361.87
8340.00,W2C_3,29.00,263.79,275.76
8400.00,E2C_0,0.00,0.00,20.01
8400.00,E2C_1,38.00,46.91,50.92
8400.00,E2C_2,37.00,46.81,46.81
8400.00,E2C_3,19.00,39.11,39.11
8400.00,N2C_0,23.00,413.36,361.16
8400.00,N2C_1,13.00,412.84,359.70
8400.00,N2C_2,18.00,320.69,362.51
8400.00,N2C_3,120.00,344.47,344.47
8400.00,S2C_1,3.00,5.50,193.30
8400.00,S2C_2,2.00,3.38,194.93
8400.00,S2C_3,23.00,30.85,30.85
8400.00,W2C_0,49.00,447.07,281.76
8400.00,W2C_1,35.00,424.95,363.22
8400.00,W2C_2,42.00,359.05,366.10
8400.00,W2C_3,45.00,304.40,308.38
8460.00,:Center_3_0,5.00,10.11,10.11
8460.00,:Center_11_0,1.00,3.20,3.20
8460.00,E2C_1,11.00,46.15,52.96
8460.00,E2C_2,12.00,32.97,52.00
8460.00,E2C_3,15.00,26.91,26.91
8460.00,N2C_0,19.00,474.40,365.59
8460.00,N2C_1,21.00,468.80,359.94
8460.00,N2C_2,41.00,201.27,343.20
8460.00,N2C_3,24.00,374.57,363.57
8460.00,S2C_1,11.00,137.31,137.31
8460.00,S2C_2,12.00,105.01,140.20
8460.00,S2C_3,0.00,0.00,11.30
8460.00,W2C_0,100.00,368.80,365.33
8460.00,W2C_1,22.00,389.87,363.00
8460.00,W2C_2,21.00,457.46,365.56
8460.00,W2C_3,86.00,324.78,324.78
8520.00,:Center_7_0,20.00,15.50,11.00
8520.00,:Center_15_0,18.00,4.60,4.60
8520.00,E2C_1,6.00,77.28,77.28
8520.00,E2C_2,8.00,76.13,76.13
8520.00,E2C_3,10.00,20.78,20.78
8520.00,N2C_0,27.00,467.35,187.55
8520.00,N2C_1,28.00,417.68,369.48
8520.00,N2C_2,30.00,443.98,363.96
8520.00,N2C_3,22.00,416.03,355.54
8520.00,S2C_0,28.00,25.91,25.91
8520.00,S2C_1,28.00,132.39,132.39
8520.00,S2C_2,29.00,112.56,128.17
8520.00,S2C_3,10.00,3.20,3.20
8520.00,W2C_0,160.00,476.25,361.43
8520.00,W2C_1,156.00,476.78,362.55
8520.00,W2C_2,4.00,447.54,364.34
8520.00,W2C_3,18.00,296.81,301.79
8580.00,:Center_7_0,13.00,3.10,11.40
8580.00,E2C_1,38.00,88.94,88.94
8580.00,E2C_2,38.00,82.53,89.54
8580.00,E2C_3,0.00,0.00,28.54
8580.00,N2C_0,87.00,205.65,205.65
8580.00,N2C_1,76.00,447.74,360.08
8580.00,N2C_2,56.00,444.41,362.16
8580.00,N2C_3,9.00,401.53,360.68
8580.00,S2C_1,8.00,34.76,145.83
8580.00,S2C_2,7.00,18.94,142.12
8580.00,S2C_3,4.00,11.00,11.00
8580.00,W2C_0,21.00,467.87,359.04
8580.00,W2C_1,220.00,416.10,366.94
8580.00,W2C_2,14.00,451.54,363.38
8580.00,W2C_3,64.00,206.32,206.32
8640.00,:Center_3_0,3.00,8.10,11.36
8640.00,:Center_11_0,3.00,12.10,12.10
8640.00,E2C_1,15.00,47.15,126.85
8640.00,E2C_2,15.00,50.38,111.49
8640.00,E2C_3,14.00,39.33,39.33
8640.00,N2C_0,24.00,231.98,231.98
8640.00,N2C_1,21.00,465.53,366.51
8640.00,N2C_2,29.00,449.71,370.83
8640.00,N2C_3,12.00,408.25,361.30
8640.00,S2C_1,12.00,79.47,79.47
8640.00,S2C_2,1.00,78.76,78.76
8640.00,S2C_3,0.00,0.00,6.07
8640.00,W2C_0,47.00,479.66,234.89
8640.00,W2C_1,16.00,412.14,362.88
8640.00,W2C_2,14.00,336.25,366.26
8640.00,W2C_3,62.00,221.24,221.24
8700.00,:Center_3_0,0.00,0.00,5.61
8700.00,:Center_7_0,4.00,12.10,12.10
8700.00,:Center_11_0,0.00,0.00,4.63
8700.00,E2C_0,11.00,10.20,10.20
8700.00,E2C_1,11.00,126.35,137.43
8700.00,E2C_2,11.00,126.04,126.04
8700.00,E2C_3,2.00,6.42,11.63
8700.00,N2C_0,48.00,319.97,319.97
8700.00,N2C_1,13.00,473.90,361.36
8700.00,N2C_2,33.00,417.91,360.27
8700.00,N2C_3,11.00,434.26,364.50
8700.00,S2C_1,13.00,51.32,51.32
8700.00,S2C_2,11.00,54.40,54.40
8700.00,S2C_3,0.00,0.00,19.92
8700.00,W2C_0,23.00,391.23,359.96
8700.00,W2C_1,10.00,408.88,359.74
8700.00,W2C_2,28.00,387.86,362.85
8700.00,W2C_3,44.00,188.05,201.33
8760.00,:Center_3_0,0.00,0.00,6.36
8760.00,:Center_7_0,15.00,14.80,11.60
8760.00,E2C_1,49.00,151.27,151.27
8760.00,E2C_2,49.00,153.76,153.76
8760.00,E2C_3,7.00,5.94,5.94
8760.00,N2C_0,49.00,448.46,365.10
8760.00,N2C_1,32.00,467.01,361.95
8760.00,N2C_2,34.00,475.72,362.57
8760.00,N2C_3,27.00,425.68,362.35
8760.00,S2C_0,10.00,4.00,7.31
8760.00,S2C_1,16.00,37.76,44.89
8760.00,S2C_2,21.00,50.48,50.48
8760.00,S2C_3,13.00,17.31,17.31
8760.00,W2C_0,36.00,471.48,363.51
8760.00,W2C_1,8.00,479.69,362.78
8760.00,W2C_2,9.00,366.44,362.75
8760.00,W2C_3,21.00,137.51,193.51
8820.00,E2C_1,23.00,129.80,186.17
8820.00,E2C_2,22.00,111.43,189.45
8820.00,E2C_3,0.00,0.00,26.05
8820.00,N2C_0,73.00,474.68,348.59
8820.00,N2C_1,68.00,471.08,359.98
8820.00,N2C_2,55.00,441.54,360.83
8820.00,N2C_3,35.00,441.81,364.36
8820.00,S2C_1,0.00,0.00,3.25
8820.00,S2C_3,2.00,5.51,5.51
8820.00,W2C_0,96.00,463.60,218.34
8820.00,W2C_1,20.00,472.85,366.07
8820.00,W2C_2,15.00,285.78,363.77
8820.00,W2C_3,39.00,167.09,167.09
8880.00,:Center_3_0,0.00,0.00,2.51
8880.00,:Center_11_0,2.00,20.47,20.47
8880.00,:Center_15_0,5.00,9.34,9.34
8880.00,E2C_0,6.00,3.20,3.20
8880.00,E2C_1,7.00,190.30,193.58
8880.00,E2C_2,9.00,159.06,189.81
8880.00,E2C_3,3.00,3.20,3.20
8880.00,N2C_0,26.00,477.91,363.52
8880.00,N2C_1,66.00,465.64,365.29
8880.00,N2C_2,18.00,463.74,363.04
8880.00,N2C_3,19.00,340.15,360.66
8880.00,S2C_1,5.00,7.81,7.81
8880.00,S2C_2,6.00,20.10,20.10
8880.00,W2C_0,33.00,274.97,274.97
8880.00,W2C_1,42.00,476.27,362.00
8880.00,W2C_2,12.00,455.49,361.46
8880.00,W2C_3,26.00,157.32,167.78
8940.00,E2C_1,30.00,192.04,192.04
8940.00,E2C_2,2.00,194.23,194.23
8940.00,N2C_0,57.00,477.48,364.91
8940.00,N2C_1,36.00,459.72,359.28
8940.00,N2C_2,33.00,316.34,359.71
8940.00,N2C_3,22.00,358.20,361.48
8940.00,S2C_0,1.00,13.45,21.04
8940.00,S2C_1,4.00,23.20,23.20
8940.00,S2C_2,12.00,20.20,20.20
8940.00,S2C_3,13.00,10.40,17.43
8940.00,W2C_0,86.00,374.20,361.90
8940.00,W2C_1,42.00,481.24,366.03
8940.00,W2C_2,24.00,323.53,363.21
8940.00,W2C_3,18.00,211.57,218.66
9000.00,:Center_15_0,0.00,0.00,14.33
9000.00,E2C_1,12.00,72.43,187.22
9000.00,E2C_2,14.00,183.52,183.52
9000.00,E2C_3,12.00,21.15,21.15
9000.00,N2C_0,37.00,450.40,286.26
9000.00,N2C_1,59.00,475.07,361.12
9000.00,N2C_2,19.00,260.94,365.89
9000.00,N2C_3,20.00,367.69,364.27
9000.00,S2C_1,5.00,13.44,13.44
9000.00,S2C_2,6.00,8.72,8.72
9000.00,S2C_3,3.00,13.00,13.00
9000.00,W2C_0,85.00,456.02,361.84
9000.00,W2C_1,26.00,458.95,362.77
9000.00,W2C_2,43.00,390.17,373.59
9000.00,W2C_3,21.00,238.84,238.84
9060.00,:Center_3_0,2.00,9.47,9.47
9060.00,:Center_15_0,6.00,7.60,7.60
9060.00,E2C_0,6.00,3.20,3.20
9060.00,E2C_1,9.00,130.20,130.20
9060.00,E2C_2,8.00,20.41,128.30
9060.00,E2C_3,12.00,27.11,27.11
9060.00,N2C_0,65.00,425.33,361.38
9060.00,N2C_1,27.00,470.85,363.63
9060.00,N2C_2,21.00,376.56,362.45
9060.00,N2C_3,23.00,385.36,359.52
9060.00,S2C_1,6.00,38.61,43.17
9060.00,S2C_2,6.00,42.89,42.89
9060.00,W2C_0,29.00,472.30,363.87
9060.00,W2C_1,30.00,469.79,363.83
9060.00,W2C_2,7.00,364.78,364.78
9060.00,W2C_3,10.00,158.13,167.21
9120.00,:Center_15_0,0.00,0.00,7.41
9120.00,E2C_1,6.00,111.61,141.66
9120.00,E2C_2,4.00,88.14,139.17
9120.00,E2C_3,1.00,3.69,7.26
9120.00,N2C_0,34.00,414.48,360.99
9120.00,N2C_1,50.00,465.50,363.35
9120.00,N2C_2,18.00,434.09,362.82
9120.00,N2C_3,29.00,379.32,361.40
9120.00,S2C_0,2.00,14.71,14.71
9120.00,S2C_1,15.00,35.47,42.88
9120.00,S2C_2,14.00,41.71,41.71
9120.00,S2C_3,0.00,0.00,15.59
9120.00,W2C_0,50.00,472.20,362.35
9120.00,W2C_1,14.00,460.59,365.26
9120.00,W2C_2,20.00,162.75,365.03
9120.00,W2C_3,32.00,170.61,170.61
9180.00,:Center_7_0,6.00,17.80,17.80
9180.00,:Center_15_0,3.00,9.35,9.35
9180.00,E2C_1,11.00,110.45,124.84
9180.00,E2C_2,9.00,76.89,107.37
9180.00,E2C_3,3.00,14.70,17.99
9180.00,N2C_0,20.00,465.41,360.52
9180.00,N2C_1,18.00,471.60,362.39
9180.00,N2C_2,20.00,396.53,330.48
9180.00,N2C_3,46.00,412.55,361.69
9180.00,S2C_0,16.00,3.20,3.20
9180.00,S2C_1,21.00,70.01,73.52
9180.00,S2C_2,19.00,67.12,70.84
9180.00,S2C_3,15.00,25.20,25.20
9180.00,W2C_0,92.00,482.86,361.62
9180.00,W2C_1,53.00,448.25,365.25
9180.00,W2C_2,5.00,355.73,362.96
9180.00,W2C_3,26.00,136.40,161.49
9240.00,E2C_1,14.00,115.66,115.66
9240.00,E2C_2,15.00,103.12,114.12
9240.00,E2C_3,6.00,26.42,26.42
9240.00,N2C_0,48.00,445.80,367.25
9240.00,N2C_1,20.00,461.06,346.43
9240.00,N2C_2,11.00,404.52,368.74
9240.00,N2C_3,23.00,405.88,364.72
9240.00,S2C_1,4.00,20.00,109.04
9240.00,S2C_2,3.00,83.48,83.48
9240.00,S2C_3,6.00,6.04,6.04
9240.00,W2C_0,51.00,476.30,112.78
9240.00,W2C_1,52.00,400.10,353.13
9240.00,W2C_2,16.00,178.19,363.03
9240.00,W2C_3,28.00,175.78,175.78
9300.00,:Center_3_0,3.00,11.62,11.62
9300.00,:Center_7_0,5.00,4.60,4.60
9300.00,:Center_11_0,2.00,3.15,14.26
9300.00,E2C_0,11.00,8.70,8.70
9300.00,E2C_1,10.00,122.63,125.99
9300.00,E2C_2,10.00,108.08,129.16
9300.00,N2C_0,45.00,475.97,54.10
9300.00,N2C_1,40.00,481.54,363.34
9300.00,N2C_2,40.00,286.74,360.49
9300.00,N2C_3,24.00,416.02,363.15
9300.00,S2C_1,16.00,60.40,65.22
9300.00,S2C_2,12.00,57.63,60.90
9300.00,S2C_3,0.00,0.00,9.69
9300.00,W2C_0,24.00,275.28,279.21
9300.00,W2C_1,18.00,295.47,366.75
9300.00,W2C_2,21.00,384.73,362.93
9300.00,W2C_3,16.00,190.03,190.03
9360.00,:Center_15_0,0.00,0.00,10.33
9360.00,E2C_0,0.00,0.00,26.24
9360.00,E2C_1,18.00,75.18,97.49
9360.00,E2C_2,16.00,62.28,136.20
9360.00,N2C_0,68.00,470.63,79.21
9360.00,N2C_1,53.00,450.92,356.71
9360.00,N2C_2,72.00,453.51,363.44
9360.00,N2C_3,13.00,414.79,358.21
9360.00,S2C_1,5.00,23.24,34.40
9360.00,S2C_2,6.00,23.20,30.44
9360.00,W2C_0,25.00,363.66,363.66
9360.00,W2C_1,17.00,281.19,363.71
9360.00,W2C_2,20.00,319.49,358.83
9360.00,W2C_3,20.00,231.11,231.11
9420.00,:Center_7_0,10.00,12.10,12.10
9420.00,:Center_11_0,8.00,13.81,13.81
9420.00,E2C_1,15.00,40.02,85.55
9420.00,E2C_2,13.00,121.32,136.92
9420.00,E2C_3,8.00,17.20,17.20
9420.00,N2C_0,32.00,101.61,101.61
9420.00,N2C_1,13.00,447.60,362.83
9420.00,N2C_2,18.00,459.15,362.57
9420.00,N2C_3,52.00,437.65,354.38
9420.00,S2C_1,4.00,54.35,54.35
9420.00,S2C_2,15.00,57.51,57.51
9420.00,W2C_0,22.00,433.57,366.13
9420.00,W2C_1,22.00,431.39,360.48
9420.00,W2C_2,14.00,449.83,365.52
9420.00,W2C_3,16.00,251.76,251.76
9480.00,:Center_11_0,0.00,0.00,2.91
9480.00,E2C_1,11.00,96.57,96.57
9480.00,E2C_2,9.00,23.83,99.08
9480.00,E2C_3,11.00,29.00,44.53
9480.00,N2C_0,27.00,224.76,224.76
9480.00,N2C_1,29.00,453.47,364.44
9480.00,N2C_2,19.00,347.22,364.39
9480.00,N2C_3,46.00,418.16,363.56
9480.00,S2C_1,27.00,79.01,82.23
9480.00,S2C_2,28.00,89.52,89.52
9480.00,W2C_0,36.00,474.25,361.74
9480.00,W2C_1,33.00,466.55,367.14
9480.00,W2C_2,21.00,442.96,364.06
9480.00,W2C_3,44.00,210.89,210.89
9540.00,:Center_7_0,8.00,12.10,12.10
9540.00,:Center_15_0,14.00,14.60,7.60
9540.00,E2C_1,0.00,0.00,68.32
9540.00,E2C_2,1.00,71.94,71.94
9540.00,E2C_3,4.00,26.55,69.22
9540.00,N2C_0,59.00,285.13,285.13
9540.00,N2C_1,33.00,470.20,363.13
9540.00,N2C_2,23.00,443.99,366.79
9540.00,N2C_3,29.00,441.80,365.31
9540.00,S2C_0,14.00,6.40,6.40
9540.00,S2C_1,22.00,70.49,70.49
9540.00,S2C_2,20.00,75.47,75.47
9540.00,S2C_3,16.00,12.50,12.50
9540.00,W2C_0,42.00,481.99,338.78
9540.00,W2C_1,36.00,437.51,361.26
9540.00,W2C_2,49.00,378.45,364.54
9540.00,W2C_3,33.00,209.86,214.41
9600.00,E2C_1,8.00,43.51,43.51
9600.00,E2C_2,9.00,43.39,43.39
9600.00,E2C_3,14.00,49.45,49.45
9600.00,N2C_0,37.00,393.64,362.73
9600.00,N2C_1,44.00,474.61,364.08
9600.00,N2C_2,9.00,380.22,363.39
9600.00,N2C_3,48.00,433.51,362.20
9600.00,S2C_0,1.00,5.50,5.50
9600.00,S2C_1,13.00,30.85,70.71
9600.00,S2C_2,10.00,29.71,39.38
9600.00,S2C_3,4.00,10.21,10.21
9600.00,W2C_0,29.00,469.54,352.29
9600.00,W2C_1,13.00,445.10,359.02
9600.00,W2C_2,41.00,446.51,360.37
9600.00,W2C_3,26.00,178.81,178.81
9660.00,:Center_3_0,23.00,12.10,12.10
9660.00,E2C_1,28.00,61.22,61.22
9660.00,E2C_2,28.00,60.14,64.19
9660.00,E2C_3,12.00,30.42,30.42
9660.00,N2C_0,97.00,472.11,361.36
9660.00,N2C_1,104.00,468.87,366.62
9660.00,N2C_2,3.00,441.86,361.20
9660.00,N2C_3,14.00,240.07,346.87
9660.00,S2C_1,0.00,0.00,66.56
9660.00,S2C_2,13.00,65.51,65.51
9660.00,S2C_3,22.00,37.93,37.93
9660.00,W2C_0,53.00,382.41,362.40
9660.00,W2C_1,13.00,418.50,360.85
9660.00,W2C_2,26.00,314.59,369.60
9660.00,W2C_3,46.00,204.59,211.66
9720.00,:Center_7_0,3.00,9.42,9.42
9720.00,E2C_1,3.00,65.89,69.32
9720.00,E2C_2,0.00,0.00,71.88
9720.00,E2C_3,0.00,0.00,16.62
9720.00,N2C_0,22.00,478.80,320.78
9720.00,N2C_1,26.00,466.88,363.23
9720.00,N2C_2,16.00,314.53,361.59
9720.00,N2C_3,15.00,308.99,345.01
9720.00,S2C_1,13.00,23.50,23.50
9720.00,S2C_2,16.00,21.90,21.90
9720.00,S2C_3,17.00,50.31,53.61
9720.00,W2C_0,113.00,469.54,338.36
9720.00,W2C_1,28.00,478.12,366.06
9720.00,W2C_2,48.00,472.16,360.14
9720.00,W2C_3,18.00,234.35,234.35
9780.00,:Center_7_0,0.00,0.00,9.62
9780.00,E2C_3,6.00,20.51,53.92
9780.00,N2C_0,40.00,391.74,359.17
9780.00,N2C_1,78.00,393.08,363.48
9780.00,N2C_2,31.00,472.95,364.22
9780.00,N2C_3,18.00,452.94,370.34
9780.00,S2C_1,9.00,30.74,30.74
9780.00,S2C_2,12.00,32.91,32.91
9780.00,S2C_3,14.00,47.50,55.68
9780.00,W2C_0,33.00,468.92,343.60
9780.00,W2C_1,12.00,461.39,360.39
9780.00,W2C_2,21.00,419.45,344.74
9780.00,W2C_3,41.00,279.93,279.93
9840.00,E2C_1,30.00,27.46,27.46
9840.00,E2C_2,31.00,25.91,25.91
9840.00,E2C_3,15.00,49.71,49.71
9840.00,N2C_0,63.00,467.58,358.54
9840.00,N2C_1,26.00,464.36,366.84
9840.00,N2C_2,20.00,297.67,359.45
9840.00,N2C_3,13.00,451.56,361.06
9840.00,S2C_2,2.00,5.52,5.52
9840.00,S2C_3,4.00,14.48,53.78
9840.00,W2C_0,26.00,423.25,220.01
9840.00,W2C_1,24.00,394.13,361.28
9840.00,W2C_2,15.00,443.32,350.82
9840.00,W2C_3,31.00,296.29,296.29
9900.00,:Center_3_0,4.00,5.57,9.14
9900.00,E2C_0,1.00,13.00,13.00
9900.00,E2C_1,22.00,64.11,68.18
9900.00,E2C_2,23.00,69.04,69.04
9900.00,E2C_3,5.00,27.21,27.21
9900.00,N2C_0,37.00,232.61,243.43
9900.00,N2C_1,86.00,468.06,363.27
9900.00,N2C_2,36.00,465.85,330.54
9900.00,N2C_3,38.00,443.22,362.65
9900.00,S2C_3,17.00,52.98,52.98
9900.00,W2C_0,13.00,473.16,230.17
9900.00,W2C_1,47.00,472.82,364.35
9900.00,W2C_2,19.00,429.28,362.06
9900.00,W2C_3,79.00,256.47,263.52
9960.00,:Center_7_0,0.00,0.00,9.83
9960.00,:Center_15_0,2.00,5.51,8.96
9960.00,E2C_1,0.00,0.00,96.06
9960.00,E2C_2,6.00,96.15,96.15
9960.00,E2C_3,0.00,0.00,20.73
9960.00,N2C_0,42.00,427.38,363.67
9960.00,N2C_1,43.00,437.19,360.78
9960.00,N2C_2,23.00,469.70,365.00
9960.00,N2C_3,51.00,470.36,307.05
9960.00,S2C_1,15.00,19.92,23.13
9960.00,S2C_2,18.00,20.91,20.91
9960.00,S2C_3,22.00,33.18,33.18
9960.00,W2C_0,25.00,363.77,363.77
9960.00,W2C_1,5.00,313.85,367.65
9960.00,W2C_2,31.00,413.74,363.04
9960.00,W2C_3,70.00,281.30,285.83
10020.00,:Center_3_0,0.00,0.00,3.84
10020.00,:Center_11_0,12.00,12.10,12.10
10020.00,:Center_15_0,2.00,8.10,11.96
10020.00,E2C_1,37.00,97.52,97.52
10020.00,E2C_2,38.00,101.13,101.13
10020.00,E2C_3,0.00,0.00,21.05
10020.00,N2C_0,70.00,482.44,359.38
10020.00,N2C_1,103.00,476.55,364.53
10020.00,N2C_2,16.00,453.53,344.96
10020.00,N2C_3,51.00,431.01,362.69
10020.00,S2C_0,2.00,9.00,9.00
10020.00,S2C_1,21.00,38.91,38.91
10020.00,S2C_2,22.00,43.85,43.85
10020.00,S2C_3,0.00,0.00,11.72
10020.00,W2C_0,52.00,479.02,366.79
10020.00,W2C_1,14.00,452.87,355.21
10020.00,W2C_2,15.00,463.57,364.96
10020.00,W2C_3,21.00,273.66,280.78
10080.00,:Center_11_0,72.00,15.30,12.10
10080.00,:Center_15_0,21.00,16.50,16.50
10080.00,E2C_0,2.00,12.58,12.58
10080.00,E2C_1,3.00,4.77,129.07
10080.00,E2C_2,0.00,0.00,136.32
10080.00,N2C_0,97.00,482.84,370.38
10080.00,N2C_1,39.00,478.73,367.28
10080.00,N2C_2,33.00,415.73,365.49
10080.00,N2C_3,47.00,449.14,364.06
10080.00,S2C_0,28.00,12.50,12.50
10080.00,S2C_1,35.00,73.61,73.61
10080.00,S2C_2,36.00,87.42,87.42
10080.00,S2C_3,39.00,6.27,6.27
10080.00,W2C_0,112.00,470.51,366.78
10080.00,W2C_1,78.00,462.05,360.48
10080.00,W2C_2,66.00,469.65,363.53
10080.00,W2C_3,56.00,285.06,285.06
10140.00,:Center_3_0,8.00,14.60,7.10
10140.00,:Center_11_0,0.00,0.00,11.11
10140.00,E2C_1,20.00,64.53,82.75
10140.00,E2C_2,17.00,66.94,77.56
10140.00,N2C_0,86.00,479.59,361.95
10140.00,N2C_1,53.00,476.38,364.36
10140.00,N2C_2,9.00,407.68,357.59
10140.00,N2C_3,20.00,359.53,366.65
10140.00,S2C_0,0.00,0.00,5.52
10140.00,S2C_1,2.00,3.20,76.16
10140.00,S2C_2,0.00,0.00,91.78
10140.00,W2C_0,147.00,479.80,366.78
10140.00,W2C_1,71.00,468.60,365.99
10140.00,W2C_2,19.00,432.82,361.30
10140.00,W2C_3,20.00,271.64,271.64
10200.00,E2C_1,19.00,109.58,109.58
10200.00,E2C_2,4.00,13.42,72.10
10200.00,E2C_3,3.00,15.97,15.97
10200.00,N2C_0,116.00,460.54,366.48
10200.00,N2C_1,21.00,472.13,362.65
10200.00,N2C_2,15.00,151.12,362.41
10200.00,N2C_3,39.00,385.57,362.72
10200.00,S2C_0,5.00,20.40,20.40
10200.00,S2C_1,19.00,64.11,64.11
10200.00,S2C_2,20.00,70.04,70.04
10200.00,W2C_0,118.00,482.30,72.13
10200.00,W2C_1,65.00,466.90,361.74
10200.00,W2C_2,13.00,278.69,354.67
10200.00,W2C_3,4.00,159.35,167.70
10260.00,:Center_7_0,10.00,13.80,13.80
10260.00,:Center_11_0,14.00,11.60,11.60
10260.00,:Center_15_0,6.00,12.50,8.87
10260.00,E2C_1,2.00,5.50,75.86
10260.00,E2C_2,2.00,3.22,78.37
10260.00,E2C_3,4.00,8.17,15.43
10260.00,N2C_0,25.00,473.19,363.84
10260.00,N2C_1,14.00,461.23,369.20
10260.00,N2C_2,16.00,367.39,360.30
10260.00,N2C_3,9.00,398.74,323.11
10260.00,S2C_1,16.00,61.23,74.95
10260.00,S2C_2,13.00,56.95,73.25
10260.00,W2C_0,22.00,168.45,171.71
10260.00,W2C_1,15.00,455.67,350.81
10260.00,W2C_2,16.00,394.75,360.26
10260.00,W2C_3,11.00,135.31,135.31
10320.00,:Center_3_0,2.00,10.89,10.89
10320.00,:Center_7_0,70.00,13.80,13.80
10320.00,:Center_11_0,29.00,14.00,9.50
10320.00,E2C_1,16.00,31.31,52.62
10320.00,E2C_2,17.00,34.55,49.13
10320.00,E2C_3,64.00,26.05,26.05
10320.00,N2C_0,77.00,477.13,354.04
10320.00,N2C_1,59.00,454.39,359.11
10320.00,N2C_2,61.00,253.15,361.32
10320.00,N2C_3,15.00,387.83,361.59
10320.00,S2C_1,8.00,54.08,54.08
10320.00,S2C_2,9.00,44.07,66.96
10320.00,W2C_0,64.00,225.75,240.59
10320.00,W2C_1,75.00,476.10,362.83
10320.00,W2C_2,76.00,475.95,362.10
10320.00,W2C_3,11.00,127.22,148.00
10380.00,:Center_3_0,23.00,7.80,7.80
10380.00,:Center_11_0,10.00,14.80,6.91
10380.00,E2C_1,27.00,79.92,79.92
10380.00,E2C_2,28.00,74.30,74.30
10380.00,E2C_3,82.00,39.61,39.61
10380.00,N2C_0,31.00,441.88,360.83
10380.00,N2C_1,90.00,458.72,365.71
10380.00,N2C_2,88.00,444.69,366.58
10380.00,N2C_3,12.00,392.51,285.75
10380.00,S2C_1,1.00,3.29,10.45
10380.00,W2C_0,62.00,372.58,365.56
10380.00,W2C_1,77.00,470.42,363.66
10380.00,W2C_2,28.00,434.92,361.34
10380.00,W2C_3,32.00,125.07,132.70
10440.00,:Center_15_0,14.00,12.50,8.00
10440.00,E2C_1,11.00,90.98,90.98
10440.00,E2C_2,12.00,88.98,96.06
10440.00,E2C_3,11.00,47.35,54.80
10440.00,N2C_0,47.00,478.36,361.46
10440.00,N2C_1,52.00,389.44,362.51
10440.00,N2C_2,48.00,469.36,362.89
10440.00,N2C_3,27.00,350.43,350.43
10440.00,S2C_0,10.00,15.70,15.70
10440.00,S2C_1,26.00,24.31,24.31
10440.00,S2C_2,27.00,17.90,21.14
10440.00,S2C_3,0.00,0.00,8.10
10440.00,W2C_0,51.00,437.35,364.98
10440.00,W2C_1,47.00,482.32,360.14
10440.00,W2C_2,13.00,474.31,366.17
10440.00,W2C_3,26.00,163.07,163.07
10500.00,:Center_7_0,26.00,11.60,11.60
10500.00,:Center_15_0,0.00,0.00,4.70
10500.00,E2C_0,2.00,5.34,5.34
10500.00,E2C_1,7.00,86.92,90.23
10500.00,E2C_2,4.00,93.31,93.31
10500.00,E2C_3,2.00,31.15,69.11
10500.00,N2C_0,33.00,473.48,361.37
10500.00,N2C_1,59.00,396.85,361.47
10500.00,N2C_2,60.00,468.07,361.84
10500.00,N2C_3,35.00,350.27,350.27
10500.00,S2C_0,9.00,12.55,12.55
10500.00,S2C_1,14.00,29.42,29.42
10500.00,S2C_2,13.00,34.11,34.11
10500.00,S2C_3,16.00,13.20,17.73
10500.00,W2C_0,55.00,476.53,364.32
10500.00,W2C_1,11.00,472.78,362.81
10500.00,W2C_2,6.00,473.41,358.92
10500.00,W2C_3,14.00,163.50,166.93
10560.00,:Center_7_0,54.00,4.60,20.23
10560.00,E2C_0,15.00,30.45,30.45
10560.00,E2C_1,50.00,87.03,87.03
10560.00,E2C_2,52.00,91.44,91.44
10560.00,E2C_3,57.00,82.52,82.52
10560.00,N2C_0,93.00,475.86,362.68
10560.00,N2C_1,119.00,470.34,362.22
10560.00,N2C_2,120.00,463.57,363.83
10560.00,N2C_3,16.00,335.33,342.36
10560.00,S2C_0,4.00,4.50,4.50
10560.00,S2C_3,0.00,0.00,5.36
10560.00,W2C_0,55.00,468.95,340.65
10560.00,W2C_1,56.00,471.97,364.02
10560.00,W2C_2,49.00,403.24,365.94
10560.00,W2C_3,55.00,95.52,103.77
10620.00,:Center_7_0,44.00,12.10,12.10
10620.00,:Center_11_0,0.00,0.00,4.78
10620.00,E2C_0,50.00,19.81,23.44
10620.00,E2C_1,47.00,92.82,92.82
10620.00,E2C_2,52.00,87.21,87.21
10620.00,E2C_3,39.00,97.62,97.62
10620.00,N2C_0,153.00,481.77,309.12
10620.00,N2C_1,179.00,468.99,362.07
10620.00,N2C_2,180.00,467.19,363.77
10620.00,N2C_3,76.00,363.53,363.53
10620.00,W2C_0,64.00,479.78,337.61
10620.00,W2C_1,49.00,474.39,362.02
10620.00,W2C_2,48.00,476.91,362.16
10620.00,W2C_3,44.00,92.01,92.01
10680.00,:Center_3_0,29.00,12.30,9.10
10680.00,:Center_11_0,25.00,12.60,12.60
10680.00,E2C_0,39.00,27.61,27.61
10680.00,E2C_1,40.00,101.53,101.53
10680.00,E2C_2,41.00,100.02,100.02
10680.00,E2C_3,33.00,104.75,104.75
10680.00,N2C_0,167.00,331.49,331.49
10680.00,N2C_1,232.00,456.82,362.07
10680.00,N2C_2,197.00,425.03,360.57
10680.00,N2C_3,136.00,326.76,342.58
10680.00,W2C_0,63.00,480.98,367.78
10680.00,W2C_1,40.00,471.59,370.75
10680.00,W2C_2,40.00,473.90,363.62
10680.00,W2C_3,39.00,91.75,91.75
10740.00,:Center_7_0,2.00,2.30,21.32
10740.00,:Center_15_0,7.00,11.31,11.31
10740.00,E2C_1,31.00,128.86,128.86
10740.00,E2C_2,29.00,125.42,125.42
10740.00,E2C_3,11.00,94.95,133.62
10740.00,N2C_0,118.00,439.85,363.30
10740.00,N2C_1,39.00,468.39,362.68
10740.00,N2C_2,14.00,461.35,362.46
10740.00,N2C_3,45.00,351.94,366.16
10740.00,S2C_0,12.00,13.40,13.40
10740.00,S2C_1,6.00,5.50,5.50
10740.00,S2C_2,0.00,0.00,3.50
10740.00,S2C_3,0.00,0.00,3.36
10740.00,W2C_0,62.00,481.78,227.41
10740.00,W2C_1,38.00,462.78,365.85
10740.00,W2C_2,23.00,470.02,363.22
10740.00,W2C_3,14.00,477.10,72.60
10800.00,:Center_3_0,0.00,0.00,21.93
10800.00,E2C_0,7.00,4.87,4.87
10800.00,E2C_1,4.00,21.22,32.08
10800.00,E2C_2,6.00,6.40,27.05
10800.00,E2C_3,23.00,106.97,143.50
10800.00,N2C_0,24.00,448.24,177.01
10800.00,N2C_1,45.00,459.32,366.89
10800.00,N2C_2,44.00,469.74,361.47
10800.00,N2C_3,21.00,372.02,361.82
10800.00,S2C_1,1.00,11.30,14.62
10800.00,S2C_2,2.00,12.27,16.93
10800.00,W2C_0,68.00,467.94,229.25
10800.00,W2C_1,11.00,466.27,362.69
10800.00,W2C_2,9.00,452.68,362.37
10800.00,W2C_3,6.00,30.78,81.28
10860.00,:Center_7_0,0.00,0.00,8.79
10860.00,:Center_15_0,5.00,8.72,8.72
10860.00,E2C_1,3.00,12.27,17.57
10860.00,E2C_2,13.00,52.08,52.08
10860.00,E2C_3,0.00,0.00,136.95
10860.00,N2C_0,55.00,468.74,161.09
10860.00,N2C_1,43.00,451.03,366.49
10860.00,N2C_2,47.00,416.10,360.61
10860.00,N2C_3,42.00,402.00,360.82
10860.00,S2C_1,16.00,21.40,32.45
10860.00,S2C_2,16.00,22.70,22.70
10860.00,S2C_3,18.00,28.70,28.70
10860.00,W2C_0,116.00,264.18,264.18
10860.00,W2C_1,25.00,449.05,362.24
10860.00,W2C_2,11.00,460.87,359.68
10860.00,W2C_3,16.00,69.13,69.13
10920.00,:Center_3_0,7.00,15.30,12.10
10920.00,:Center_11_0,15.00,13.20,8.70
10920.00,E2C_1,24.00,18.70,18.70
10920.00,E2C_2,11.00,6.43,13.52
10920.00,E2C_3,19.00,76.61,104.26
10920.00,N2C_0,58.00,179.24,179.24
10920.00,N2C_1,48.00,464.93,361.87
10920.00,N2C_2,43.00,470.44,364.85
10920.00,N2C_3,50.00,297.48,297.48
10920.00,S2C_3,4.00,5.14,5.14
10920.00,W2C_0,176.00,344.19,347.67
10920.00,W2C_1,24.00,454.00,364.88
10920.00,W2C_2,26.00,255.22,354.05
10920.00,W2C_3,15.00,37.07,63.04
10980.00,:Center_7_0,18.00,13.80,13.80
10980.00,E2C_3,11.00,35.84,75.39
10980.00,N2C_0,73.00,312.51,319.63
10980.00,N2C_1,35.00,480.18,360.10
10980.00,N2C_2,26.00,406.62,365.32
10980.00,N2C_3,22.00,272.72,272.72
10980.00,S2C_1,37.00,13.20,13.20
10980.00,S2C_2,38.00,23.30,23.30
10980.00,S2C_3,14.00,11.00,11.00
10980.00,W2C_0,102.00,395.50,364.20
10980.00,W2C_1,54.00,470.45,362.49
10980.00,W2C_2,14.00,244.05,363.47
10980.00,W2C_3,16.00,103.48,111.66
11040.00,E2C_0,1.00,3.24,3.24
11040.00,E2C_1,1.00,3.20,3.20
11040.00,E2C_2,3.00,5.50,5.50
11040.00,E2C_3,29.00,84.70,84.70
11040.00,N2C_0,49.00,380.96,367.19
11040.00,N2C_1,133.00,477.83,364.31
11040.00,N2C_2,32.00,468.16,362.46
11040.00,N2C_3,21.00,252.81,252.81
11040.00,S2C_1,0.00,0.00,4.74
11040.00,S2C_3,16.00,18.90,18.90
11040.00,W2C_0,60.00,473.94,265.33
11040.00,W2C_1,26.00,471.71,364.44
11040.00,W2C_2,17.00,411.47,363.78
11040.00,W2C_3,10.00,47.44,104.57
11100.00,:Center_3_0,2.00,4.60,4.60
11100.00,:Center_7_0,0.00,0.00,2.39
11100.00,E2C_1,4.00,4.60,4.60
11100.00,E2C_2,1.00,3.11,7.86
11100.00,E2C_3,16.00,66.02,66.02
11100.00,N2C_0,41.00,478.74,364.03
11100.00,N2C_1,20.00,470.57,360.77
11100.00,N2C_2,8.00,398.79,363.64
11100.00,N2C_3,8.00,230.82,230.82
11100.00,S2C_0,1.00,4.00,4.00
11100.00,W2C_0,57.00,480.92,362.69
11100.00,W2C_1,37.00,430.79,363.30
11100.00,W2C_2,48.00,465.65,362.93
11100.00,W2C_3,9.00,109.21,109.21
11160.00,E2C_3,4.00,10.00,63.13
11160.00,N2C_0,73.00,478.76,363.01
11160.00,N2C_1,17.00,446.45,361.46
11160.00,N2C_2,17.00,211.46,363.75
11160.00,N2C_3,14.00,206.12,206.12
11160.00,S2C_1,0.00,0.00,9.74
11160.00,S2C_2,1.00,2.52,2.52
11160.00,W2C_0,22.00,447.67,363.76
11160.00,W2C_1,34.00,404.23,364.55
11160.00,W2C_2,20.00,356.13,363.22
11160.00,W2C_3,9.00,95.23,95.23
11220.00,:Center_7_0,6.00,10.01,10.01
11220.00,E2C_3,2.00,3.73,46.74
11220.00,N2C_0,48.00,454.26,366.17
11220.00,N2C_1,25.00,473.75,361.06
11220.00,N2C_2,50.00,365.24,361.83
11220.00,N2C_3,21.00,185.19,185.19
11220.00,S2C_0,4.00,3.20,3.20
11220.00,S2C_1,11.00,3.20,3.20
11220.00,W2C_0,33.00,476.64,144.05
11220.00,W2C_1,12.00,465.82,362.76
11220.00,W2C_2,15.00,446.89,360.92
11220.00,W2C_3,1.00,5.55,24.59
11280.00,:Center_7_0,3.00,13.39,13.39
11280.00,:Center_15_0,0.00,0.00,3.18
11280.00,E2C_1,0.00,0.00,19.16
11280.00,E2C_2,3.00,18.61,18.61
11280.00,E2C_3,0.00,0.00,21.96
11280.00,N2C_0,33.00,472.72,351.40
11280.00,N2C_1,16.00,449.35,360.99
11280.00,N2C_2,13.00,458.59,365.93
11280.00,N2C_3,9.00,187.10,187.10
11280.00,S2C_0,3.00,9.00,9.00
11280.00,S2C_3,1.00,5.51,5.51
11280.00,W2C_0,28.00,321.69,321.69
11280.00,W2C_1,12.00,474.80,366.37
11280.00,W2C_2,7.00,55.08,365.45
11280.00,W2C_3,12.00,39.02,39.02
11340.00,E2C_3,0.00,0.00,14.40
11340.00,N2C_0,15.00,435.86,361.38
11340.00,N2C_1,14.00,441.20,360.07
11340.00,N2C_2,29.00,422.97,361.82
11340.00,N2C_3,19.00,427.50,186.11
11340.00,S2C_0,1.00,5.52,5.52
11340.00,W2C_0,47.00,383.90,361.96
11340.00,W2C_1,12.00,472.45,363.77
11340.00,W2C_2,10.00,56.61,366.43
11340.00,W2C_3,23.00,17.70,17.70
11400.00,:Center_3_0,2.00,2.31,5.54
11400.00,E2C_0,11.00,12.50,12.50
11400.00,E2C_3,1.00,3.21,3.21
11400.00,N2C_0,20.00,450.77,124.43
11400.00,N2C_1,32.00,382.88,362.98
11400.00,N2C_2,22.00,202.83,363.47
11400.00,N2C_3,16.00,259.15,259.15
11400.00,W2C_0,84.00,445.75,351.73
11400.00,W2C_1,26.00,461.56,362.46
11400.00,W2C_2,10.00,112.70,366.39
11400.00,W2C_3,13.00,27.22,27.22
11460.00,:Center_3_0,2.00,4.60,4.60
11460.00,E2C_0,3.00,3.20,3.20
11460.00,E2C_1,4.00,4.00,4.00
11460.00,N2C_0,58.00,296.45,296.45
11460.00,N2C_1,54.00,427.91,362.50
11460.00,N2C_2,17.00,420.95,351.45
11460.00,N2C_3,40.00,281.99,356.26
11460.00,W2C_0,73.00,431.47,361.62
11460.00,W2C_1,15.00,442.73,360.92
11460.00,W2C_2,5.00,6.46,361.13
11460.00,W2C_3,7.00,32.40,32.40
11520.00,:Center_7_0,0.00,0.00,5.71
11520.00,:Center_15_0,3.00,2.30,2.30
11520.00,N2C_0,41.00,332.21,335.56
11520.00,N2C_1,37.00,459.13,363.69
11520.00,N2C_2,12.00,420.53,364.27
11520.00,N2C_3,37.00,294.27,297.48
11520.00,S2C_1,6.00,3.20,3.20
11520.00,S2C_2,12.00,3.20,3.20
11520.00,S2C_3,13.00,5.50,5.50
11520.00,W2C_0,44.00,458.25,363.55
11520.00,W2C_1,15.00,458.94,361.23
11520.00,W2C_2,13.00,137.91,361.14
11520.00,W2C_3,1.00,65.11,68.34
11580.00,E2C_1,0.00,0.00,19.22
11580.00,E2C_2,5.00,12.75,12.75
11580.00,N2C_0,49.00,390.78,368.94
11580.00,N2C_1,25.00,476.69,362.28
11580.00,N2C_2,16.00,403.27,364.44
11580.00,N2C_3,21.00,274.73,274.73
11580.00,S2C_1,6.00,4.00,4.00
11580.00,S2C_2,2.00,9.00,9.00
11580.00,W2C_0,25.00,167.21,167.21
11580.00,W2C_1,21.00,422.98,362.20
11580.00,W2C_2,20.00,97.22,360.69
11580.00,W2C_3,10.00,46.41,46.41
11640.00,E2C_1,8.00,10.21,10.21
11640.00,E2C_2,10.00,5.50,5.50
11640.00,N2C_0,53.00,478.94,363.87
11640.00,N2C_1,19.00,462.33,366.19
11640.00,N2C_2,1.00,268.61,352.80
11640.00,N2C_3,45.00,263.30,270.36
11640.00,W2C_0,23.00,209.63,233.10
11640.00,W2C_1,30.00,381.76,363.72
11640.00,W2C_2,15.00,265.65,350.54
11640.00,W2C_3,16.00,49.01,54.26
11700.00,N2C_0,33.00,433.75,250.03
11700.00,N2C_1,30.00,399.00,364.06
11700.00,N2C_2,20.00,420.67,360.89
11700.00,N2C_3,19.00,258.42,326.19
11700.00,S2C_1,2.00,6.40,6.40
11700.00,S2C_3,0.00,0.00,12.12
11700.00,W2C_0,43.00,276.10,276.10
11700.00,W2C_1,58.00,404.71,364.52
11700.00,W2C_2,5.00,442.82,364.26
11700.00,W2C_3,4.00,80.66,84.05
11760.00,:Center_15_0,0.00,0.00,12.37
11760.00,N2C_0,32.00,183.21,183.21
11760.00,N2C_1,25.00,393.48,361.91
11760.00,N2C_2,42.00,335.59,363.76
11760.00,N2C_3,44.00,367.29,360.29
11760.00,W2C_0,29.00,363.06,363.06
11760.00,W2C_1,44.00,481.71,362.71
11760.00,W2C_2,12.00,84.90,355.27
11760.00,W2C_3,10.00,48.51,48.51
11820.00,E2C_0,14.00,4.00,4.00
11820.00,E2C_1,11.00,3.20,3.20
11820.00,E2C_2,2.00,5.50,5.50
11820.00,E2C_3,3.00,3.21,3.21
11820.00,N2C_0,34.00,282.75,282.75
11820.00,N2C_1,26.00,424.55,358.28
11820.00,N2C_2,102.00,293.15,362.02
11820.00,N2C_3,104.00,372.14,360.64
11820.00,W2C_0,19.00,426.12,245.78
11820.00,W2C_1,16.00,446.79,363.81
11820.00,W2C_2,47.00,45.50,362.56
11820.00,W2C_3,18.00,116.44,116.44
11880.00,:Center_7_0,0.00,0.00,4.62
11880.00,:Center_15_0,2.00,4.61,4.61
11880.00,N2C_0,56.00,295.31,295.31
11880.00,N2C_1,86.00,394.40,360.42
11880.00,N2C_2,162.00,242.13,361.18
11880.00,N2C_3,164.00,340.22,364.00
11880.00,S2C_1,2.00,5.50,5.50
11880.00,S2C_2,0.00,0.00,5.56
11880.00,W2C_0,65.00,412.99,365.06
11880.00,W2C_1,40.00,429.92,357.52
11880.00,W2C_2,0.00,0.00,342.71
11880.00,W2C_3,21.00,145.36,145.36
11940.00,:Center_3_0,0.00,0.00,9.74
11940.00,N2C_0,69.00,270.84,270.84
11940.00,N2C_1,18.00,421.23,365.31
11940.00,N2C_2,222.00,383.93,362.53
11940.00,N2C_3,224.00,363.16,363.16
11940.00,W2C_0,89.00,472.99,359.64
11940.00,W2C_1,21.00,405.63,369.46
11940.00,W2C_2,16.00,234.68,358.96
11940.00,W2C_3,10.00,182.45,187.02
12000.00,E2C_0,25.00,8.70,8.70
12000.00,E2C_1,28.00,3.20,3.20
12000.00,E2C_2,4.00,5.50,5.50
12000.00,E2C_3,16.00,9.00,9.00
12000.00,N2C_0,31.00,183.57,237.96
12000.00,N2C_1,34.00,414.08,362.49
12000.00,N2C_2,282.00,342.76,365.27
12000.00,N2C_3,284.00,362.62,362.62
12000.00,W2C_0,36.00,460.32,343.42
12000.00,W2C_1,32.00,413.27,359.69
12000.00,W2C_2,32.00,306.45,364.33
12000.00,W2C_3,29.00,203.89,203.89
12060.00,:Center_7_0,15.00,12.10,12.10
12060.00,:Center_11_0,2.00,3.10,3.10
12060.00,:Center_15_0,0.00,0.00,2.48
12060.00,E2C_3,1.00,3.24,3.24
12060.00,N2C_0,50.00,240.17,240.17
12060.00,N2C_1,54.00,374.85,363.84
12060.00,N2C_2,16.00,374.99,364.09
12060.00,N2C_3,43.00,396.71,301.14
12060.00,W2C_0,26.00,336.63,336.63
12060.00,W2C_1,77.00,419.13,361.00
12060.00,W2C_2,34.00,395.94,350.79
12060.00,W2C_3,15.00,207.63,207.63
12120.00,:Center_7_0,75.00,12.10,12.10
12120.00,:Center_11_0,5.00,20.10,20.10
12120.00,E2C_0,7.00,3.20,3.20
12120.00,E2C_1,0.00,0.00,5.57
12120.00,E2C_3,61.00,3.24,3.24
12120.00,N2C_0,39.00,274.79,274.79
12120.00,N2C_1,96.00,396.85,363.44
12120.00,N2C_2,49.00,276.95,363.28
12120.00,N2C_3,45.00,349.45,352.75
12120.00,W2C_0,10.00,404.49,227.94
12120.00,W2C_1,137.00,399.40,360.97
12120.00,W2C_2,9.00,200.51,360.61
12120.00,W2C_3,29.00,226.78,226.78
12180.00,N2C_0,51.00,298.88,298.88
12180.00,N2C_1,17.00,317.84,364.35
12180.00,N2C_2,78.00,376.79,363.33
12180.00,N2C_3,13.00,340.48,345.01
12180.00,S2C_1,1.00,5.50,5.50
12180.00,S2C_2,5.00,3.20,3.20
12180.00,W2C_0,55.00,388.56,362.86
12180.00,W2C_1,197.00,467.17,366.35
12180.00,W2C_2,8.00,164.86,361.97
12180.00,W2C_3,20.00,300.32,300.32
12240.00,:Center_7_0,9.00,8.10,8.10
12240.00,:Center_11_0,5.00,18.60,18.60
12240.00,E2C_0,4.00,3.20,3.20
12240.00,E2C_3,6.00,17.22,17.22
12240.00,N2C_0,33.00,328.75,328.75
12240.00,N2C_1,39.00,371.12,364.11
12240.00,N2C_2,33.00,301.99,362.64
12240.00,N2C_3,62.00,361.11,361.11
12240.00,W2C_0,92.00,455.89,322.65
12240.00,W2C_1,97.00,464.58,363.75
12240.00,W2C_2,15.00,467.83,355.77
12240.00,W2C_3,9.00,305.69,319.78
12300.00,:Center_11_0,2.00,7.86,11.14
12300.00,E2C_0,17.00,8.70,8.70
12300.00,E2C_1,4.00,3.21,3.21
12300.00,E2C_2,2.00,5.50,5.50
12300.00,E2C_3,23.00,10.00,10.00
12300.00,N2C_0,35.00,334.68,334.68
12300.00,N2C_1,31.00,325.34,359.77
12300.00,N2C_2,18.00,390.79,365.25
12300.00,N2C_3,80.00,355.45,355.45
12300.00,W2C_0,72.00,461.07,359.58
12300.00,W2C_1,19.00,474.33,359.84
12300.00,W2C_2,20.00,178.30,324.20
12300.00,W2C_3,21.00,214.17,214.17
12360.00,:Center_3_0,2.00,5.55,5.55
12360.00,:Center_11_0,0.00,0.00,16.52
12360.00,E2C_3,1.00,3.23,26.98
12360.00,N2C_0,11.00,248.69,248.69
12360.00,N2C_1,25.00,341.17,364.19
12360.00,N2C_2,18.00,385.60,365.18
12360.00,N2C_3,80.00,364.08,364.08
12360.00,W2C_0,40.00,467.28,362.59
12360.00,W2C_1,132.00,397.78,361.86
12360.00,W2C_2,34.00,315.36,362.18
12360.00,W2C_3,15.00,219.09,226.21
12420.00,:Center_7_0,0.00,0.00,4.55
12420.00,:Center_15_0,12.00,11.91,11.91
12420.00,E2C_1,0.00,0.00,6.79
12420.00,E2C_2,2.00,5.50,5.50
12420.00,N2C_0,27.00,259.08,259.08
12420.00,N2C_1,18.00,264.41,352.94
12420.00,N2C_2,34.00,341.80,361.48
12420.00,N2C_3,26.00,359.97,359.97
12420.00,S2C_3,3.00,7.71,7.71
12420.00,W2C_0,11.00,449.03,363.03
12420.00,W2C_1,20.00,450.78,360.93
12420.00,W2C_2,12.00,342.72,360.69
12420.00,W2C_3,12.00,241.03,265.16
12480.00,:Center_3_0,10.00,9.32,9.32
12480.00,E2C_0,6.00,5.50,5.50
12480.00,E2C_1,12.00,5.50,5.50
12480.00,N2C_0,18.00,66.82,66.82
12480.00,N2C_1,3.00,344.09,362.08
12480.00,N2C_2,10.00,349.47,361.25
12480.00,N2C_3,11.00,341.19,357.51
12480.00,W2C_0,17.00,469.93,361.49
12480.00,W2C_1,28.00,461.87,370.52
12480.00,W2C_2,15.00,169.81,364.95
12480.00,W2C_3,10.00,261.43,280.90
12540.00,:Center_11_0,0.00,0.00,4.75
12540.00,E2C_1,3.00,5.50,5.50
12540.00,E2C_2,1.00,3.28,3.28
12540.00,N2C_0,12.00,69.53,69.53
12540.00,N2C_1,10.00,272.75,306.67
12540.00,N2C_2,16.00,231.78,314.95
12540.00,N2C_3,19.00,200.37,207.54
12540.00,W2C_0,39.00,477.71,358.63
12540.00,W2C_1,23.00,462.96,363.13
12540.00,W2C_2,18.00,384.19,359.85
12540.00,W2C_3,21.00,243.52,243.52
12600.00,:Center_7_0,2.00,4.60,4.60
12600.00,N2C_0,11.00,27.23,27.23
12600.00,N2C_1,13.00,132.11,318.62
12600.00,N2C_2,13.00,182.28,296.98
12600.00,N2C_3,13.00,32.84,103.50
12600.00,S2C_1,2.00,3.21,3.21
12600.00,S2C_3,11.00,12.50,12.50
12600.00,W2C_0,18.00,451.49,366.49
12600.00,W2C_1,99.00,468.39,361.75
12600.00,W2C_2,14.00,456.68,354.72
12600.00,W2C_3,26.00,250.93,281.14
12660.00,:Center_3_0,2.00,2.34,6.58
12660.00,:Center_11_0,1.00,10.04,10.04
12660.00,E2C_0,0.00,0.00,3.29
12660.00,E2C_3,3.00,3.21,3.21
12660.00,N2C_1,7.00,292.60,292.60
12660.00,N2C_2,18.00,245.88,287.53
12660.00,N2C_3,9.00,87.80,118.10
12660.00,W2C_0,13.00,389.32,333.89
12660.00,W2C_1,29.00,465.82,360.18
12660.00,W2C_2,9.00,382.30,364.50
12660.00,W2C_3,23.00,325.19,325.19
12720.00,:Center_3_0,0.00,0.00,3.33
12720.00,:Center_11_0,2.00,2.33,10.68
12720.00,E2C_1,3.00,5.50,5.50
12720.00,E2C_2,3.00,5.50,5.50
12720.00,N2C_1,15.00,97.01,266.45
12720.00,N2C_2,17.00,96.09,262.41
12720.00,N2C_3,10.00,87.89,106.41
12720.00,W2C_0,34.00,426.28,364.74
12720.00,W2C_1,23.00,434.90,363.10
12720.00,W2C_2,13.00,112.22,347.87
12720.00,W2C_3,16.00,302.45,302.45
12780.00,N2C_1,22.00,156.07,221.92
12780.00,N2C_2,18.00,181.07,230.56
12780.00,N2C_3,20.00,82.07,85.35
12780.00,S2C_0,0.00,0.00,2.44
12780.00,S2C_1,0.00,0.00,8.05
12780.00,S2C_2,17.00,12.50,12.50
12780.00,S2C_3,3.00,6.31,6.31
12780.00,W2C_0,33.00,345.93,349.36
12780.00,W2C_1,21.00,463.88,364.09
12780.00,W2C_2,9.00,189.29,362.36
12780.00,W2C_3,7.00,282.71,301.02
12840.00,:Center_7_0,2.00,4.60,4.60
12840.00,:Center_15_0,1.00,8.10,11.95
12840.00,N2C_0,0.00,0.00,4.27
12840.00,N2C_1,11.00,142.93,194.75
12840.00,N2C_2,11.00,173.44,211.74
12840.00,N2C_3,13.00,48.71,69.23
12840.00,S2C_1,4.00,13.00,13.00
12840.00,W2C_0,1.00,154.23,174.22
12840.00,W2C_1,4.00,403.17,343.94
12840.00,W2C_2,15.00,361.94,361.94
12840.00,W2C_3,5.00,254.14,352.56
12900.00,E2C_1,1.00,4.60,4.60
12900.00,N2C_1,14.00,137.39,163.68
12900.00,N2C_2,8.00,119.10,179.73
12900.00,N2C_3,0.00,0.00,33.17
12900.00,W2C_0,17.00,421.87,346.42
12900.00,W2C_1,6.00,417.31,371.00
12900.00,W2C_2,17.00,194.27,354.12
12900.00,W2C_3,17.00,332.50,332.50
12960.00,:Center_7_0,14.00,4.60,4.60
12960.00,N2C_1,24.00,100.03,112.39
12960.00,N2C_2,25.00,65.94,136.20
12960.00,N2C_3,26.00,18.90,22.46
12960.00,S2C_1,19.00,6.40,6.40
12960.00,S2C_2,20.00,12.50,12.50
12960.00,S2C_3,5.00,3.20,3.20
12960.00,W2C_0,14.00,316.59,335.21
12960.00,W2C_1,13.00,375.29,365.02
12960.00,W2C_2,8.00,374.96,364.18
12960.00,W2C_3,38.00,328.28,336.32
13020.00,:Center_7_0,0.00,0.00,4.66
13020.00,N2C_0,0.00,0.00,5.57
13020.00,N2C_1,10.00,138.08,138.08
13020.00,N2C_2,9.00,31.21,132.25
13020.00,N2C_3,0.00,0.00,4.11
13020.00,S2C_0,7.00,3.20,3.20
13020.00,S2C_1,7.00,3.20,3.20
13020.00,W2C_0,15.00,95.24,154.63
13020.00,W2C_1,33.00,348.57,362.51
13020.00,W2C_2,8.00,327.49,363.70
13020.00,W2C_3,22.00,316.02,316.02
13080.00,:Center_3_0,3.00,4.60,4.60
13080.00,E2C_0,0.00,0.00,3.71
13080.00,E2C_1,6.00,3.20,3.20
13080.00,E2C_3,9.00,5.50,5.50
13080.00,N2C_1,16.00,75.71,87.02
13080.00,N2C_2,16.00,87.31,87.31
13080.00,W2C_0,10.00,18.91,39.99
13080.00,W2C_1,13.00,308.53,363.66
13080.00,W2C_2,9.00,353.40,364.10
13080.00,W2C_3,12.00,167.36,271.61
13140.00,E2C_0,1.00,9.02,9.02
13140.00,E2C_3,4.00,2.76,2.76
13140.00,N2C_0,9.00,3.20,3.20
13140.00,N2C_1,21.00,42.27,79.44
13140.00,N2C_2,19.00,75.11,75.11
13140.00,S2C_0,0.00,0.00,3.71
13140.00,S2C_1,17.00,5.50,5.50
13140.00,S2C_2,0.00,0.00,3.39
13140.00,W2C_1,2.00,102.67,276.59
13140.00,W2C_2,3.00,79.64,293.26
13140.00,W2C_3,2.00,111.18,126.71
13200.00,:Center_15_0,3.00,15.13,8.10
13200.00,N2C_0,8.00,3.20,3.20
13200.00,N2C_1,8.00,14.13,48.11
13200.00,N2C_2,9.00,34.44,47.15
13200.00,S2C_1,0.00,0.00,3.24
13200.00,S2C_2,7.00,9.00,9.00
13200.00,W2C_1,7.00,50.45,210.60
13200.00,W2C_2,11.00,159.53,214.79
13200.00,W2C_3,5.00,74.59,227.27
13260.00,:Center_7_0,21.00,9.30,9.30
13260.00,N2C_0,29.00,5.50,5.50
13260.00,N2C_1,28.00,31.20,31.20
13260.00,N2C_2,29.00,32.91,32.91
13260.00,N2C_3,22.00,10.20,10.20
13260.00,S2C_1,18.00,6.41,6.41
13260.00,S2C_2,12.00,6.44,6.44
13260.00,S2C_3,26.00,5.50,5.50
13260.00,W2C_1,2.00,113.38,120.31
13260.00,W2C_2,0.00,0.00,118.73
13260.00,W2C_3,14.00,187.00,187.00
13320.00,E2C_1,4.00,3.20,3.20
13320.00,E2C_3,2.00,5.51,5.51
13320.00,N2C_1,2.00,3.52,3.52
13320.00,N2C_2,0.00,0.00,5.77
13320.00,W2C_0,8.00,4.00,4.00
13320.00,W2C_1,14.00,42.33,42.33
13320.00,W2C_2,14.00,38.53,38.53
13320.00,W2C_3,15.00,128.51,133.61
13380.00,N2C_0,11.00,3.20,3.20
13380.00,N2C_1,5.00,5.50,5.50
13380.00,N2C_2,0.00,0.00,5.52
13380.00,N2C_3,11.00,9.00,9.00
13380.00,S2C_1,15.00,8.50,8.50
13380.00,S2C_2,21.00,13.00,13.00
13380.00,S2C_3,5.00,8.80,8.80
13380.00,W2C_2,0.00,0.00,3.31
13380.00,W2C_3,9.00,132.98,132.98
13440.00,:Center_15_0,5.00,16.14,9.10
13440.00,N2C_1,4.00,3.20,3.20
13440.00,S2C_1,0.00,0.00,3.39
13440.00,W2C_3,11.00,81.83,81.83
13500.00,E2C_0,4.00,9.00,9.00
13500.00,E2C_1,0.00,0.00,5.75
13500.00,E2C_3,13.00,5.50,5.50
13500.00,W2C_1,5.00,9.00,9.00
13500.00,W2C_3,17.00,42.11,42.11
13560.00,:Center_11_0,5.00,9.11,9.11
13560.00,E2C_1,6.00,3.20,3.20
13560.00,W2C_3,11.00,21.50,25.12
13620.00,:Center_3_0,2.00,2.30,2.30
13620.00,E2C_1,1.00,5.50,5.50
13620.00,E2C_2,7.00,3.20,3.20
13620.00,W2C_1,6.00,4.00,4.00
13620.00,W2C_2,5.00,4.00,4.00
13680.00,:Center_3_0,3.00,9.10,9.10
13680.00,E2C_1,4.00,4.00,4.00
13680.00,W2C_1,4.00,3.20,3.20
13740.00,:Center_3_0,1.00,3.10,10.43
13740.00,E2C_1,3.00,3.20,3.20
13740.00,W2C_1,1.00,3.32,3.32
13740.00,W2C_2,0.00,0.00,4.11
13800.00,:Center_11_0,2.00,6.81,6.81
13800.00,E2C_0,4.00,3.20,3.20
13800.00,E2C_1,10.00,3.20,3.20
13800.00,W2C_0,3.00,3.20,6.98
13800.00,W2C_1,6.00,4.00,4.00
13800.00,W2C_3,3.00,13.00,13.00
13860.00,W2C_1,10.00,3.20,3.20
13860.00,W2C_2,3.00,3.20,3.20
13920.00,:Center_11_0,5.00,11.61,11.61
13920.00,E2C_0,7.00,3.20,3.20
13920.00,E2C_1,7.00,3.20,3.20
13920.00,E2C_3,0.00,0.00,3.31
13920.00,W2C_1,8.00,5.50,5.50
13920.00,W2C_3,1.00,9.01,9.01
13980.00,E2C_1,9.00,3.20,3.20
13980.00,E2C_2,4.00,3.20,3.20
13980.00,E2C_3,5.00,3.20,3.20
14040.00,:Center_3_0,0.00,0.00,2.83
14040.00,E2C_0,2.00,5.50,5.50
14040.00,E2C_1,0.00,0.00,5.96
14040.00,W2C_1,9.00,4.00,4.00
14040.00,W2C_2,0.00,0.00,3.25
14100.00,:Center_3_0,1.00,3.12,3.12
14100.00,W2C_1,11.00,2.67,2.67
14160.00,:Center_3_0,5.00,20.10,20.10
14160.00,E2C_1,2.00,4.01,4.01
14160.00,W2C_1,1.00,4.01,4.01
14160.00,W2C_2,4.00,5.50,5.50
14220.00,E2C_1,3.00,4.00,4.00
14220.00,W2C_1,1.00,4.01,4.01
14220.00,W2C_3,10.00,3.88,3.88
14280.00,:Center_3_0,0.00,0.00,9.49
14280.00,E2C_3,6.00,9.00,9.00
14280.00,W2C_0,1.00,3.25,3.25
14280.00,W2C_3,9.00,4.00,4.00
14340.00,:Center_3_0,3.00,15.63,15.63
14340.00,E2C_0,0.00,0.00,5.55
14340.00,E2C_3,6.00,3.20,3.20
14340.00,W2C_1,8.00,3.20,3.20
14340.00,W2C_2,1.00,5.51,5.51
14400.00,:Center_11_0,1.00,9.16,9.16
14400.00,E2C_1,11.00,2.66,2.66
14400.00,E2C_2,5.00,4.00,4.00
14400.00,E2C_3,10.00,3.20,3.20
14460.00,E2C_0,6.00,10.20,10.20
14460.00,W2C_1,8.00,16.50,16.50
14460.00,W2C_2,3.00,5.50,5.50
14520.00,:Center_11_0,2.00,3.10,3.10
14520.00,E2C_1,0.00,0.00,5.51
14520.00,E2C_3,8.00,5.50,5.50
14520.00,W2C_2,7.00,5.50,5.50
14580.00,:Center_3_0,2.00,12.10,12.10
14580.00,E2C_3,0.00,0.00,3.83
14580.00,W2C_1,1.00,3.20,3.20
14580.00,W2C_3,3.00,3.20,3.20
14640.00,:Center_3_0,2.00,12.10,12.10
14640.00,S2C_3,0.00,0.00,10.64
14640.00,W2C_0,2.00,3.21,3.21
14700.00,:Center_3_0,3.00,6.31,21.98
14700.00,E2C_0,1.00,3.21,3.21
14700.00,E2C_1,8.00,3.20,3.20
14700.00,E2C_3,6.00,9.00,9.00
14760.00,W2C_0,1.00,3.23,6.75
14760.00,W2C_1,2.00,5.53,5.53
14820.00,:Center_3_0,1.00,3.11,3.11
14820.00,E2C_1,3.00,3.21,3.21
14820.00,E2C_2,9.00,4.00,4.00
14820.00,W2C_1,0.00,0.00,5.55
14880.00,:Center_3_0,1.00,3.11,3.11
14880.00,:Center_11_0,3.00,4.60,4.60
14880.00,E2C_1,4.00,5.50,5.50
14880.00,E2C_2,0.00,0.00,5.59
14880.00,W2C_1,6.00,4.00,4.00
14940.00,E2C_1,9.00,3.20,3.20
14940.00,E2C_2,6.00,5.50,5.50
14940.00,E2C_3,3.00,13.00,20.07
14940.00,W2C_1,0.00,0.00,5.60
14940.00,W2C_3,5.00,9.00,9.00
15000.00,E2C_1,0.00,0.00,3.72
15000.00,W2C_0,7.00,5.50,5.50
15060.00,:Center_11_0,3.00,7.82,12.47
15060.00,E2C_1,8.00,5.50,5.50
15060.00,E2C_2,5.00,3.20,14.27
15060.00,W2C_1,6.00,3.20,3.20
15060.00,W2C_3,2.00,3.20,3.20
15120.00,:Center_3_0,4.00,8.10,8.10
15120.00,E2C_1,5.00,3.20,3.20
15120.00,E2C_3,5.00,3.20,3.20
15120.00,W2C_1,3.00,4.00,4.00
15120.00,W2C_2,1.00,4.02,4.02
15120.00,W2C_3,0.00,0.00,3.40
15180.00,E2C_0,0.00,0.00,4.16
15180.00,W2C_1,4.00,3.20,3.20
15240.00,E2C_1,3.00,3.20,3.20
15240.00,E2C_3,8.00,4.00,4.00
15240.00,W2C_1,4.00,3.20,3.20
15240.00,W2C_3,1.00,3.21,3.21
15300.00,:Center_11_0,3.00,4.60,4.60
15300.00,E2C_1,4.00,3.20,3.20
15300.00,W2C_3,5.00,3.20,3.20
15360.00,:Center_11_0,0.00,0.00,2.73
15360.00,E2C_1,4.00,3.20,3.20
15360.00,E2C_2,3.00,3.21,3.21
15360.00,W2C_0,4.00,4.00,4.00
15420.00,:Center_11_0,5.00,5.52,5.52
15420.00,E2C_1,2.00,9.00,9.00
15420.00,W2C_0,2.00,4.01,4.01
15420.00,W2C_1,5.00,5.50,5.50
15480.00,E2C_1,3.00,3.21,3.21
15480.00,E2C_2,1.00,5.50,5.50
15480.00,E2C_3,5.00,3.20,3.20
15480.00,W2C_1,6.00,3.20,3.20
15540.00,:Center_3_0,0.00,0.00,4.62
15540.00,:Center_11_0,0.00,0.00,7.13
15540.00,E2C_1,4.00,5.50,5.50
15540.00,W2C_1,5.00,5.50,5.50
15600.00,E2C_1,4.00,3.20,3.20
15600.00,W2C_3,7.00,3.20,3.20
15660.00,:Center_11_0,0.00,0.00,2.31
15660.00,E2C_1,1.00,3.23,3.23
15660.00,W2C_0,10.00,5.50,8.77
15720.00,W2C_1,0.00,0.00,3.23
15780.00,:Center_3_0,5.00,3.10,3.10
15780.00,E2C_2,5.00,12.00,12.00
15780.00,E2C_3,2.00,5.52,5.52
15780.00,W2C_1,0.00,0.00,3.47
15780.00,W2C_3,0.00,0.00,3.40
15840.00,:Center_11_0,3.00,3.11,10.14
15840.00,E2C_0,8.00,5.50,5.50
15840.00,E2C_1,0.00,0.00,3.21
15840.00,W2C_1,9.00,5.50,5.50
15840.00,W2C_2,6.00,3.20,3.20
15900.00,:Center_11_0,3.00,4.60,4.60
15900.00,E2C_1,0.00,0.00,4.70
15900.00,E2C_2,1.00,5.51,5.51
15900.00,W2C_1,1.00,3.29,3.29
15960.00,:Center_11_0,3.00,3.11,7.22
15960.00,E2C_0,6.00,4.00,4.00
15960.00,E2C_1,7.00,3.20,3.20
15960.00,E2C_2,0.00,0.00,5.55
15960.00,W2C_1,6.00,3.20,3.20
15960.00,W2C_2,3.00,3.21,3.21
15960.00,W2C_3,4.00,3.20,3.20
16020.00,:Center_3_0,2.00,4.60,11.73
16020.00,E2C_1,6.00,3.20,3.20
16020.00,W2C_1,3.00,5.51,5.51
16020.00,W2C_2,0.00,0.00,3.21
16080.00,E2C_0,0.00,0.00,3.60
16080.00,E2C_1,3.00,5.50,5.50
16080.00,W2C_1,2.00,3.21,3.21
16140.00,:Center_11_0,4.00,17.81,17.81
16140.00,E2C_0,1.00,5.50,5.50
16140.00,E2C_1,0.00,0.00,3.24
16140.00,W2C_3,8.00,5.50,5.50
16200.00,E2C_0,2.00,3.20,3.20
16200.00,W2C_1,2.00,4.02,4.02
16200.00,W2C_3,9.00,18.70,18.70
16260.00,:Center_11_0,3.00,12.10,12.10
16260.00,E2C_0,3.00,5.50,5.50
16260.00,E2C_3,5.00,3.20,3.20
16260.00,W2C_1,7.00,5.50,5.50
16260.00,W2C_2,2.00,4.01,4.01
16260.00,W2C_3,4.00,5.50,5.50
16320.00,:Center_3_0,1.00,8.12,8.12
16320.00,E2C_1,0.00,0.00,4.04
16320.00,E2C_2,7.00,4.00,4.00
16320.00,E2C_3,8.00,3.20,3.20
16320.00,W2C_1,4.00,4.00,4.00
16320.00,W2C_3,12.00,5.50,5.50
16380.00,:Center_3_0,4.00,3.10,3.10
16380.00,E2C_0,2.00,3.20,3.20
16380.00,E2C_1,4.00,3.20,3.20
16380.00,W2C_1,5.00,5.50,5.50
16380.00,W2C_2,8.00,3.20,3.20
16440.00,:Center_11_0,0.00,0.00,5.74
16440.00,E2C_0,3.00,5.51,5.51
16440.00,W2C_3,2.00,4.00,4.00
16500.00,E2C_1,3.00,4.02,4.02
16500.00,E2C_2,0.00,0.00,3.73
16500.00,W2C_1,6.00,5.50,5.50
16500.00,W2C_3,8.00,3.20,3.20
16560.00,:Center_3_0,5.00,4.60,4.60
16560.00,E2C_1,8.00,3.20,3.20
16560.00,E2C_2,7.00,3.20,3.20
16560.00,W2C_0,1.00,5.51,5.51
16560.00,W2C_1,10.00,5.50,5.50
16560.00,W2C_2,1.00,4.01,4.01
16620.00,E2C_0,0.00,0.00,4.06
16620.00,E2C_1,4.00,3.20,3.20
16620.00,W2C_3,7.00,9.00,9.00
16680.00,:Center_11_0,0.00,0.00,7.98
16680.00,E2C_0,0.00,0.00,3.91
16680.00,W2C_1,3.00,5.50,5.50
16680.00,W2C_3,1.00,3.24,3.24
16740.00,:Center_11_0,0.00,0.00,4.78
16740.00,E2C_3,8.00,4.00,11.03
16800.00,E2C_1,0.00,0.00,3.36
16800.00,W2C_3,5.00,5.50,5.50
16860.00,:Center_3_0,1.00,2.33,2.33
16860.00,:Center_11_0,3.00,4.60,4.60
16860.00,E2C_0,10.00,3.20,3.20
16860.00,E2C_1,2.00,3.21,3.21
16860.00,E2C_2,5.00,5.50,5.50
16860.00,W2C_3,1.00,3.20,3.20
16920.00,:Center_11_0,3.00,12.10,12.10
16920.00,E2C_0,4.00,9.00,9.00
16920.00,W2C_0,8.00,3.20,3.20
16920.00,W2C_1,4.00,5.50,5.50
16980.00,:Center_3_0,3.00,4.60,7.93
16980.00,E2C_1,10.00,5.50,5.50
16980.00,E2C_3,3.00,3.21,3.21
16980.00,W2C_1,3.00,3.21,3.21
17040.00,:Center_11_0,1.00,3.10,10.16
17040.00,E2C_1,4.00,9.00,9.00
17040.00,E2C_2,0.00,0.00,5.62
17040.00,W2C_0,11.00,6.40,6.40
17040.00,W2C_3,2.00,5.50,5.50
17100.00,:Center_11_0,4.00,2.31,2.31
17100.00,E2C_0,5.00,3.20,3.20
17100.00,E2C_3,6.00,3.20,3.20
17100.00,W2C_3,7.00,3.20,3.20
17160.00,:Center_11_0,1.00,2.32,2.32
17160.00,E2C_1,9.00,3.20,3.20
17160.00,E2C_2,6.00,5.50,5.50
17160.00,W2C_1,8.00,4.00,4.00
17160.00,W2C_2,4.00,4.00,4.00
17220.00,E2C_1,2.00,3.21,3.21
17220.00,E2C_2,0.00,0.00,3.58
17220.00,W2C_0,5.00,5.50,5.50
17220.00,W2C_3,7.00,3.20,3.20
17280.00,E2C_0,9.00,5.50,5.50
17280.00,W2C_0,1.00,3.21,3.21
17340.00,:Center_11_0,0.00,0.00,6.33
17340.00,E2C_1,8.00,5.50,5.50
17340.00,E2C_3,2.00,5.51,5.51
17400.00,E2C_1,4.00,3.20,3.20
17400.00,W2C_0,6.00,4.00,4.00
17400.00,W2C_1,7.00,5.50,5.50
17400.00,W2C_2,3.00,3.21,3.21
17460.00,E2C_1,6.00,3.20,3.20
17460.00,E2C_2,4.00,13.00,13.00
17460.00,W2C_3,0.00,0.00,5.74
17520.00,:Center_11_0,3.00,5.53,5.53
17520.00,E2C_1,2.00,3.20,3.20
17520.00,W2C_3,10.00,19.10,19.10
17580.00,:Center_3_0,0.00,0.00,2.66
17580.00,E2C_3,7.00,6.41,6.41
17580.00,W2C_0,1.00,3.21,3.21
17640.00,E2C_3,6.00,4.00,9.58
17640.00,W2C_0,0.00,0.00,4.02
17640.00,W2C_1,2.00,3.20,3.20
17700.00,E2C_1,5.00,9.00,9.00
17700.00,W2C_1,4.00,5.50,5.50
17760.00,:Center_3_0,0.00,0.00,2.66
17760.00,W2C_1,3.00,5.50,5.50
17760.00,W2C_2,7.00,5.50,5.50
17820.00,:Center_3_0,0.00,0.00,7.69
17820.00,:Center_11_0,4.00,4.60,4.60
17820.00,E2C_1,11.00,6.40,6.40
17820.00,E2C_2,10.00,5.50,5.50
17820.00,W2C_1,4.00,5.50,5.50
17880.00,:Center_3_0,2.00,6.87,6.87
17880.00,E2C_0,1.00,3.27,3.27
17880.00,E2C_1,0.00,0.00,3.29
17880.00,W2C_1,2.00,4.00,4.00
17940.00,E2C_0,7.00,5.50,5.50
17940.00,E2C_3,2.00,3.23,3.23
17940.00,W2C_1,8.00,3.20,3.20
17940.00,W2C_2,6.00,3.20,3.20
18000.00,E2C_1,7.00,5.50,5.50
18000.00,W2C_1,0.00,0.00,4.06
18060.00,:Center_3_0,4.00,4.60,4.60
18060.00,:Center_11_0,4.00,2.30,2.30
18060.00,E2C_1,3.00,5.50,5.50
18060.00,W2C_1,3.00,4.00,4.00
18120.00,:Center_11_0,1.00,2.30,2.30
18180.00,E2C_1,3.00,3.22,3.22
18180.00,E2C_3,6.00,3.20,3.20
18180.00,W2C_0,0.00,0.00,5.57
18180.00,W2C_1,6.00,5.50,5.50
18180.00,W2C_2,8.00,5.50,5.50
18240.00,E2C_3,3.00,9.00,9.00
18240.00,W2C_0,6.00,3.20,3.20
18300.00,:Center_11_0,3.00,4.60,4.60
18360.00,E2C_1,4.00,3.20,3.20
18360.00,E2C_2,1.00,4.00,4.00
18360.00,W2C_1,9.00,4.00,4.00
18360.00,W2C_3,3.00,5.50,5.50
18420.00,E2C_1,6.00,9.00,9.00
18420.00,S2C_3,0.00,0.00,3.25
18420.00,W2C_2,6.00,9.00,9.00
18480.00,E2C_1,12.00,11.77,11.77
18480.00,E2C_2,9.00,6.40,6.40
18480.00,S2C_1,0.00,0.00,3.59
18480.00,W2C_1,6.00,10.20,10.20
18480.00,W2C_2,6.00,5.50,5.50
18540.00,:Center_11_0,2.00,4.60,4.60
18540.00,E2C_1,5.00,9.00,9.00
18540.00,E2C_2,10.00,3.05,6.56
18540.00,W2C_1,10.00,2.30,2.30
18540.00,W2C_2,3.00,5.50,5.50
18600.00,:Center_3_0,3.00,4.60,4.60
18600.00,E2C_0,7.00,3.20,3.20
18600.00,W2C_1,6.00,3.20,3.20
18600.00,W2C_2,4.00,3.20,3.20
18660.00,:Center_11_0,2.00,2.33,5.60
18660.00,E2C_3,7.00,3.20,3.20
18660.00,W2C_2,4.00,4.00,4.00
18660.00,W2C_3,4.00,4.00,4.00
18720.00,:Center_3_0,2.00,4.60,4.60
18720.00,:Center_11_0,0.00,0.00,3.10
18720.00,W2C_1,0.00,0.00,9.22
18720.00,W2C_3,9.00,3.20,3.20
18780.00,:Center_11_0,2.00,2.31,2.31
18780.00,E2C_1,7.00,5.50,5.50
18780.00,W2C_0,9.00,3.20,3.20
18780.00,W2C_1,2.00,5.50,5.50
18840.00,:Center_3_0,2.00,2.30,2.30
18840.00,E2C_1,2.00,3.20,3.20
18840.00,E2C_3,0.00,0.00,3.28
18840.00,W2C_0,8.00,5.50,5.50
18900.00,:Center_3_0,3.00,2.31,6.87
18900.00,E2C_1,2.00,3.21,3.21
18960.00,:Center_11_0,3.00,4.60,8.09
18960.00,E2C_0,8.00,3.20,3.20
19020.00,:Center_3_0,2.00,9.59,9.59
19020.00,E2C_1,2.00,4.00,4.00
19020.00,W2C_1,0.00,0.00,3.22
19080.00,:Center_11_0,1.00,8.11,8.11
19080.00,E2C_0,1.00,5.51,5.51
19080.00,E2C_3,11.00,5.67,5.67
19080.00,W2C_1,0.00,0.00,6.01
19080.00,W2C_2,6.00,9.00,9.00
19140.00,:Center_11_0,2.00,11.66,11.66
19140.00,E2C_1,0.00,0.00,3.56
19140.00,W2C_0,4.00,3.20,3.20
19140.00,W2C_1,5.00,5.50,5.50
19140.00,W2C_2,2.00,3.24,3.24
19200.00,E2C_0,0.00,0.00,3.26
19200.00,E2C_3,6.00,5.50,5.50
19200.00,W2C_1,1.00,3.20,3.20
19200.00,W2C_3,7.00,3.20,3.20
19260.00,:Center_11_0,1.00,3.24,3.24
19260.00,E2C_0,5.00,4.00,4.00
19260.00,E2C_1,2.00,4.01,4.01
19320.00,E2C_3,0.00,0.00,3.21
19320.00,W2C_0,7.00,5.50,5.50
19320.00,W2C_1,5.00,3.20,3.20
19380.00,:Center_11_0,16.00,16.31,9.30
19380.00,E2C_1,3.00,3.21,3.21
19380.00,W2C_1,20.00,5.50,5.50
19380.00,W2C_2,19.00,9.30,9.30
19440.00,:Center_11_0,0.00,0.00,2.32
19440.00,E2C_1,8.00,3.20,3.20
19440.00,E2C_3,5.00,9.00,9.00
19440.00,W2C_1,1.00,3.21,3.21
19500.00,:Center_11_0,2.00,5.59,5.59
19500.00,E2C_0,3.00,4.01,4.01
19500.00,E2C_1,6.00,3.20,3.20
19500.00,E2C_2,5.00,13.00,13.00
19500.00,W2C_1,1.00,3.22,3.22
19500.00,W2C_2,3.00,13.00,13.00
19560.00,:Center_3_0,1.00,2.41,2.41
19560.00,E2C_1,5.00,9.00,9.00
19560.00,E2C_3,0.00,0.00,3.39
19560.00,W2C_0,4.00,3.20,3.20
19560.00,W2C_1,8.00,4.00,4.00
19620.00,:Center_11_0,1.00,2.39,2.39
19620.00,E2C_1,1.00,3.25,3.25
19620.00,W2C_1,7.00,5.50,5.50
19620.00,W2C_2,1.00,4.01,4.01
19680.00,:Center_3_0,0.00,0.00,8.04
19680.00,E2C_1,0.00,0.00,3.57
19680.00,E2C_3,1.00,3.22,3.22
19680.00,W2C_1,6.00,3.20,3.20
19740.00,:Center_11_0,1.00,4.63,4.63
19740.00,E2C_0,1.00,4.00,4.00
19740.00,W2C_0,1.00,5.51,5.51
19740.00,W2C_1,4.00,4.00,4.00
19800.00,:Center_3_0,0.00,0.00,2.42
19800.00,W2C_0,2.00,4.00,4.00
19860.00,:Center_3_0,1.00,3.14,3.14
19860.00,W2C_1,0.00,0.00,3.30
19860.00,W2C_2,0.00,0.00,5.88
19920.00,:Center_11_0,0.00,0.00,2.93
19920.00,E2C_1,6.00,5.50,5.50
19920.00,W2C_0,6.00,5.50,5.50
19980.00,E2C_3,6.00,5.50,5.50
19980.00,W2C_1,1.00,3.24,3.24
20040.00,E2C_0,4.00,9.00,9.00
20100.00,:Center_3_0,2.00,4.60,4.60
20100.00,:Center_11_0,3.00,8.10,8.10
20100.00,E2C_1,4.00,13.00,13.00
20100.00,W2C_3,10.00,13.00,20.27
20160.00,:Center_3_0,2.00,3.10,3.10
20160.00,:Center_11_0,18.00,11.31,11.31
20160.00,E2C_0,0.00,0.00,4.13
20160.00,E2C_1,6.00,5.50,5.50
20160.00,W2C_1,21.00,2.30,2.30
20160.00,W2C_2,13.00,2.35,2.35
20160.00,W2C_3,0.00,0.00,3.31
20220.00,E2C_0,1.00,5.50,5.50
20220.00,E2C_1,5.00,3.20,3.20
20220.00,E2C_2,5.00,3.20,3.20
20220.00,W2C_3,4.00,13.00,13.00
20280.00,E2C_1,7.00,5.50,5.50
20280.00,E2C_2,0.00,0.00,5.53
20280.00,E2C_3,6.00,9.00,9.00
20280.00,W2C_1,5.00,4.00,4.00
20340.00,:Center_3_0,1.00,4.62,4.62
20340.00,:Center_11_0,2.00,2.30,2.30
20340.00,E2C_1,0.00,0.00,4.06
20340.00,E2C_3,7.00,5.50,5.50
20340.00,W2C_3,9.00,12.49,19.54
20400.00,:Center_3_0,3.00,6.80,6.80
20400.00,E2C_0,2.00,4.00,4.00
20400.00,E2C_1,6.00,4.00,4.00
20400.00,E2C_3,4.00,5.50,5.50
20400.00,W2C_1,0.00,0.00,3.25
20400.00,W2C_2,8.00,5.50,5.50
20460.00,:Center_11_0,1.00,3.12,7.86
20460.00,E2C_0,9.00,2.30,2.30
20460.00,E2C_1,1.00,5.50,5.50
20460.00,W2C_1,4.00,5.50,5.50
20520.00,E2C_0,2.00,5.50,5.50
20520.00,E2C_3,2.00,3.20,3.20
20520.00,W2C_0,0.00,0.00,4.02
20580.00,:Center_11_0,0.00,0.00,4.61
20580.00,E2C_1,1.00,3.28,3.28
20580.00,E2C_2,7.00,5.50,5.50
20580.00,W2C_1,5.00,5.50,5.50
20640.00,E2C_1,0.00,0.00,3.30
20640.00,E2C_2,6.00,3.20,3.20
20640.00,W2C_1,0.00,0.00,4.07
20640.00,W2C_3,0.00,0.00,3.38
20700.00,:Center_11_0,1.00,4.62,4.62
20700.00,E2C_0,5.00,5.50,5.50
20700.00,E2C_1,0.00,0.00,3.22
20700.00,W2C_1,0.00,0.00,5.57
20700.00,W2C_2,9.00,3.08,3.08
20760.00,:Center_11_0,0.00,0.00,2.46
20760.00,E2C_3,4.00,4.00,4.00
20760.00,W2C_1,2.00,3.21,3.21
20820.00,:Center_3_0,2.00,2.32,2.32
20820.00,E2C_1,2.00,3.20,3.20
20820.00,W2C_1,5.00,3.20,3.20
20880.00,:Center_11_0,0.00,0.00,4.78
20880.00,E2C_1,4.00,13.00,13.00
20880.00,E2C_3,10.00,13.00,13.00
20880.00,W2C_1,7.00,3.20,3.20
20880.00,W2C_2,4.00,3.20,3.20
20940.00,:Center_11_0,1.00,8.10,8.10
20940.00,E2C_1,4.00,5.50,5.50
20940.00,W2C_1,7.00,3.20,3.20
21000.00,E2C_1,1.00,3.38,3.38
21000.00,W2C_1,0.00,0.00,3.51
21060.00,:Center_3_0,1.00,3.17,3.17
21060.00,E2C_1,0.00,0.00,5.56
21060.00,E2C_2,6.00,3.20,3.20
21060.00,W2C_0,3.00,5.50,5.50
21060.00,W2C_1,2.00,3.21,3.21
21120.00,:Center_11_0,0.00,0.00,4.61
21120.00,E2C_1,6.00,3.20,3.20
21120.00,W2C_1,3.00,5.50,5.50
21120.00,W2C_2,2.00,3.21,3.21
21180.00,:Center_3_0,1.00,4.60,4.60
21180.00,:Center_11_0,0.00,0.00,2.33
21180.00,E2C_1,2.00,4.00,4.00
21180.00,W2C_1,7.00,5.50,5.50
21180.00,W2C_2,1.00,4.03,7.86
21240.00,E2C_1,0.00,0.00,4.00
21240.00,E2C_3,0.00,0.00,3.42
21240.00,W2C_1,0.00,0.00,3.37
21300.00,:Center_11_0,0.00,0.00,3.13
21300.00,W2C_0,0.00,0.00,3.59
21360.00,E2C_1,4.00,4.00,4.00
21360.00,W2C_1,2.00,5.50,5.50
21360.00,W2C_2,4.00,5.50,5.50
21420.00,:Center_11_0,1.00,4.60,4.60
21420.00,W2C_1,2.00,3.20,3.20
21420.00,W2C_2,0.00,0.00,3.21
21480.00,:Center_3_0,2.00,4.61,9.46
21480.00,E2C_3,0.00,0.00,5.62
21540.00,:Center_3_0,2.00,2.30,5.79
21540.00,E2C_0,5.00,3.20,3.20
21540.00,E2C_1,1.00,9.00,9.00
21540.00,W2C_0,3.00,5.50,5.50
21540.00,W2C_1,3.00,5.50,5.50
21540.00,W2C_3,0.00,0.00,4.51
21600.00,E2C_1,0.00,0.00,4.21
21600.00,E2C_2,1.00,5.51,5.51
21600.00,W2C_0,5.00,3.20,3.20
21600.00,W2C_3,4.00,3.20,3.20
21660.00,:Center_3_0,1.00,2.34,2.34
21660.00,:Center_11_0,2.00,2.30,9.33
21660.00,E2C_0,2.00,3.20,3.20
21660.00,W2C_1,3.00,3.20,3.20
21720.00,:Center_11_0,2.00,8.53,12.01
21720.00,E2C_0,6.00,5.50,5.50
21720.00,E2C_1,19.00,17.10,17.10
21720.00,E2C_2,19.00,26.50,26.50
21720.00,E2C_3,10.00,4.94,4.94
21720.00,N2C_1,2.00,22.45,33.18
21720.00,N2C_2,2.00,19.36,35.01
21720.00,N2C_3,0.00,0.00,20.86
21720.00,W2C_1,8.00,5.18,5.18
21720.00,W2C_3,0.00,0.00,3.62
21780.00,:Center_3_0,6.00,12.10,12.10
21780.00,:Center_11_0,2.00,14.09,0.00
21780.00,E2C_1,19.00,46.91,46.91
21780.00,E2C_2,19.00,38.21,38.21
21780.00,E2C_3,7.00,5.50,5.50
21780.00,N2C_1,0.00,0.00,30.53
21780.00,N2C_2,0.00,0.00,20.79
21780.00,N2C_3,1.00,7.77,14.83
21780.00,S2C_1,7.00,46.01,46.01
21780.00,S2C_2,4.00,41.93,41.93
21780.00,S2C_3,4.00,3.24,3.24
21780.00,W2C_0,2.00,3.20,3.20
21780.00,W2C_1,19.00,15.77,15.77
21780.00,W2C_2,18.00,16.13,19.37
21840.00,:Center_3_0,29.00,18.60,7.60
21840.00,E2C_0,1.00,9.01,9.01
21840.00,E2C_1,19.00,55.64,60.17
21840.00,E2C_2,19.00,62.51,62.51
21840.00,N2C_1,34.00,60.11,60.11
21840.00,N2C_2,35.00,51.41,51.41
21840.00,N2C_3,0.00,0.00,12.61
21840.00,S2C_3,25.00,36.65,36.65
21840.00,W2C_1,5.00,30.57,49.88
21840.00,W2C_2,7.00,44.85,49.46
21900.00,:Center_3_0,9.00,8.10,8.10
21900.00,:Center_7_0,7.00,12.51,12.51
21900.00,E2C_1,79.00,97.42,97.42
21900.00,E2C_2,79.00,94.22,94.22
21900.00,N2C_0,8.00,3.20,3.20
21900.00,N2C_1,16.00,52.86,71.38
21900.00,N2C_2,15.00,26.61,61.76
21900.00,N2C_3,8.00,5.50,5.50
21900.00,S2C_0,4.00,3.20,3.20
21900.00,S2C_3,10.00,18.98,71.88
21900.00,W2C_2,0.00,0.00,66.89
21960.00,:Center_3_0,0.00,0.00,11.60
21960.00,:Center_7_0,0.00,0.00,14.49
21960.00,:Center_11_0,1.00,9.56,9.56
21960.00,E2C_1,17.00,119.52,119.52
21960.00,E2C_2,17.00,106.04,106.04
21960.00,E2C_3,4.00,9.24,9.24
21960.00,N2C_1,17.00,61.30,68.37
21960.00,N2C_2,15.00,43.47,60.32
21960.00,N2C_3,0.00,0.00,3.25
21960.00,S2C_1,2.00,2.32,9.01
21960.00,S2C_2,3.00,8.11,15.21
21960.00,S2C_3,6.00,78.24,78.24
21960.00,W2C_0,4.00,4.00,4.00
21960.00,W2C_1,4.00,5.50,5.50
21960.00,W2C_2,3.00,8.75,8.75
22020.00,E2C_1,20.00,71.84,123.53
22020.00,E2C_2,26.00,129.03,129.03
22020.00,E2C_3,0.00,0.00,14.38
22020.00,N2C_1,4.00,17.23,88.25
22020.00,N2C_2,4.00,8.52,94.97
22020.00,S2C_1,4.00,7.74,34.82
22020.00,S2C_2,4.00,8.75,17.68
22020.00,S2C_3,6.00,19.22,87.35
22020.00,W2C_1,2.00,10.20,21.29
22020.00,W2C_2,2.00,24.43,24.43
22080.00,:Center_7_0,15.00,12.10,12.10
22080.00,:Center_11_0,5.00,5.51,5.51
22080.00,E2C_0,10.00,9.71,16.80
22080.00,E2C_1,11.00,111.99,128.05
22080.00,E2C_2,15.00,128.36,128.36
22080.00,E2C_3,12.00,12.81,12.81
22080.00,N2C_1,28.00,81.68,85.91
22080.00,N2C_2,11.00,86.01,86.01
22080.00,S2C_2,0.00,0.00,8.97
22080.00,S2C_3,17.00,97.96,97.96
22080.00,W2C_0,13.00,5.50,5.50
22080.00,W2C_1,50.00,49.91,49.91
22080.00,W2C_2,26.00,44.01,48.71
22080.00,W2C_3,5.00,13.00,13.00
22140.00,:Center_3_0,1.00,13.40,13.40
22140.00,:Center_7_0,38.00,11.90,11.90
22140.00,:Center_11_0,15.00,12.10,12.10
22140.00,E2C_0,4.00,5.50,5.50
22140.00,E2C_1,17.00,132.22,132.22
22140.00,E2C_2,12.00,100.49,122.35
22140.00,E2C_3,6.00,17.50,17.50
22140.00,N2C_1,88.00,108.32,108.32
22140.00,N2C_2,71.00,110.02,110.02
22140.00,N2C_3,3.00,9.74,9.74
22140.00,S2C_1,2.00,3.10,6.36
22140.00,S2C_2,2.00,5.65,9.08
22140.00,S2C_3,14.00,59.18,59.18
22140.00,W2C_1,18.00,60.23,60.23
22140.00,W2C_2,18.00,58.53,58.53
22140.00,W2C_3,3.00,14.66,14.66
22200.00,:Center_11_0,0.00,0.00,16.51
22200.00,E2C_0,11.00,7.20,11.86
22200.00,E2C_1,13.00,131.30,134.68
22200.00,E2C_2,33.00,133.63,133.63
22200.00,E2C_3,66.00,42.41,42.41
22200.00,N2C_1,147.00,154.03,154.03
22200.00,N2C_2,127.00,142.63,149.73
22200.00,N2C_3,2.00,15.55,20.51
22200.00,S2C_2,0.00,0.00,21.84
22200.00,S2C_3,1.00,28.09,58.80
22200.00,W2C_0,3.00,3.22,3.22
22200.00,W2C_1,11.00,40.03,49.89
22200.00,W2C_2,11.00,38.40,38.40
22200.00,W2C_3,11.00,25.20,25.20
22260.00,:Center_7_0,4.00,13.30,13.30
22260.00,E2C_1,11.00,125.18,155.70
22260.00,E2C_2,7.00,109.27,153.63
22260.00,E2C_3,2.00,5.50,22.95
22260.00,N2C_1,17.00,170.32,170.32
22260.00,N2C_2,14.00,165.94,165.94
22260.00,N2C_3,21.00,97.04,97.04
22260.00,S2C_1,19.00,21.33,21.33
22260.00,S2C_2,17.00,20.43,20.43
22260.00,S2C_3,16.00,36.73,46.30
22260.00,W2C_1,2.00,4.01,15.07
22260.00,W2C_2,2.00,3.27,89.08
22260.00,W2C_3,7.00,20.23,20.23
22320.00,:Center_7_0,0.00,0.00,12.52
22320.00,:Center_15_0,9.00,11.01,11.01
22320.00,E2C_1,7.00,83.57,148.19
22320.00,E2C_2,9.00,115.29,147.01
22320.00,E2C_3,0.00,0.00,40.45
22320.00,N2C_1,17.00,136.54,174.43
22320.00,N2C_2,16.00,179.46,179.46
22320.00,N2C_3,49.00,50.35,50.35
22320.00,S2C_0,7.00,9.00,9.00
22320.00,S2C_1,17.00,24.31,24.31
22320.00,S2C_2,18.00,27.70,27.70
22320.00,S2C_3,15.00,35.82,39.13
22320.00,W2C_1,2.00,12.52,12.52
22320.00,W2C_2,6.00,71.72,71.72
22380.00,:Center_7_0,0.00,0.00,11.63
22380.00,E2C_0,0.00,0.00,6.19
22380.00,E2C_1,17.00,86.34,129.95
22380.00,E2C_2,21.00,113.82,137.87
22380.00,E2C_3,10.00,27.61,27.61
22380.00,N2C_0,0.00,0.00,3.31
22380.00,N2C_1,6.00,151.21,191.52
22380.00,N2C_2,18.00,183.96,195.09
22380.00,N2C_3,9.00,17.68,25.81
22380.00,S2C_1,27.00,41.85,41.85
22380.00,S2C_2,26.00,54.51,54.51
22380.00,S2C_3,13.00,42.91,49.99
22380.00,W2C_1,20.00,47.81,47.81
22380.00,W2C_2,18.00,48.11,48.11
22380.00,W2C_3,0.00,0.00,11.22
22440.00,:Center_3_0,3.00,13.33,13.33
22440.00,:Center_11_0,4.00,7.60,11.02
22440.00,E2C_1,13.00,130.02,130.02
22440.00,E2C_2,14.00,139.06,139.06
22440.00,E2C_3,12.00,30.72,45.09
22440.00,N2C_1,10.00,86.22,211.99
22440.00,N2C_2,9.00,116.39,152.26
22440.00,N2C_3,0.00,0.00,13.46
22440.00,S2C_1,8.00,67.98,67.98
22440.00,S2C_2,11.00,57.13,67.63
22440.00,S2C_3,5.00,71.43,71.43
22440.00,W2C_0,14.00,14.20,14.20
22440.00,W2C_1,24.00,49.91,49.91
22440.00,W2C_2,25.00,59.41,59.41
22500.00,:Center_3_0,7.00,13.39,13.39
22500.00,:Center_11_0,4.00,2.30,13.04
22500.00,E2C_1,11.00,130.28,130.28
22500.00,E2C_2,11.00,128.18,131.74
22500.00,E2C_3,10.00,28.99,37.63
22500.00,N2C_1,5.00,57.03,197.16
22500.00,N2C_2,10.00,119.35,154.14
22500.00,N2C_3,0.00,0.00,7.92
22500.00,S2C_1,10.00,77.72,81.06
22500.00,S2C_2,12.00,80.81,80.81
22500.00,S2C_3,11.00,56.81,56.81
22500.00,W2C_1,23.00,82.29,82.29
22500.00,W2C_2,24.00,80.91,80.91
22560.00,:Center_3_0,0.00,0.00,11.64
22560.00,:Center_7_0,0.00,0.00,12.48
22560.00,:Center_11_0,0.00,0.00,11.92
22560.00,E2C_1,6.00,82.00,100.67
22560.00,E2C_2,8.00,100.65,100.65
22560.00,E2C_3,7.00,37.14,40.69
22560.00,N2C_1,13.00,190.56,193.96
22560.00,N2C_2,18.00,200.22,200.22
22560.00,S2C_1,21.00,86.73,86.73
22560.00,S2C_2,15.00,78.63,92.66
22560.00,S2C_3,7.00,48.98,48.98
22560.00,W2C_1,6.00,122.53,122.53
22560.00,W2C_2,4.00,20.01,124.44
22560.00,W2C_3,3.00,3.20,3.20
22620.00,E2C_1,27.00,117.43,117.43
22620.00,E2C_2,26.00,114.42,121.43
22620.00,E2C_3,5.00,13.43,64.72
22620.00,N2C_1,14.00,217.81,217.81
22620.00,N2C_2,15.00,211.85,211.85
22620.00,N2C_3,0.00,0.00,13.89
22620.00,S2C_1,70.00,111.82,111.82
22620.00,S2C_2,61.00,109.02,109.02
22620.00,S2C_3,14.00,50.64,50.64
22620.00,W2C_0,3.00,5.50,5.50
22620.00,W2C_1,7.00,94.37,94.37
22620.00,W2C_2,5.00,29.71,96.93
22620.00,W2C_3,6.00,16.00,16.00
22680.00,:Center_7_0,0.00,0.00,4.71
22680.00,:Center_15_0,6.00,10.24,10.24
22680.00,E2C_1,11.00,61.85,105.75
22680.00,E2C_2,10.00,94.15,130.85
22680.00,E2C_3,0.00,0.00,71.45
22680.00,N2C_0,17.00,2.38,2.38
22680.00,N2C_1,16.00,192.36,204.08
22680.00,N2C_2,15.00,197.28,204.33
22680.00,N2C_3,15.00,36.16,36.16
22680.00,S2C_1,14.00,94.97,143.49
22680.00,S2C_2,14.00,141.59,141.59
22680.00,S2C_3,13.00,20.20,20.20
22680.00,W2C_1,11.00,93.02,107.30
22680.00,W2C_2,10.00,117.92,117.92
22740.00,:Center_7_0,2.00,13.41,13.41
22740.00,E2C_1,8.00,136.21,140.80
22740.00,E2C_2,12.00,58.50,143.16
22740.00,E2C_3,5.00,56.14,74.00
22740.00,N2C_1,10.00,156.87,200.33
22740.00,N2C_2,14.00,173.19,228.33
22740.00,N2C_3,6.00,5.50,5.50
22740.00,S2C_1,11.00,136.42,136.42
22740.00,S2C_2,11.00,142.38,142.38
22740.00,S2C_3,8.00,8.70,8.70
22740.00,W2C_1,10.00,61.05,86.37
22740.00,W2C_2,6.00,86.64,101.20
22800.00,:Center_3_0,0.00,0.00,19.17
22800.00,:Center_7_0,0.00,0.00,13.63
22800.00,E2C_1,18.00,137.00,137.00
22800.00,E2C_2,14.00,143.20,143.20
22800.00,E2C_3,8.00,58.69,62.11
22800.00,N2C_0,3.00,5.50,5.50
22800.00,N2C_1,29.00,223.89,223.89
22800.00,N2C_2,19.00,224.62,224.62
22800.00,N2C_3,4.00,10.22,46.14
22800.00,S2C_0,4.00,3.20,3.20
22800.00,S2C_1,4.00,106.68,117.45
22800.00,S2C_2,5.00,111.09,118.20
22800.00,S2C_3,7.00,16.95,16.95
22800.00,W2C_0,0.00,0.00,12.75
22800.00,W2C_1,14.00,45.50,78.61
22800.00,W2C_2,14.00,66.75,77.59
22800.00,W2C_3,0.00,0.00,2.34
22860.00,:Center_3_0,5.00,23.31,7.80
22860.00,:Center_11_0,10.00,17.80,17.80
22860.00,E2C_0,6.00,10.20,10.20
22860.00,E2C_1,20.00,156.03,156.03
22860.00,E2C_2,22.00,145.57,145.57
22860.00,E2C_3,20.00,48.56,56.79
22860.00,N2C_1,35.00,247.22,247.22
22860.00,N2C_2,34.00,227.69,243.36
22860.00,N2C_3,15.00,50.46,50.46
22860.00,S2C_1,10.00,88.42,88.42
22860.00,S2C_2,7.00,91.28,91.28
22860.00,S2C_3,1.00,16.98,24.06
22860.00,W2C_0,8.00,4.00,4.00
22860.00,W2C_1,22.00,54.50,71.78
22860.00,W2C_2,20.00,39.02,71.73
22860.00,W2C_3,15.00,15.50,15.50
22920.00,:Center_3_0,22.00,7.80,7.80
22920.00,E2C_0,3.00,4.00,4.00
22920.00,E2C_1,58.00,172.14,172.14
22920.00,E2C_2,81.00,165.63,165.63
22920.00,E2C_3,11.00,35.02,42.60
22920.00,N2C_0,0.00,0.00,9.74
22920.00,N2C_1,22.00,244.06,270.59
22920.00,N2C_2,21.00,197.96,277.91
22920.00,N2C_3,29.00,56.64,56.64
22920.00,S2C_0,0.00,0.00,19.61
22920.00,S2C_1,41.00,110.13,110.13
22920.00,S2C_2,41.00,103.05,103.05
22920.00,S2C_3,0.00,0.00,7.42
22920.00,W2C_1,6.00,11.05,26.91
22920.00,W2C_2,4.00,6.40,36.12
22920.00,W2C_3,0.00,0.00,4.29
22980.00,:Center_7_0,5.00,15.04,0.00
22980.00,:Center_15_0,7.00,3.10,3.10
22980.00,E2C_1,15.00,99.29,195.72
22980.00,E2C_2,27.00,206.66,206.66
22980.00,E2C_3,2.00,5.12,45.15
22980.00,N2C_1,16.00,302.93,302.93
22980.00,N2C_2,16.00,306.06,306.06
22980.00,N2C_3,17.00,28.50,47.72
22980.00,S2C_0,15.00,18.98,18.98
22980.00,S2C_1,41.00,146.64,146.64
22980.00,S2C_2,15.00,56.30,142.15
22980.00,S2C_3,3.00,21.58,21.58
22980.00,W2C_0,2.00,5.50,10.07
22980.00,W2C_1,1.00,4.01,15.04
22980.00,W2C_2,5.00,20.44,35.62
23040.00,:Center_3_0,1.00,4.60,4.60
23040.00,E2C_1,18.00,221.53,221.53
23040.00,E2C_2,16.00,216.03,216.03
23040.00,E2C_3,15.00,47.34,47.34
23040.00,N2C_0,4.00,13.43,13.43
23040.00,N2C_1,12.00,292.32,317.70
23040.00,N2C_2,11.00,243.76,309.86
23040.00,N2C_3,16.00,58.50,58.50
23040.00,S2C_1,10.00,113.25,134.79
23040.00,S2C_2,14.00,131.11,131.11
23040.00,S2C_3,2.00,5.52,8.89
23040.00,W2C_1,16.00,48.11,48.11
23040.00,W2C_2,19.00,46.81,51.34
23100.00,:Center_7_0,5.00,13.39,13.39
23100.00,:Center_15_0,4.00,17.39,17.39
23100.00,E2C_1,31.00,234.96,238.41
23100.00,E2C_2,33.00,235.23,235.23
23100.00,E2C_3,12.00,33.59,33.59
23100.00,N2C_0,0.00,0.00,3.26
23100.00,N2C_1,25.00,330.81,330.81
23100.00,N2C_2,26.00,324.13,327.48
23100.00,N2C_3,9.00,29.73,40.56
23100.00,S2C_1,8.00,106.54,120.76
23100.00,S2C_2,3.00,17.41,121.74
23100.00,S2C_3,10.00,10.24,10.24
23100.00,W2C_1,13.00,41.31,41.31
23100.00,W2C_2,14.00,46.11,46.11
23100.00,W2C_3,2.00,11.05,31.90
23160.00,E2C_0,7.00,36.41,36.41
23160.00,E2C_1,14.00,186.45,237.34
23160.00,E2C_2,14.00,161.37,236.60
23160.00,E2C_3,14.00,39.20,39.20
23160.00,N2C_1,9.00,261.82,349.33
23160.00,N2C_2,21.00,354.86,354.86
23160.00,N2C_3,16.00,32.72,32.72
23160.00,S2C_1,11.00,93.04,93.04
23160.00,S2C_2,8.00,97.31,97.31
23160.00,S2C_3,0.00,0.00,4.77
23160.00,W2C_1,25.00,65.72,65.72
23160.00,W2C_2,27.00,69.41,69.41
23160.00,W2C_3,20.00,18.65,18.65
23220.00,:Center_3_0,1.00,3.10,10.39
23220.00,:Center_11_0,7.00,14.36,11.01
23220.00,E2C_0,11.00,10.02,10.02
23220.00,E2C_1,26.00,243.48,259.05
23220.00,E2C_2,27.00,227.46,242.44
23220.00,E2C_3,24.00,74.74,81.74
23220.00,N2C_1,11.00,244.89,352.13
23220.00,N2C_2,6.00,75.44,341.28
23220.00,N2C_3,0.00,0.00,4.61
23220.00,S2C_1,36.00,123.56,123.56
23220.00,S2C_2,36.00,129.12,129.12
23220.00,S2C_3,0.00,0.00,5.27
23220.00,W2C_1,15.00,28.31,66.97
23220.00,W2C_2,14.00,56.29,63.35
23220.00,W2C_3,14.00,21.20,21.20
23280.00,:Center_7_0,0.00,0.00,20.25
23280.00,:Center_15_0,12.00,14.80,7.80
23280.00,E2C_0,6.00,14.02,14.02
23280.00,E2C_1,14.00,220.03,285.68
23280.00,E2C_2,9.00,113.71,291.08
23280.00,E2C_3,8.00,39.15,71.72
23280.00,N2C_1,26.00,231.47,334.39
23280.00,N2C_2,17.00,183.62,330.65
23280.00,N2C_3,20.00,14.10,14.10
23280.00,S2C_1,20.00,56.99,130.09
23280.00,S2C_2,18.00,100.77,117.26
23280.00,S2C_3,1.00,25.70,25.70
23280.00,W2C_1,3.00,82.14,82.14
23280.00,W2C_2,2.00,5.51,85.04
23280.00,W2C_3,5.00,16.95,16.95
23340.00,:Center_7_0,56.00,12.10,12.10
23340.00,:Center_11_0,54.00,13.20,10.00
23340.00,E2C_0,17.00,46.11,46.11
23340.00,E2C_1,25.00,261.79,268.91
23340.00,E2C_2,16.00,212.50,270.98
23340.00,E2C_3,54.00,62.81,62.81
23340.00,N2C_1,86.00,311.36,329.35
23340.00,N2C_2,60.00,289.93,317.16
23340.00,N2C_3,34.00,35.71,35.71
23340.00,S2C_1,49.00,142.64,142.64
23340.00,S2C_2,48.00,144.43,144.43
23340.00,S2C_3,40.00,129.72,129.72
23340.00,W2C_0,18.00,3.20,3.20
23340.00,W2C_1,26.00,88.52,88.52
23340.00,W2C_2,29.00,95.91,95.91
23340.00,W2C_3,9.00,10.20,10.20
23400.00,:Center_7_0,116.00,12.10,12.10
23400.00,:Center_11_0,1.00,4.60,4.60
23400.00,:Center_15_0,2.00,4.60,4.60
23400.00,E2C_0,5.00,10.21,41.54
23400.00,E2C_1,46.00,280.61,307.69
23400.00,E2C_2,44.00,254.24,288.05
23400.00,E2C_3,114.00,91.01,91.01
23400.00,N2C_1,146.00,357.17,357.17
23400.00,N2C_2,120.00,355.07,355.07
23400.00,N2C_3,38.00,58.21,58.21
23400.00,S2C_1,7.00,44.54,49.27
23400.00,S2C_2,8.00,54.33,61.64
23400.00,W2C_0,6.00,10.52,10.52
23400.00,W2C_1,73.00,118.84,122.04
23400.00,W2C_2,72.00,128.55,128.55
23400.00,W2C_3,3.00,5.50,8.81
23460.00,:Center_7_0,176.00,12.10,12.10
23460.00,:Center_11_0,6.00,8.10,8.10
23460.00,:Center_15_0,4.00,7.85,12.45
23460.00,E2C_0,11.00,73.96,103.08
23460.00,E2C_1,50.00,235.79,295.91
23460.00,E2C_2,48.00,230.38,306.28
23460.00,E2C_3,174.00,116.52,116.52
23460.00,N2C_1,206.00,395.58,360.36
23460.00,N2C_2,180.00,388.28,365.27
23460.00,N2C_3,42.00,76.76,76.76
23460.00,S2C_1,5.00,3.20,3.20
23460.00,S2C_2,5.00,4.00,4.00
23460.00,S2C_3,5.00,3.20,3.20
23460.00,W2C_1,51.00,168.16,168.16
23460.00,W2C_2,50.00,160.73,160.73
23460.00,W2C_3,0.00,0.00,10.38
23520.00,:Center_7_0,236.00,12.10,12.10
23520.00,:Center_11_0,0.00,0.00,12.94
23520.00,E2C_0,54.00,55.11,55.11
23520.00,E2C_1,53.00,168.79,329.88
23520.00,E2C_2,55.00,318.72,318.72
23520.00,E2C_3,234.00,147.93,147.93
23520.00,N2C_1,266.00,430.98,360.36
23520.00,N2C_2,240.00,431.18,365.27
23520.00,N2C_3,5.00,23.25,101.54
23520.00,W2C_0,31.00,19.70,19.70
23520.00,W2C_1,70.00,205.66,205.66
23520.00,W2C_2,70.00,204.04,207.50
23520.00,W2C_3,57.00,16.70,16.70
23580.00,E2C_0,4.00,12.51,12.51
23580.00,E2C_1,28.00,331.66,331.66
23580.00,E2C_2,7.00,166.85,328.12
23580.00,E2C_3,34.00,228.63,228.63
23580.00,N2C_0,23.00,78.59,82.21
23580.00,N2C_1,23.00,232.33,374.38
23580.00,N2C_2,27.00,263.94,336.60
23580.00,N2C_3,20.00,390.01,373.38
23580.00,S2C_1,2.00,4.62,11.77
23580.00,S2C_2,0.00,0.00,9.56
23580.00,S2C_3,0.00,0.00,9.34
23580.00,W2C_0,2.00,7.39,10.63
23580.00,W2C_1,5.00,128.52,219.25
23580.00,W2C_2,6.00,144.64,195.06
23580.00,W2C_3,8.00,18.95,18.95
23640.00,E2C_0,5.00,34.23,34.23
23640.00,E2C_1,4.00,108.36,298.19
23640.00,E2C_2,7.00,223.89,305.29
23640.00,E2C_3,18.00,216.26,216.26
23640.00,N2C_0,42.00,101.33,101.33
23640.00,N2C_1,25.00,364.84,361.50
23640.00,N2C_2,22.00,381.89,361.24
23640.00,N2C_3,42.00,334.99,334.99
23640.00,S2C_1,14.00,32.61,32.61
23640.00,S2C_2,13.00,28.21,28.21
23640.00,S2C_3,6.00,19.83,19.83
23640.00,W2C_0,4.00,12.52,31.13
23640.00,W2C_1,6.00,85.26,198.07
23640.00,W2C_2,7.00,181.05,184.43
23700.00,:Center_7_0,0.00,0.00,3.13
23700.00,:Center_15_0,6.00,2.30,2.30
23700.00,E2C_0,65.00,43.91,43.91
23700.00,E2C_1,20.00,237.56,279.79
23700.00,E2C_2,9.00,193.08,282.15
23700.00,E2C_3,21.00,224.19,227.60
23700.00,N2C_0,22.00,66.59,66.59
23700.00,N2C_1,16.00,319.82,365.80
23700.00,N2C_2,48.00,406.31,363.56
23700.00,N2C_3,101.00,367.40,362.78
23700.00,S2C_1,15.00,28.00,28.00
23700.00,S2C_2,13.00,24.20,24.20
23700.00,S2C_3,16.00,20.40,20.40
23700.00,W2C_1,17.00,210.15,210.15
23700.00,W2C_2,12.00,199.58,199.58
23760.00,E2C_0,0.00,0.00,47.17
23760.00,E2C_1,11.00,243.60,264.16
23760.00,E2C_2,19.00,253.50,264.58
23760.00,E2C_3,32.00,270.67,270.67
23760.00,N2C_0,18.00,91.92,95.45
23760.00,N2C_1,13.00,316.01,362.98
23760.00,N2C_2,14.00,280.61,364.14
23760.00,N2C_3,71.00,395.98,362.66
23760.00,S2C_0,7.00,3.20,3.20
23760.00,S2C_1,5.00,3.20,3.20
23760.00,S2C_3,14.00,46.72,46.72
23760.00,W2C_1,8.00,75.92,211.59
23760.00,W2C_2,5.00,183.07,205.24
23820.00,:Center_7_0,6.00,16.25,16.25
23820.00,:Center_15_0,3.00,9.34,9.34
23820.00,E2C_1,27.00,194.81,272.76
23820.00,E2C_2,27.00,277.45,277.45
23820.00,E2C_3,28.00,291.11,295.65
23820.00,N2C_0,7.00,88.49,91.79
23820.00,N2C_1,7.00,437.96,362.99
23820.00,N2C_2,41.00,340.08,361.89
23820.00,N2C_3,71.00,410.65,361.84
23820.00,S2C_0,4.00,5.50,5.50
23820.00,S2C_1,5.00,3.20,3.20
23820.00,S2C_2,0.00,0.00,13.85
23820.00,S2C_3,13.00,13.23,13.23
23820.00,W2C_1,10.00,181.97,199.78
23820.00,W2C_2,8.00,63.02,197.57
23820.00,W2C_3,0.00,0.00,8.35
23880.00,:Center_3_0,0.00,0.00,8.80
23880.00,E2C_0,1.00,12.16,12.16
23880.00,E2C_1,15.00,177.61,298.72
23880.00,E2C_2,20.00,304.55,304.55
23880.00,E2C_3,26.00,246.19,290.64
23880.00,N2C_0,2.00,3.24,71.52
23880.00,N2C_1,11.00,432.01,370.34
23880.00,N2C_2,25.00,340.02,361.89
23880.00,N2C_3,39.00,442.58,248.16
23880.00,S2C_1,1.00,10.36,10.36
23880.00,S2C_2,4.00,4.00,11.28
23880.00,S2C_3,4.00,3.20,3.20
23880.00,W2C_1,14.00,204.95,204.95
23880.00,W2C_2,15.00,179.73,193.92
23940.00,E2C_0,8.00,23.64,23.64
23940.00,E2C_1,9.00,304.09,308.82
23940.00,E2C_2,8.00,237.27,305.71
23940.00,E2C_3,22.00,300.21,300.21
23940.00,N2C_0,7.00,44.41,44.41
23940.00,N2C_1,15.00,255.49,361.22
23940.00,N2C_2,16.00,450.44,365.19
23940.00,N2C_3,67.00,287.71,364.98
23940.00,S2C_1,0.00,0.00,21.67
23940.00,S2C_2,0.00,0.00,28.83
23940.00,W2C_1,5.00,156.79,168.95
23940.00,W2C_2,4.00,142.13,170.48
24000.00,:Center_3_0,13.00,8.10,8.10
24000.00,E2C_1,16.00,242.37,336.27
24000.00,E2C_2,30.00,327.35,338.20
24000.00,E2C_3,34.00,286.23,286.23
24000.00,N2C_0,5.00,45.50,49.69
24000.00,N2C_1,32.00,462.31,362.24
24000.00,N2C_2,12.00,396.98,361.27
24000.00,N2C_3,49.00,195.70,249.83
24000.00,S2C_2,4.00,18.90,22.13
24000.00,S2C_3,0.00,0.00,27.61
24000.00,W2C_1,9.00,134.27,139.02
24000.00,W2C_2,9.00,132.30,135.55
24000.00,W2C_3,1.00,4.00,12.18
24060.00,:Center_3_0,6.00,12.10,12.10
24060.00,:Center_7_0,1.00,2.36,9.45
24060.00,:Center_15_0,4.00,12.10,12.10
24060.00,E2C_0,9.00,34.72,50.27
24060.00,E2C_1,28.00,328.49,328.49
24060.00,E2C_2,38.00,328.59,328.59
24060.00,E2C_3,27.00,248.18,248.18
24060.00,N2C_0,11.00,7.70,15.22
24060.00,N2C_1,13.00,469.29,361.50
24060.00,N2C_2,13.00,382.98,365.57
24060.00,N2C_3,12.00,240.98,240.98
24060.00,S2C_0,0.00,0.00,3.29
24060.00,S2C_1,14.00,14.70,14.70
24060.00,S2C_2,12.00,18.91,18.91
24060.00,S2C_3,4.00,13.00,13.00
24060.00,W2C_1,6.00,60.22,91.21
24060.00,W2C_2,10.00,74.92,89.07
24060.00,W2C_3,0.00,0.00,2.33
24120.00,:Center_3_0,3.00,7.88,11.34
24120.00,:Center_11_0,9.00,15.31,10.80
24120.00,E2C_0,14.00,39.21,42.45
24120.00,E2C_1,15.00,304.47,327.32
24120.00,E2C_2,16.00,263.56,323.55
24120.00,E2C_3,10.00,259.15,263.70
24120.00,N2C_0,7.00,76.35,76.35
24120.00,N2C_1,28.00,295.52,365.72
24120.00,N2C_2,13.00,383.85,361.75
24120.00,N2C_3,23.00,290.49,290.49
24120.00,S2C_0,0.00,0.00,4.17
24120.00,S2C_1,2.00,12.45,38.52
24120.00,S2C_2,0.00,0.00,52.99
24120.00,S2C_3,0.00,0.00,3.21
24120.00,W2C_0,15.00,6.40,6.40
24120.00,W2C_1,17.00,38.82,42.16
24120.00,W2C_2,15.00,46.11,46.11
24120.00,W2C_3,15.00,6.40,6.40
24180.00,:Center_3_0,17.00,12.10,12.10
24180.00,:Center_11_0,0.00,0.00,11.27
24180.00,E2C_0,31.00,39.12,39.12
24180.00,E2C_1,22.00,276.66,335.34
24180.00,E2C_2,21.00,262.99,344.65
24180.00,E2C_3,11.00,182.64,249.46
24180.00,N2C_0,0.00,0.00,26.68
24180.00,N2C_1,28.00,468.55,371.89
24180.00,N2C_2,23.00,377.70,363.13
24180.00,N2C_3,73.00,293.68,297.23
24180.00,S2C_0,0.00,0.00,30.09
24180.00,S2C_3,5.00,16.79,16.79
24180.00,W2C_1,7.00,79.87,79.87
24180.00,W2C_2,8.00,42.02,69.45
24180.00,W2C_3,5.00,4.00,4.00
24240.00,:Center_3_0,0.00,0.00,13.43
24240.00,:Center_11_0,0.00,0.00,13.58
24240.00,E2C_0,3.00,9.74,18.87
24240.00,E2C_1,20.00,303.12,333.75
24240.00,E2C_2,23.00,339.27,339.27
24240.00,E2C_3,11.00,140.77,242.87
24240.00,N2C_0,48.00,66.96,66.96
24240.00,N2C_1,86.00,374.90,363.80
24240.00,N2C_2,33.00,471.78,362.58
24240.00,N2C_3,22.00,250.44,250.44
24240.00,S2C_1,0.00,0.00,18.58
24240.00,S2C_2,1.00,16.30,20.95
24240.00,S2C_3,0.00,0.00,4.82
24240.00,W2C_1,5.00,14.71,63.95
24240.00,W2C_2,4.00,68.76,68.76
24240.00,W2C_3,2.00,3.20,16.80
24300.00,:Center_3_0,7.00,8.10,8.10
24300.00,:Center_7_0,6.00,12.70,9.30
24300.00,:Center_15_0,1.00,17.81,17.81
24300.00,E2C_0,1.00,8.29,8.29
24300.00,E2C_1,41.00,228.90,344.04
24300.00,E2C_2,40.00,228.96,332.21
24300.00,E2C_3,13.00,243.15,272.51
24300.00,N2C_0,49.00,410.36,140.31
24300.00,N2C_1,50.00,457.73,358.92
24300.00,N2C_2,28.00,293.65,364.35
24300.00,N2C_3,17.00,169.08,263.57
24300.00,S2C_1,16.00,34.44,34.44
24300.00,S2C_2,12.00,36.61,36.61
24300.00,S2C_3,7.00,3.20,10.41
24300.00,W2C_1,29.00,79.11,79.11
24300.00,W2C_2,28.00,90.12,90.12
24300.00,W2C_3,23.00,63.11,74.49
24360.00,:Center_7_0,40.00,24.80,9.30
24360.00,:Center_11_0,8.00,13.80,9.30
24360.00,E2C_0,15.00,12.50,12.50
24360.00,E2C_1,45.00,354.30,354.30
24360.00,E2C_2,26.00,347.26,347.26
24360.00,E2C_3,18.00,233.48,270.07
24360.00,N2C_0,109.00,215.10,215.10
24360.00,N2C_1,43.00,433.81,360.44
24360.00,N2C_2,43.00,446.12,362.53
24360.00,N2C_3,37.00,220.05,234.36
24360.00,W2C_1,13.00,48.68,59.76
24360.00,W2C_2,16.00,47.83,62.94
24360.00,W2C_3,15.00,8.70,8.70
24420.00,:Center_7_0,10.00,12.10,12.10
24420.00,:Center_11_0,9.00,13.60,9.10
24420.00,E2C_0,18.00,5.50,5.50
24420.00,E2C_1,35.00,296.97,360.63
24420.00,E2C_2,29.00,270.16,366.34
24420.00,E2C_3,60.00,292.13,292.13
24420.00,N2C_0,169.00,253.28,253.28
24420.00,N2C_1,103.00,459.78,362.80
24420.00,N2C_2,103.00,418.45,362.82
24420.00,N2C_3,60.00,256.42,256.42
24420.00,W2C_1,20.00,40.56,103.13
24420.00,W2C_2,19.00,51.46,106.74
24420.00,W2C_3,22.00,54.81,54.81
24480.00,:Center_3_0,4.00,8.83,8.83
24480.00,:Center_7_0,70.00,15.30,12.10
24480.00,:Center_11_0,5.00,19.10,8.10
24480.00,E2C_0,7.00,15.87,15.87
24480.00,E2C_1,45.00,296.66,358.49
24480.00,E2C_2,47.00,260.68,371.31
24480.00,E2C_3,41.00,309.68,309.68
24480.00,N2C_0,229.00,322.20,322.20
24480.00,N2C_1,163.00,475.38,362.35
24480.00,N2C_2,163.00,443.46,361.89
24480.00,N2C_3,68.00,254.85,263.45
24480.00,S2C_1,5.00,2.30,2.30
24480.00,S2C_2,4.00,2.31,2.31
24480.00,S2C_3,0.00,0.00,7.64
24480.00,W2C_0,1.00,4.03,4.03
24480.00,W2C_1,69.00,147.33,147.33
24480.00,W2C_2,49.00,141.33,141.33
24480.00,W2C_3,3.00,44.05,44.05
24540.00,:Center_7_0,130.00,15.30,12.10
24540.00,:Center_15_0,0.00,0.00,20.14
24540.00,E2C_0,27.00,83.57,83.57
24540.00,E2C_1,53.00,248.59,296.65
24540.00,E2C_2,45.00,373.47,366.35
24540.00,E2C_3,77.00,322.20,322.20
24540.00,N2C_0,289.00,433.99,362.30
24540.00,N2C_1,223.00,475.38,362.35
24540.00,N2C_2,223.00,470.21,363.07
24540.00,N2C_3,128.00,262.55,262.55
24540.00,S2C_0,10.00,3.20,3.20
24540.00,S2C_1,2.00,3.22,3.22
24540.00,W2C_1,129.00,172.66,172.66
24540.00,W2C_2,75.00,170.52,170.52
24540.00,W2C_3,2.00,29.40,53.29
24600.00,:Center_3_0,10.00,6.30,6.30
24600.00,E2C_0,29.00,125.42,125.42
24600.00,E2C_1,59.00,394.67,362.50
24600.00,E2C_2,54.00,396.93,364.83
24600.00,E2C_3,87.00,327.23,327.23
24600.00,N2C_0,202.00,476.13,362.07
24600.00,N2C_1,268.00,475.38,362.35
24600.00,N2C_2,181.00,478.58,347.07
24600.00,N2C_3,157.00,453.88,341.85
24600.00,W2C_0,57.00,35.83,35.83
24600.00,W2C_1,56.00,192.37,196.02
24600.00,W2C_2,54.00,175.56,193.52
24600.00,W2C_3,53.00,71.61,71.61
24660.00,:Center_3_0,1.00,13.39,13.39
24660.00,E2C_0,8.00,206.05,255.44
24660.00,E2C_1,19.00,363.58,363.58
24660.00,E2C_2,47.00,392.86,362.79
24660.00,E2C_3,42.00,358.89,358.89
24660.00,N2C_0,39.00,478.09,362.81
24660.00,N2C_1,45.00,432.51,364.50
24660.00,N2C_2,5.00,381.22,362.23
24660.00,N2C_3,56.00,371.10,362.04
24660.00,S2C_1,3.00,5.56,5.56
24660.00,S2C_2,4.00,2.30,2.30
24660.00,S2C_3,0.00,0.00,30.27
24660.00,W2C_1,8.00,179.28,191.22
24660.00,W2C_2,9.00,133.76,170.84
24660.00,W2C_3,6.00,43.61,43.61
24720.00,E2C_0,19.00,131.32,136.15
24720.00,E2C_1,19.00,279.05,359.46
24720.00,E2C_2,25.00,411.79,361.08
24720.00,E2C_3,33.00,380.47,365.00
24720.00,N2C_0,95.00,467.81,362.46
24720.00,N2C_1,27.00,469.34,362.21
24720.00,N2C_2,36.00,338.14,361.81
24720.00,N2C_3,36.00,376.88,361.44
24720.00,S2C_1,21.00,21.80,21.80
24720.00,S2C_2,21.00,26.01,26.01
24720.00,S2C_3,8.00,38.98,38.98
24720.00,W2C_1,18.00,52.76,89.39
24720.00,W2C_2,16.00,57.55,154.03
24720.00,W2C_3,11.00,76.94,88.54
24780.00,:Center_3_0,6.00,15.60,15.60
24780.00,E2C_0,25.00,167.93,174.99
24780.00,E2C_1,19.00,315.35,362.10
24780.00,E2C_2,21.00,416.41,362.80
24780.00,E2C_3,21.00,347.73,347.73
24780.00,N2C_0,117.00,468.21,363.41
24780.00,N2C_1,31.00,480.06,362.24
24780.00,N2C_2,1.00,303.58,363.12
24780.00,N2C_3,38.00,387.07,364.96
24780.00,S2C_3,2.00,20.96,67.87
24780.00,W2C_0,16.00,20.00,20.00
24780.00,W2C_1,18.00,56.89,81.70
24780.00,W2C_2,15.00,47.35,122.30
24780.00,W2C_3,12.00,52.17,110.24
24840.00,:Center_7_0,19.00,16.30,9.30
24840.00,:Center_15_0,5.00,11.31,11.31
24840.00,E2C_0,56.00,88.58,88.58
24840.00,E2C_1,44.00,290.20,357.60
24840.00,E2C_2,43.00,410.58,363.27
24840.00,E2C_3,30.00,365.37,362.17
24840.00,N2C_0,36.00,341.64,341.64
24840.00,N2C_1,44.00,459.27,366.85
24840.00,N2C_2,27.00,373.48,365.14
24840.00,N2C_3,79.00,366.98,362.23
24840.00,S2C_0,14.00,13.20,13.20
24840.00,S2C_1,40.00,43.71,43.71
24840.00,S2C_2,40.00,57.82,57.82
24840.00,S2C_3,30.00,69.61,69.61
24840.00,W2C_1,0.00,0.00,93.27
24840.00,W2C_3,1.00,53.20,86.47
24900.00,:Center_15_0,2.00,11.51,11.51
24900.00,E2C_0,18.00,138.53,142.16
24900.00,E2C_1,12.00,399.10,365.75
24900.00,E2C_2,73.00,432.29,360.00
24900.00,E2C_3,33.00,425.29,284.44
24900.00,N2C_0,53.00,405.70,368.21
24900.00,N2C_1,87.00,471.36,361.97
24900.00,N2C_2,16.00,437.23,366.11
24900.00,N2C_3,53.00,364.59,364.59
24900.00,S2C_1,8.00,37.23,40.74
24900.00,S2C_2,23.00,87.01,87.01
24900.00,S2C_3,4.00,91.65,91.65
24900.00,W2C_1,8.00,28.61,28.61
24900.00,W2C_2,17.00,26.78,26.78
24900.00,W2C_3,17.00,89.72,89.72
24960.00,:Center_3_0,0.00,0.00,11.95
24960.00,:Center_11_0,0.00,0.00,10.47
24960.00,E2C_0,21.00,116.23,116.23
24960.00,E2C_1,15.00,202.33,361.97
24960.00,E2C_2,15.00,436.95,363.22
24960.00,E2C_3,21.00,375.67,364.91
24960.00,N2C_0,39.00,476.61,360.12
24960.00,N2C_1,34.00,472.11,362.93
24960.00,N2C_2,11.00,470.40,361.20
24960.00,N2C_3,33.00,377.92,363.22
24960.00,S2C_1,1.00,3.22,77.20
24960.00,S2C_2,2.00,8.88,80.42
24960.00,S2C_3,5.00,24.26,100.26
24960.00,W2C_0,0.00,0.00,8.15
24960.00,W2C_1,23.00,57.44,57.44
24960.00,W2C_2,16.00,52.11,52.11
24960.00,W2C_3,13.00,46.85,77.09
25020.00,:Center_3_0,15.00,15.31,12.10
25020.00,E2C_0,31.00,144.53,144.53
25020.00,E2C_1,20.00,433.72,361.41
25020.00,E2C_2,20.00,304.98,360.04
25020.00,E2C_3,26.00,365.83,362.59
25020.00,N2C_0,94.00,436.30,352.13
25020.00,N2C_1,46.00,454.16,363.53
25020.00,N2C_2,19.00,336.22,351.26
25020.00,N2C_3,40.00,335.33,335.33
25020.00,S2C_1,9.00,64.25,76.15
25020.00,S2C_2,9.00,72.32,76.84
25020.00,S2C_3,3.00,16.00,85.57
25020.00,W2C_0,6.00,5.50,5.50
25020.00,W2C_1,19.00,72.31,72.31
25020.00,W2C_2,20.00,73.64,73.64
25020.00,W2C_3,8.00,37.49,82.10
25080.00,E2C_0,11.00,155.52,158.95
25080.00,E2C_1,34.00,437.51,366.42
25080.00,E2C_2,41.00,353.99,361.15
25080.00,E2C_3,49.00,382.65,361.44
25080.00,N2C_0,64.00,396.21,364.67
25080.00,N2C_1,154.00,482.31,362.38
25080.00,N2C_2,11.00,331.45,361.60
25080.00,N2C_3,30.00,347.03,347.03
25080.00,S2C_1,14.00,48.71,68.89
25080.00,S2C_2,11.00,60.13,60.13
25080.00,S2C_3,13.00,72.62,79.27
25080.00,W2C_1,5.00,19.51,89.41
25080.00,W2C_2,7.00,93.12,93.12
25080.00,W2C_3,7.00,92.62,92.62
25140.00,:Center_7_0,1.00,4.60,20.26
25140.00,:Center_15_0,5.00,8.72,8.72
25140.00,E2C_0,25.00,186.74,186.74
25140.00,E2C_1,62.00,477.08,361.77
25140.00,E2C_2,61.00,479.86,362.55
25140.00,E2C_3,96.00,325.66,356.72
25140.00,N2C_0,87.00,469.98,362.85
25140.00,N2C_1,214.00,457.68,365.55
25140.00,N2C_2,41.00,247.86,352.26
25140.00,N2C_3,68.00,356.09,360.58
25140.00,S2C_0,6.00,4.00,4.00
25140.00,S2C_1,12.00,38.65,58.35
25140.00,S2C_2,13.00,29.42,56.98
25140.00,S2C_3,12.00,33.18,59.04
25140.00,W2C_1,0.00,0.00,63.05
25140.00,W2C_2,10.00,80.44,80.44
25140.00,W2C_3,7.00,72.21,82.95
25200.00,:Center_3_0,4.00,11.31,11.31
25200.00,:Center_11_0,8.00,6.31,6.31
25200.00,E2C_0,39.00,482.22,307.96
25200.00,E2C_1,23.00,460.24,364.49
25200.00,E2C_2,49.00,474.78,365.87
25200.00,E2C_3,13.00,243.63,258.41
25200.00,N2C_0,147.00,470.98,348.16
25200.00,N2C_1,274.00,475.49,362.75
25200.00,N2C_2,27.00,402.80,370.13
25200.00,N2C_3,87.00,380.94,362.23
25200.00,S2C_1,11.00,62.76,62.76
25200.00,S2C_2,1.00,67.68,72.95
25200.00,S2C_3,1.00,40.13,58.62
25200.00,W2C_0,18.00,6.40,6.40
25200.00,W2C_1,19.00,63.78,67.02
25200.00,W2C_2,18.00,57.84,67.99
25200.00,W2C_3,20.00,59.91,82.94
25260.00,:Center_15_0,0.00,0.00,16.42
25260.00,E2C_0,99.00,418.31,362.40
25260.00,E2C_1,21.00,465.06,363.74
25260.00,E2C_2,22.00,452.09,363.04
25260.00,E2C_3,29.00,292.91,292.91
25260.00,N2C_0,202.00,477.39,300.64
25260.00,N2C_1,85.00,459.37,363.42
25260.00,N2C_2,13.00,435.85,366.47
25260.00,N2C_3,7.00,402.56,188.27
25260.00,S2C_1,9.00,15.00,15.00
25260.00,S2C_2,7.00,21.25,21.25
25260.00,S2C_3,11.00,23.87,58.79
25260.00,W2C_1,12.00,83.02,101.28
25260.00,W2C_2,13.00,83.63,94.70
25260.00,W2C_3,12.00,77.73,77.73
25320.00,:Center_3_0,0.00,0.00,2.35
25320.00,E2C_0,42.00,476.79,362.56
25320.00,E2C_1,24.00,466.12,359.53
25320.00,E2C_2,13.00,471.03,343.40
25320.00,E2C_3,28.00,258.40,258.40
25320.00,N2C_0,36.00,466.84,366.62
25320.00,N2C_1,58.00,447.11,361.22
25320.00,N2C_2,15.00,169.02,355.63
25320.00,N2C_3,63.00,237.86,237.86
25320.00,S2C_1,5.00,33.05,47.85
25320.00,S2C_2,9.00,43.92,43.92
25320.00,S2C_3,13.00,76.23,76.23
25320.00,W2C_1,11.00,30.84,50.22
25320.00,W2C_2,12.00,23.53,55.50
25320.00,W2C_3,3.00,13.50,49.06
25380.00,:Center_3_0,0.00,0.00,12.76
25380.00,E2C_0,49.00,478.96,362.81
25380.00,E2C_1,22.00,466.95,361.81
25380.00,E2C_2,11.00,242.02,361.54
25380.00,E2C_3,22.00,264.25,268.77
25380.00,N2C_0,28.00,460.30,364.26
25380.00,N2C_1,22.00,449.67,363.49
25380.00,N2C_2,18.00,407.38,360.92
25380.00,N2C_3,115.00,262.73,262.73
25380.00,S2C_1,13.00,45.04,45.04
25380.00,S2C_2,15.00,51.61,51.61
25380.00,S2C_3,16.00,55.21,55.21
25380.00,W2C_1,12.00,99.24,99.24
25380.00,W2C_2,20.00,95.80,95.80
25380.00,W2C_3,4.00,6.41,64.28
25440.00,:Center_7_0,3.00,12.51,12.51
25440.00,:Center_15_0,7.00,12.50,12.50
25440.00,E2C_0,45.00,449.50,369.06
25440.00,E2C_1,29.00,446.49,362.48
25440.00,E2C_2,14.00,343.05,364.12
25440.00,E2C_3,10.00,276.03,276.03
25440.00,N2C_0,29.00,361.42,361.42
25440.00,N2C_1,76.00,470.85,359.50
25440.00,N2C_2,17.00,425.53,361.87
25440.00,N2C_3,26.00,268.15,279.45
25440.00,S2C_0,8.00,4.00,4.00
25440.00,S2C_1,18.00,42.11,42.11
25440.00,S2C_2,13.00,30.76,43.39
25440.00,S2C_3,16.00,46.94,87.86
25440.00,W2C_1,3.00,13.00,71.38
25440.00,W2C_2,8.00,77.33,77.33
25440.00,W2C_3,3.00,7.23,59.11
25500.00,:Center_3_0,8.00,14.60,7.23
25500.00,E2C_0,22.00,461.28,279.48
25500.00,E2C_1,30.00,481.34,366.20
25500.00,E2C_2,22.00,476.50,365.09
25500.00,E2C_3,26.00,292.51,292.51
25500.00,N2C_0,29.00,470.34,361.59
25500.00,N2C_1,7.00,474.84,360.43
25500.00,N2C_2,22.00,360.20,363.62
25500.00,N2C_3,83.00,305.71,305.71
25500.00,S2C_1,2.00,4.02,19.61
25500.00,S2C_2,2.00,5.50,31.84
25500.00,S2C_3,7.00,15.96,66.94
25500.00,W2C_0,0.00,0.00,5.75
25500.00,W2C_1,23.00,53.53,56.74
25500.00,W2C_2,21.00,58.61,58.61
25500.00,W2C_3,23.00,52.41,52.41
25560.00,:Center_3_0,0.00,0.00,11.23
25560.00,:Center_7_0,25.00,24.20,8.70
25560.00,:Center_11_0,29.00,15.50,11.00
25560.00,E2C_0,60.00,417.61,360.95
25560.00,E2C_1,12.00,424.80,360.62
25560.00,E2C_2,11.00,273.21,364.07
25560.00,E2C_3,20.00,305.31,309.95
25560.00,N2C_0,5.00,225.54,288.51
25560.00,N2C_1,50.00,273.71,366.11
25560.00,N2C_2,50.00,252.85,362.56
25560.00,N2C_3,11.00,325.69,330.22
25560.00,S2C_1,39.00,95.42,95.42
25560.00,S2C_2,39.00,97.82,97.82
25560.00,S2C_3,7.00,65.83,65.83
25560.00,W2C_0,0.00,0.00,5.57
25560.00,W2C_1,42.00,65.11,65.11
25560.00,W2C_2,30.00,58.81,58.81
25560.00,W2C_3,5.00,6.45,36.02
25620.00,:Center_7_0,85.00,24.20,8.70
25620.00,:Center_15_0,2.00,11.35,11.35
25620.00,E2C_0,103.00,443.78,360.95
25620.00,E2C_1,11.00,440.55,363.66
25620.00,E2C_2,11.00,313.55,362.39
25620.00,E2C_3,78.00,262.39,334.33
25620.00,N2C_0,54.00,422.95,364.99
25620.00,N2C_1,110.00,448.99,368.04
25620.00,N2C_2,95.00,380.66,363.35
25620.00,N2C_3,23.00,221.76,221.76
25620.00,S2C_0,0.00,0.00,11.76
25620.00,S2C_1,16.00,58.16,105.39
25620.00,S2C_2,17.00,67.26,108.15
25620.00,S2C_3,22.00,84.92,84.92
25620.00,W2C_1,99.00,96.02,96.02
25620.00,W2C_2,79.00,95.22,95.22
25620.00,W2C_3,0.00,0.00,29.17
25680.00,:Center_7_0,50.00,12.10,12.10
25680.00,:Center_11_0,39.00,15.11,11.22
25680.00,:Center_15_0,0.00,0.00,8.42
25680.00,E2C_0,24.00,472.39,303.70
25680.00,E2C_1,45.00,464.38,360.72
25680.00,E2C_2,47.00,279.00,360.74
25680.00,E2C_3,59.00,347.09,347.09
25680.00,N2C_0,87.00,465.77,364.55
25680.00,N2C_1,148.00,460.21,364.85
25680.00,N2C_2,85.00,466.38,364.49
25680.00,N2C_3,46.00,254.25,266.69
25680.00,S2C_1,0.00,0.00,5.53
25680.00,S2C_3,3.00,4.00,14.77
25680.00,W2C_0,0.00,0.00,28.59
25680.00,W2C_1,51.00,140.04,140.04
25680.00,W2C_2,50.00,135.23,135.23
25680.00,W2C_3,30.00,33.81,33.81
25740.00,:Center_7_0,110.00,12.10,12.10
25740.00,:Center_11_0,1.00,2.30,2.30
25740.00,E2C_0,11.00,255.62,259.48
25740.00,E2C_1,53.00,334.07,337.44
25740.00,E2C_2,107.00,393.00,361.63
25740.00,E2C_3,108.00,347.91,347.91
25740.00,N2C_0,82.00,480.71,363.53
25740.00,N2C_1,190.00,474.74,363.59
25740.00,N2C_2,86.00,475.95,361.44
25740.00,N2C_3,70.00,281.09,284.42
25740.00,S2C_1,0.00,0.00,3.27
25740.00,W2C_1,63.00,176.53,176.53
25740.00,W2C_2,63.00,171.43,171.43
25740.00,W2C_3,0.00,0.00,4.39
25800.00,:Center_7_0,0.00,0.00,13.73
25800.00,:Center_15_0,2.00,11.90,11.90
25800.00,E2C_0,62.00,334.48,339.00
25800.00,E2C_1,113.00,436.01,363.09
25800.00,E2C_2,167.00,458.28,362.16
25800.00,E2C_3,161.00,382.64,372.42
25800.00,N2C_0,124.00,479.51,361.15
25800.00,N2C_1,142.00,473.79,362.65
25800.00,N2C_2,119.00,477.01,363.56
25800.00,N2C_3,58.00,286.49,286.49
25800.00,S2C_0,1.00,4.02,4.02
25800.00,S2C_1,2.00,3.32,3.32
25800.00,S2C_2,3.00,3.20,3.20
25800.00,S2C_3,5.00,8.72,19.21
25800.00,W2C_1,84.00,202.94,202.94
25800.00,W2C_2,12.00,63.66,197.09
25800.00,W2C_3,1.00,98.96,98.96
25860.00,:Center_3_0,1.00,4.65,7.96
25860.00,:Center_11_0,2.00,9.32,9.32
25860.00,E2C_0,22.00,361.92,361.92
25860.00,E2C_1,173.00,431.33,361.50
25860.00,E2C_2,179.00,427.00,366.87
25860.00,E2C_3,152.00,379.87,361.28
25860.00,N2C_0,42.00,482.32,366.86
25860.00,N2C_1,50.00,479.31,361.52
25860.00,N2C_2,51.00,446.77,364.21
25860.00,N2C_3,55.00,302.76,302.76
25860.00,S2C_1,6.00,35.82,35.82
25860.00,S2C_2,0.00,0.00,33.64
25860.00,S2C_3,43.00,54.81,54.81
25860.00,W2C_0,5.00,3.20,3.20
25860.00,W2C_1,10.00,10.74,31.68
25860.00,W2C_2,6.00,24.20,40.04
25860.00,W2C_3,0.00,0.00,4.09
25920.00,E2C_0,82.00,440.84,362.54
25920.00,E2C_1,233.00,455.95,361.44
25920.00,E2C_2,47.00,474.18,362.01
25920.00,E2C_3,113.00,418.40,361.27
25920.00,N2C_0,53.00,479.72,365.90
25920.00,N2C_1,53.00,476.56,361.60
25920.00,N2C_2,53.00,393.37,363.87
25920.00,N2C_3,48.00,296.54,296.54
25920.00,S2C_0,33.00,19.50,19.50
25920.00,S2C_1,53.00,52.51,52.51
25920.00,S2C_2,49.00,52.06,52.06
25920.00,S2C_3,46.00,46.11,46.11
25980.00,:Center_7_0,11.00,15.70,8.70
25980.00,E2C_0,107.00,470.02,259.07
25980.00,E2C_1,91.00,364.66,361.39
25980.00,E2C_2,293.00,430.24,361.34
25980.00,E2C_3,153.00,436.42,365.07
25980.00,N2C_0,53.00,474.28,361.47
25980.00,N2C_1,41.00,464.18,347.25
25980.00,N2C_2,37.00,454.74,362.95
25980.00,N2C_3,70.00,281.54,281.54
25980.00,S2C_0,43.00,16.40,16.40
25980.00,S2C_1,44.00,57.21,57.21
25980.00,S2C_2,42.00,61.32,61.32
25980.00,S2C_3,31.00,42.01,45.21
26040.00,:Center_3_0,8.00,20.10,20.10
26040.00,:Center_11_0,17.00,16.50,16.50
26040.00,E2C_0,75.00,483.04,351.06
26040.00,E2C_1,35.00,477.10,360.86
26040.00,E2C_2,27.00,474.90,356.38
26040.00,E2C_3,46.00,444.60,361.68
26040.00,N2C_0,32.00,461.14,331.06
26040.00,N2C_1,36.00,446.85,373.07
26040.00,N2C_2,10.00,304.36,362.83
26040.00,N2C_3,81.00,308.14,308.14
26040.00,S2C_1,1.00,3.31,40.53
26040.00,S2C_2,0.00,0.00,46.55
26040.00,S2C_3,4.00,16.95,42.52
26040.00,W2C_0,4.00,3.20,3.20
26040.00,W2C_1,25.00,28.91,33.42
26040.00,W2C_2,22.00,32.94,40.60
26040.00,W2C_3,6.00,5.50,5.50
26100.00,:Center_7_0,50.00,20.10,20.10
26100.00,:Center_15_0,0.00,0.00,10.52
26100.00,E2C_0,28.00,460.08,361.70
26100.00,E2C_1,45.00,470.81,362.90
26100.00,E2C_2,42.00,403.94,359.61
26100.00,E2C_3,46.00,448.84,360.22
26100.00,N2C_0,56.00,406.71,346.98
26100.00,N2C_1,33.00,433.81,364.56
26100.00,N2C_2,45.00,475.20,366.08
26100.00,N2C_3,46.00,289.07,289.07
26100.00,S2C_0,7.00,9.00,9.00
26100.00,S2C_1,33.00,54.41,54.41
26100.00,S2C_2,34.00,48.81,48.81
26100.00,S2C_3,17.00,13.20,13.20
26100.00,W2C_1,17.00,56.12,60.67
26100.00,W2C_2,22.00,59.37,59.37
26160.00,:Center_3_0,1.00,4.61,8.06
26160.00,:Center_11_0,3.00,4.60,7.85
26160.00,E2C_0,26.00,481.20,365.10
26160.00,E2C_1,19.00,475.21,365.68
26160.00,E2C_2,54.00,438.00,366.28
26160.00,E2C_3,84.00,447.92,363.88
26160.00,N2C_0,83.00,468.15,361.58
26160.00,N2C_1,74.00,470.05,359.98
26160.00,N2C_2,71.00,471.08,368.55
26160.00,N2C_3,79.00,306.97,306.97
26160.00,S2C_1,0.00,0.00,31.65
26160.00,S2C_2,0.00,0.00,29.84
26160.00,S2C_3,0.00,0.00,15.32
26160.00,W2C_1,13.00,53.50,64.11
26160.00,W2C_2,14.00,38.43,69.91
26160.00,W2C_3,2.00,4.00,14.60
26220.00,:Center_7_0,10.00,13.80,0.00
26220.00,E2C_0,73.00,424.01,364.00
26220.00,E2C_1,12.00,475.19,360.61
26220.00,E2C_2,15.00,422.88,363.99
26220.00,E2C_3,43.00,430.21,361.05
26220.00,N2C_0,35.00,470.29,248.11
26220.00,N2C_1,61.00,455.27,363.76
26220.00,N2C_2,23.00,458.84,362.29
26220.00,N2C_3,21.00,308.47,308.47
26220.00,S2C_0,10.00,19.50,19.50
26220.00,S2C_1,23.00,37.46,37.46
26220.00,S2C_2,20.00,35.91,35.91
26220.00,S2C_3,17.00,10.90,10.90
26220.00,W2C_1,1.00,5.55,10.15
26220.00,W2C_2,2.00,3.20,18.27
26220.00,W2C_3,0.00,0.00,18.90
26280.00,:Center_7_0,2.00,4.60,8.11
26280.00,:Center_15_0,2.00,2.39,9.44
26280.00,E2C_0,95.00,469.42,364.00
26280.00,E2C_1,10.00,462.29,361.72
26280.00,E2C_2,14.00,465.24,362.02
26280.00,E2C_3,40.00,421.52,363.68
26280.00,N2C_0,56.00,471.73,271.77
26280.00,N2C_1,68.00,472.16,363.72
26280.00,N2C_2,18.00,447.95,371.79
26280.00,N2C_3,14.00,214.28,214.28
26280.00,S2C_1,11.00,13.61,25.30
26280.00,S2C_2,13.00,22.11,22.11
26280.00,S2C_3,14.00,8.70,8.70
26340.00,E2C_0,28.00,473.99,363.16
26340.00,E2C_1,23.00,472.20,362.06
26340.00,E2C_2,15.00,385.15,362.60
26340.00,E2C_3,72.00,424.88,363.06
26340.00,N2C_0,68.00,296.52,296.52
26340.00,N2C_1,18.00,441.86,361.29
26340.00,N2C_2,28.00,272.51,373.42
26340.00,N2C_3,11.00,156.16,156.16
26340.00,S2C_1,3.00,6.41,11.01
26340.00,S2C_2,2.00,4.00,22.55
26340.00,W2C_0,6.00,9.60,9.60
26340.00,W2C_1,0.00,0.00,4.60
26340.00,W2C_2,0.00,0.00,8.16
26400.00,:Center_3_0,1.00,4.65,4.65
26400.00,E2C_0,17.00,443.94,267.43
26400.00,E2C_1,11.00,341.06,365.25
26400.00,E2C_2,10.00,260.45,364.58
26400.00,E2C_3,17.00,409.24,363.15
26400.00,N2C_0,30.00,407.26,365.21
26400.00,N2C_1,17.00,364.75,361.52
26400.00,N2C_2,17.00,448.49,348.14
26400.00,N2C_3,12.00,148.55,277.13
26400.00,S2C_1,0.00,0.00,45.71
26400.00,S2C_2,0.00,0.00,37.88
26400.00,W2C_0,6.00,3.20,3.20
26400.00,W2C_1,7.00,13.41,17.38
26400.00,W2C_2,10.00,13.21,13.21
26400.00,W2C_3,6.00,5.50,5.50
26460.00,:Center_3_0,3.00,4.60,7.83
26460.00,E2C_0,74.00,373.23,362.33
26460.00,E2C_1,26.00,377.10,363.43
26460.00,E2C_2,23.00,453.26,361.93
26460.00,E2C_3,14.00,296.57,305.37
26460.00,N2C_0,72.00,474.59,315.94
26460.00,N2C_1,37.00,439.25,362.05
26460.00,N2C_2,38.00,248.74,349.35
26460.00,N2C_3,24.00,423.01,175.69
26460.00,S2C_2,12.00,54.88,54.88
26460.00,W2C_0,5.00,13.00,13.00
26460.00,W2C_1,9.00,8.50,8.50
26460.00,W2C_2,1.00,3.22,3.22
26460.00,W2C_3,11.00,26.20,26.20
26520.00,:Center_11_0,7.00,12.10,12.10
26520.00,:Center_15_0,4.00,9.42,9.42
26520.00,E2C_0,80.00,418.66,362.33
26520.00,E2C_1,29.00,385.54,360.94
26520.00,E2C_2,23.00,378.50,360.06
26520.00,E2C_3,42.00,365.17,361.97
26520.00,N2C_0,18.00,429.49,195.08
26520.00,N2C_1,41.00,473.54,362.69
26520.00,N2C_2,52.00,402.13,363.39
26520.00,N2C_3,6.00,200.04,207.17
26520.00,S2C_0,3.00,5.50,5.50
26520.00,S2C_1,14.00,63.21,63.21
26520.00,S2C_2,13.00,39.95,69.54
26520.00,S2C_3,14.00,10.40,10.40
26520.00,W2C_1,10.00,23.30,23.30
26520.00,W2C_2,10.00,14.80,14.80
26520.00,W2C_3,0.00,0.00,19.24
26580.00,:Center_15_0,0.00,0.00,13.54
26580.00,E2C_0,74.00,481.08,262.03
26580.00,E2C_1,15.00,471.28,361.83
26580.00,E2C_2,22.00,438.50,361.69
26580.00,E2C_3,33.00,357.31,357.31
26580.00,N2C_0,24.00,381.26,365.24
26580.00,N2C_1,7.00,279.77,363.77
26580.00,N2C_2,14.00,448.45,363.73
26580.00,N2C_3,17.00,209.34,342.19
26580.00,S2C_1,7.00,33.01,97.87
26580.00,S2C_2,6.00,15.70,104.94
26580.00,S2C_3,5.00,13.47,13.47
26580.00,W2C_0,0.00,0.00,27.67
26580.00,W2C_1,5.00,18.59,29.32
26580.00,W2C_2,4.00,14.65,25.34
26580.00,W2C_3,0.00,0.00,33.04
26640.00,:Center_11_0,5.00,12.10,12.10
26640.00,E2C_0,44.00,379.45,364.71
26640.00,E2C_1,20.00,456.67,359.67
26640.00,E2C_2,20.00,414.80,362.19
26640.00,E2C_3,28.00,349.52,349.52
26640.00,N2C_0,26.00,460.99,364.55
26640.00,N2C_1,12.00,475.50,361.46
26640.00,N2C_2,7.00,422.09,361.66
26640.00,N2C_3,3.00,95.83,260.42
26640.00,S2C_1,28.00,108.41,108.41
26640.00,S2C_2,18.00,111.33,111.33
26640.00,S2C_3,9.00,9.94,32.35
26640.00,W2C_0,9.00,5.50,5.50
26640.00,W2C_1,21.00,35.22,35.22
26640.00,W2C_2,16.00,33.21,33.21
26640.00,W2C_3,19.00,44.34,44.34
26700.00,:Center_3_0,4.00,9.31,9.31
26700.00,:Center_11_0,3.00,7.64,7.64
26700.00,E2C_0,86.00,430.47,226.44
26700.00,E2C_1,16.00,474.96,291.21
26700.00,E2C_2,13.00,457.79,362.91
26700.00,E2C_3,27.00,375.50,362.09
26700.00,N2C_0,19.00,333.16,333.16
26700.00,N2C_1,18.00,391.05,361.09
26700.00,N2C_2,8.00,337.84,372.92
26700.00,N2C_3,11.00,140.57,140.57
26700.00,S2C_1,8.00,86.57,93.68
26700.00,S2C_2,6.00,74.78,93.77
26700.00,S2C_3,7.00,35.70,51.23
26700.00,W2C_1,16.00,27.61,27.61
26700.00,W2C_2,14.00,25.61,25.61
26700.00,W2C_3,13.00,19.61,38.81
26760.00,:Center_11_0,0.00,0.00,3.02
26760.00,E2C_0,71.00,424.64,319.01
26760.00,E2C_1,14.00,424.94,355.38
26760.00,E2C_2,11.00,157.94,371.15
26760.00,E2C_3,32.00,331.02,366.23
26760.00,N2C_0,21.00,480.97,363.82
26760.00,N2C_1,9.00,450.94,360.93
26760.00,N2C_2,41.00,372.72,361.32
26760.00,N2C_3,32.00,143.97,143.97
26760.00,S2C_1,9.00,82.05,96.97
26760.00,S2C_2,10.00,77.16,95.38
26760.00,S2C_3,19.00,74.98,74.98
26760.00,W2C_1,12.00,54.13,54.13
26760.00,W2C_2,13.00,42.36,45.83
26760.00,W2C_3,12.00,28.11,31.46
26820.00,:Center_3_0,16.00,15.30,12.10
26820.00,E2C_0,35.00,368.51,365.30
26820.00,E2C_1,19.00,443.26,360.21
26820.00,E2C_2,20.00,446.62,363.43
26820.00,E2C_3,19.00,338.97,350.03
26820.00,N2C_0,32.00,479.27,363.19
26820.00,N2C_1,18.00,439.46,360.69
26820.00,N2C_2,23.00,468.33,364.43
26820.00,N2C_3,13.00,69.24,92.86
26820.00,S2C_1,33.00,121.94,121.94
26820.00,S2C_2,30.00,120.92,120.92
26820.00,S2C_3,3.00,46.38,56.87
26820.00,W2C_1,8.00,46.50,68.05
26820.00,W2C_2,9.00,31.61,79.19
26820.00,W2C_3,7.00,35.45,35.45
26880.00,:Center_15_0,21.00,15.07,8.07
26880.00,E2C_0,62.00,461.23,364.39
26880.00,E2C_1,38.00,445.19,362.86
26880.00,E2C_2,35.00,362.05,362.05
26880.00,E2C_3,62.00,395.73,364.33
26880.00,N2C_0,34.00,384.69,247.78
26880.00,N2C_1,19.00,462.39,360.59
26880.00,N2C_2,10.00,196.98,360.88
26880.00,N2C_3,13.00,114.23,114.23
26880.00,S2C_1,22.00,138.03,141.24
26880.00,S2C_2,23.00,135.22,138.85
26880.00,S2C_3,3.00,6.43,53.07
26880.00,W2C_1,10.00,63.03,63.03
26880.00,W2C_2,9.00,58.70,58.70
26880.00,W2C_3,4.00,20.48,27.55
26940.00,:Center_7_0,4.00,8.10,8.10
26940.00,:Center_11_0,2.00,13.31,13.31
26940.00,E2C_0,19.00,478.43,343.79
26940.00,E2C_1,22.00,439.44,362.85
26940.00,E2C_2,19.00,431.78,365.86
26940.00,E2C_3,11.00,396.51,365.72
26940.00,N2C_0,31.00,352.35,356.92
26940.00,N2C_1,19.00,460.01,371.48
26940.00,N2C_2,12.00,389.90,364.64
26940.00,N2C_3,18.00,94.70,94.70
26940.00,S2C_1,13.00,76.27,162.69
26940.00,S2C_2,10.00,93.60,116.90
26940.00,S2C_3,15.00,47.31,50.66
26940.00,W2C_0,8.00,10.20,10.20
26940.00,W2C_1,22.00,70.12,73.84
26940.00,W2C_2,22.00,70.91,70.91
26940.00,W2C_3,11.00,27.63,27.63
27000.00,:Center_3_0,0.00,0.00,2.74
27000.00,:Center_15_0,2.00,4.60,7.86
27000.00,E2C_0,32.00,476.05,224.43
27000.00,E2C_1,8.00,483.05,363.48
27000.00,E2C_2,29.00,398.57,340.84
27000.00,E2C_3,54.00,371.03,359.92
27000.00,N2C_0,75.00,481.27,363.32
27000.00,N2C_1,18.00,470.26,366.01
27000.00,N2C_2,13.00,436.32,360.12
27000.00,N2C_3,12.00,62.02,84.16
27000.00,S2C_1,16.00,150.79,150.79
27000.00,S2C_2,10.00,79.81,160.72
27000.00,S2C_3,11.00,50.53,50.53
27000.00,W2C_0,0.00,0.00,3.27
27000.00,W2C_1,7.00,15.74,27.34
27000.00,W2C_2,5.00,12.50,25.81
27000.00,W2C_3,0.00,0.00,27.55
27060.00,:Center_11_0,11.00,12.10,12.10
27060.00,:Center_15_0,9.00,14.05,10.81
27060.00,E2C_0,83.00,452.91,364.41
27060.00,E2C_1,9.00,413.76,364.95
27060.00,E2C_2,27.00,444.28,362.17
27060.00,E2C_3,34.00,395.99,366.49
27060.00,N2C_0,86.00,474.36,369.28
27060.00,N2C_1,22.00,474.30,361.91
27060.00,N2C_2,17.00,478.84,362.01
27060.00,N2C_3,23.00,75.96,75.96
27060.00,S2C_0,16.00,5.50,5.50
27060.00,S2C_1,32.00,161.74,166.36
27060.00,S2C_2,35.00,166.33,169.63
27060.00,S2C_3,10.00,57.83,64.98
27060.00,W2C_1,48.00,93.45,93.45
27060.00,W2C_2,48.00,93.42,93.42
27060.00,W2C_3,0.00,0.00,12.46
27120.00,:Center_3_0,0.00,0.00,13.47
27120.00,:Center_11_0,0.00,0.00,13.62
27120.00,E2C_0,38.00,352.75,362.40
27120.00,E2C_1,14.00,343.89,363.45
27120.00,E2C_2,14.00,432.08,361.16
27120.00,E2C_3,86.00,449.97,365.96
27120.00,N2C_0,43.00,473.50,365.48
27120.00,N2C_1,55.00,464.80,359.57
27120.00,N2C_2,17.00,416.99,362.58
27120.00,N2C_3,16.00,110.26,110.26
27120.00,S2C_1,27.00,179.30,179.30
27120.00,S2C_2,17.00,173.34,180.42
27120.00,S2C_3,19.00,83.76,87.06
27120.00,W2C_1,42.00,119.02,123.05
27120.00,W2C_2,50.00,121.52,121.52
27180.00,:Center_7_0,6.00,20.31,9.30
27180.00,E2C_0,20.00,455.92,332.15
27180.00,E2C_1,8.00,464.24,360.96
27180.00,E2C_2,19.00,213.52,349.32
27180.00,E2C_3,27.00,346.09,349.70
27180.00,N2C_0,25.00,238.77,242.08
27180.00,N2C_1,13.00,404.52,363.29
27180.00,N2C_2,19.00,438.54,364.24
27180.00,N2C_3,12.00,111.72,114.92
27180.00,S2C_0,8.00,9.61,13.85
27180.00,S2C_1,14.00,141.95,166.89
27180.00,S2C_2,12.00,156.92,182.66
27180.00,S2C_3,10.00,26.72,63.20
27180.00,W2C_1,10.00,92.64,133.44
27180.00,W2C_2,11.00,104.55,138.71
27240.00,:Center_7_0,0.00,0.00,2.74
27240.00,E2C_0,30.00,469.10,265.57
27240.00,E2C_1,41.00,457.89,361.56
27240.00,E2C_2,41.00,372.09,361.50
27240.00,E2C_3,60.00,365.90,362.70
27240.00,N2C_0,38.00,350.30,350.30
27240.00,N2C_1,64.00,437.28,360.43
27240.00,N2C_2,49.00,472.94,363.79
27240.00,N2C_3,29.00,114.43,114.43
27240.00,S2C_0,8.00,3.20,3.20
27240.00,S2C_1,8.00,143.23,166.50
27240.00,S2C_2,9.00,138.70,163.82
27240.00,S2C_3,5.00,37.76,50.38
27240.00,W2C_1,11.00,70.58,116.36
27240.00,W2C_2,25.00,96.52,130.33
27300.00,:Center_11_0,9.00,12.50,0.00
27300.00,E2C_0,34.00,472.51,313.76
27300.00,E2C_1,17.00,414.95,366.22
27300.00,E2C_2,18.00,461.22,366.28
27300.00,E2C_3,71.00,368.87,362.47
27300.00,N2C_0,56.00,479.42,337.18
27300.00,N2C_1,29.00,463.21,362.93
27300.00,N2C_2,31.00,436.85,366.39
27300.00,N2C_3,21.00,359.38,359.38
27300.00,S2C_1,6.00,165.23,173.49
27300.00,S2C_2,8.00,100.76,173.80
27300.00,S2C_3,0.00,0.00,29.07
27300.00,W2C_1,16.00,141.11,141.11
27300.00,W2C_2,15.00,139.34,142.60
27300.00,W2C_3,21.00,17.20,17.20
27360.00,:Center_7_0,0.00,0.00,2.80
27360.00,:Center_11_0,22.00,18.60,18.60
27360.00,:Center_15_0,19.00,16.30,9.30
27360.00,E2C_0,63.00,379.34,362.13
27360.00,E2C_1,44.00,453.23,365.25
27360.00,E2C_2,13.00,424.26,364.35
27360.00,E2C_3,46.00,334.44,339.53
27360.00,N2C_0,38.00,481.93,363.36
27360.00,N2C_1,24.00,446.61,364.40
27360.00,N2C_2,27.00,411.29,365.13
27360.00,N2C_3,19.00,117.42,128.67
27360.00,S2C_0,18.00,19.81,26.82
27360.00,S2C_1,25.00,85.03,116.61
27360.00,S2C_2,27.00,102.12,138.26
27360.00,S2C_3,31.00,30.84,30.84
27360.00,W2C_0,0.00,0.00,3.83
27360.00,W2C_1,25.00,144.44,159.73
27360.00,W2C_2,25.00,135.70,155.24
27420.00,:Center_7_0,12.00,2.30,12.58
27420.00,E2C_0,34.00,467.45,349.31
27420.00,E2C_1,35.00,463.53,361.07
27420.00,E2C_2,38.00,399.89,365.93
27420.00,E2C_3,54.00,362.57,362.57
27420.00,N2C_0,96.00,464.39,363.36
27420.00,N2C_1,31.00,425.57,365.41
27420.00,N2C_2,19.00,142.14,359.40
27420.00,N2C_3,18.00,169.58,169.58
27420.00,S2C_1,16.00,162.82,173.43
27420.00,S2C_2,17.00,167.65,174.68
27420.00,S2C_3,10.00,33.02,36.33
27420.00,W2C_1,14.00,77.19,201.84
27420.00,W2C_2,11.00,78.21,197.82
27420.00,W2C_3,2.00,32.39,32.39
27480.00,:Center_11_0,4.00,13.31,10.10
27480.00,E2C_0,54.00,462.39,218.87
27480.00,E2C_1,42.00,445.53,363.60
27480.00,E2C_2,17.00,221.29,343.31
27480.00,E2C_3,18.00,305.01,305.01
27480.00,N2C_0,100.00,474.29,294.65
27480.00,N2C_1,25.00,465.51,365.12
27480.00,N2C_2,12.00,345.92,363.59
27480.00,N2C_3,14.00,253.75,253.75
27480.00,S2C_0,0.00,0.00,3.38
27480.00,S2C_1,5.00,98.15,134.34
27480.00,S2C_2,7.00,119.03,147.33
27480.00,S2C_3,7.00,13.14,20.24
27480.00,W2C_1,19.00,157.27,178.03
27480.00,W2C_2,21.00,166.44,169.85
27480.00,W2C_3,18.00,32.58,32.58
27540.00,:Center_11_0,0.00,0.00,8.14
27540.00,E2C_0,56.00,284.64,288.01
27540.00,E2C_1,17.00,398.40,362.40
27540.00,E2C_2,11.00,251.67,363.53
27540.00,E2C_3,19.00,269.72,277.71
27540.00,N2C_0,160.00,478.08,310.13
27540.00,N2C_1,35.00,460.67,364.83
27540.00,N2C_2,26.00,368.59,364.83
27540.00,N2C_3,26.00,131.76,143.79
27540.00,S2C_1,11.00,75.23,83.64
27540.00,S2C_2,15.00,90.08,119.92
27540.00,S2C_3,0.00,0.00,49.83
27540.00,W2C_0,9.00,5.50,5.50
27540.00,W2C_1,11.00,118.61,158.53
27540.00,W2C_2,10.00,146.07,193.56
27540.00,W2C_3,6.00,13.41,17.17
27600.00,:Center_11_0,0.00,0.00,4.61
27600.00,E2C_0,53.00,361.35,361.35
27600.00,E2C_1,27.00,456.40,362.02
27600.00,E2C_2,19.00,321.86,364.16
27600.00,E2C_3,56.00,320.25,320.25
27600.00,N2C_0,44.00,478.08,244.71
27600.00,N2C_1,151.00,330.86,364.03
27600.00,N2C_2,10.00,387.76,361.50
27600.00,N2C_3,9.00,122.22,122.22
27600.00,S2C_1,7.00,23.48,89.96
27600.00,S2C_2,7.00,17.98,91.64
27600.00,S2C_3,14.00,34.86,34.86
27600.00,W2C_1,12.00,183.81,194.85
27600.00,W2C_2,28.00,192.14,192.14
27600.00,W2C_3,0.00,0.00,21.63
27660.00,:Center_3_0,2.00,10.01,10.01
27660.00,:Center_7_0,8.00,8.10,8.10
27660.00,:Center_11_0,6.00,15.10,8.10
27660.00,E2C_0,49.00,446.28,332.05
27660.00,E2C_1,39.00,470.38,363.79
27660.00,E2C_2,14.00,435.02,361.16
27660.00,E2C_3,36.00,279.22,279.22
27660.00,N2C_0,46.00,360.89,360.89
27660.00,N2C_1,211.00,482.29,374.11
27660.00,N2C_2,43.00,410.41,347.15
27660.00,N2C_3,21.00,142.33,142.33
27660.00,S2C_1,10.00,76.23,86.85
27660.00,S2C_2,11.00,85.67,85.67
27660.00,S2C_3,0.00,0.00,10.29
27660.00,W2C_0,0.00,0.00,3.27
27660.00,W2C_1,17.00,209.29,209.29
27660.00,W2C_2,16.00,204.66,209.63
27660.00,W2C_3,13.00,10.90,10.90
27720.00,:Center_7_0,0.00,0.00,14.47
27720.00,E2C_0,32.00,463.07,362.27
27720.00,E2C_1,22.00,454.99,363.41
27720.00,E2C_2,20.00,224.24,360.49
27720.00,E2C_3,47.00,296.51,296.51
27720.00,N2C_0,106.00,441.85,364.06
27720.00,N2C_1,41.00,445.25,363.26
27720.00,N2C_2,271.00,429.74,360.99
27720.00,N2C_3,10.00,151.50,155.15
27720.00,S2C_1,9.00,38.27,42.96
27720.00,S2C_2,7.00,15.72,34.94
27720.00,W2C_0,1.00,149.10,149.10
27720.00,W2C_1,19.00,233.08,240.15
27720.00,W2C_2,20.00,106.14,244.46
27720.00,W2C_3,0.00,0.00,23.39
27780.00,:Center_3_0,4.00,5.56,8.81
27780.00,:Center_15_0,10.00,8.10,8.10
27780.00,E2C_0,50.00,461.53,185.32
27780.00,E2C_1,21.00,452.96,361.12
27780.00,E2C_2,18.00,386.51,363.02
27780.00,E2C_3,26.00,320.59,323.82
27780.00,N2C_0,62.00,481.09,205.84
27780.00,N2C_1,46.00,475.59,362.29
27780.00,N2C_2,17.00,423.22,362.09
27780.00,N2C_3,17.00,164.86,164.86
27780.00,S2C_1,12.00,32.53,35.77
27780.00,S2C_2,12.00,41.30,41.30
27780.00,S2C_3,3.00,5.49,5.49
27780.00,W2C_0,15.00,146.23,146.23
27780.00,W2C_1,15.00,197.66,229.72
27780.00,W2C_2,16.00,153.81,227.58
27780.00,W2C_3,14.00,26.54,26.54
27840.00,E2C_0,13.00,326.40,337.98
27840.00,E2C_1,22.00,397.15,363.98
27840.00,E2C_2,15.00,331.99,364.23
27840.00,E2C_3,10.00,374.67,368.22
27840.00,N2C_0,48.00,481.31,233.33
27840.00,N2C_1,23.00,318.98,363.50
27840.00,N2C_2,22.00,464.68,363.87
27840.00,N2C_3,24.00,154.43,158.94
27840.00,S2C_0,0.00,0.00,12.91
27840.00,S2C_1,19.00,57.61,57.61
27840.00,S2C_2,22.00,48.21,48.21
27840.00,S2C_3,0.00,0.00,16.72
27840.00,W2C_0,2.00,3.22,15.55
27840.00,W2C_1,12.00,158.97,234.69
27840.00,W2C_2,12.00,107.98,232.15
27840.00,W2C_3,5.00,32.26,35.73
27900.00,E2C_0,3.00,357.33,364.41
27900.00,E2C_1,15.00,480.09,371.23
27900.00,E2C_2,12.00,211.27,354.17
27900.00,E2C_3,8.00,334.46,364.45
27900.00,N2C_0,26.00,284.55,284.55
27900.00,N2C_1,14.00,481.70,362.05
27900.00,N2C_2,15.00,359.79,363.32
27900.00,N2C_3,15.00,150.43,150.43
27900.00,S2C_1,8.00,43.23,43.23
27900.00,S2C_2,9.00,23.45,35.68
27900.00,S2C_3,12.00,9.40,9.40
27900.00,W2C_1,10.00,217.80,228.49
27900.00,W2C_2,12.00,207.48,226.96
27900.00,W2C_3,0.00,0.00,36.96
27960.00,:Center_7_0,19.00,15.11,11.90
27960.00,:Center_15_0,11.00,12.70,9.31
27960.00,E2C_0,6.00,442.84,128.28
27960.00,E2C_1,28.00,385.12,367.90
27960.00,E2C_2,29.00,454.91,365.10
27960.00,E2C_3,16.00,415.81,361.41
27960.00,N2C_0,86.00,331.44,331.44
27960.00,N2C_1,28.00,477.28,369.07
27960.00,N2C_2,27.00,423.13,360.23
27960.00,N2C_3,22.00,136.12,136.12
27960.00,S2C_0,0.00,0.00,8.97
27960.00,S2C_1,28.00,52.61,52.61
27960.00,S2C_2,26.00,45.81,45.81
27960.00,S2C_3,0.00,0.00,7.24
27960.00,W2C_1,3.00,143.78,180.06
27960.00,W2C_2,11.00,139.66,182.21
27960.00,W2C_3,9.00,19.20,30.28
28020.00,:Center_7_0,2.00,2.31,12.81
28020.00,:Center_15_0,3.00,5.63,16.69
28020.00,E2C_0,22.00,130.52,146.04
28020.00,E2C_1,26.00,379.55,362.35
28020.00,E2C_2,9.00,296.46,362.14
28020.00,E2C_3,23.00,384.15,364.73
28020.00,N2C_0,146.00,461.90,364.14
28020.00,N2C_1,51.00,471.08,367.74
28020.00,N2C_2,26.00,456.85,364.06
28020.00,N2C_3,24.00,91.17,98.73
28020.00,S2C_0,16.00,12.50,12.50
28020.00,S2C_1,16.00,46.01,49.93
28020.00,S2C_2,16.00,20.52,50.47
28020.00,S2C_3,11.00,15.70,15.70
28020.00,W2C_1,31.00,156.76,156.76
28020.00,W2C_2,31.00,159.31,162.62
28020.00,W2C_3,0.00,0.00,6.99
28080.00,:Center_7_0,20.00,16.11,11.60
28080.00,:Center_15_0,1.00,8.86,8.86
28080.00,E2C_0,38.00,187.88,191.14
28080.00,E2C_1,29.00,421.89,365.26
28080.00,E2C_2,31.00,155.06,364.45
28080.00,E2C_3,26.00,434.53,359.88
28080.00,N2C_0,206.00,473.36,367.84
28080.00,N2C_1,26.00,480.47,361.54
28080.00,N2C_2,24.00,475.74,364.08
28080.00,N2C_3,20.00,142.63,142.63
28080.00,S2C_1,8.00,11.70,27.88
28080.00,S2C_2,7.00,23.96,77.55
28080.00,S2C_3,10.00,28.00,28.00
28080.00,W2C_1,13.00,63.05,162.66
28080.00,W2C_2,16.00,73.76,163.26
28080.00,W2C_3,0.00,0.00,13.00
28140.00,:Center_3_0,1.00,12.10,12.10
28140.00,E2C_0,21.00,197.89,208.37
28140.00,E2C_1,15.00,454.13,363.32
28140.00,E2C_2,24.00,412.71,353.97
28140.00,E2C_3,52.00,440.87,364.59
28140.00,N2C_0,132.00,473.53,367.84
28140.00,N2C_1,22.00,471.76,363.54
28140.00,N2C_2,15.00,301.19,360.65
28140.00,N2C_3,8.00,226.85,226.85
28140.00,S2C_1,1.00,62.83,85.59
28140.00,S2C_2,17.00,87.02,87.02
28140.00,S2C_3,0.00,0.00,49.99
28140.00,W2C_0,15.00,16.61,16.61
28140.00,W2C_1,17.00,156.53,156.53
28140.00,W2C_2,14.00,158.03,158.03
28140.00,W2C_3,13.00,16.60,16.60
28200.00,E2C_0,47.00,255.73,255.73
28200.00,E2C_1,17.00,467.54,369.05
28200.00,E2C_2,10.00,470.04,362.34
28200.00,E2C_3,44.00,459.28,346.85
28200.00,N2C_0,31.00,482.59,364.01
28200.00,N2C_1,22.00,474.19,362.87
28200.00,N2C_2,21.00,468.04,365.08
28200.00,N2C_3,37.00,181.78,181.78
28200.00,S2C_1,15.00,78.65,78.65
28200.00,S2C_2,18.00,82.56,82.56
28200.00,S2C_3,16.00,82.72,89.85
28200.00,W2C_1,13.00,138.30,143.57
28200.00,W2C_2,11.00,133.20,140.59
28200.00,W2C_3,5.00,15.68,15.68
28260.00,:Center_7_0,1.00,4.60,12.40
28260.00,E2C_0,107.00,288.65,288.65
28260.00,E2C_1,16.00,451.69,365.95
28260.00,E2C_2,8.00,255.50,360.98
28260.00,E2C_3,65.00,423.66,362.91
28260.00,N2C_0,58.00,477.23,156.47
28260.00,N2C_1,85.00,463.32,361.95
28260.00,N2C_2,34.00,372.03,364.38
28260.00,N2C_3,26.00,184.68,184.68
28260.00,S2C_0,5.00,4.00,4.00
28260.00,S2C_1,11.00,58.31,58.31
28260.00,S2C_2,10.00,34.64,58.00
28260.00,S2C_3,13.00,79.14,79.14
28260.00,W2C_1,12.00,89.41,155.51
28260.00,W2C_2,14.00,157.71,157.71
28260.00,W2C_3,1.00,32.29,32.29
28320.00,:Center_3_0,3.00,21.89,21.89
28320.00,:Center_11_0,5.00,11.60,11.60
28320.00,E2C_0,100.00,328.27,328.27
28320.00,E2C_1,90.00,468.75,359.02
28320.00,E2C_2,10.00,426.65,374.12
28320.00,E2C_3,18.00,436.32,338.99
28320.00,N2C_0,17.00,271.70,282.88
28320.00,N2C_1,22.00,378.49,364.51
28320.00,N2C_2,31.00,462.37,360.02
28320.00,N2C_3,35.00,135.57,135.57
28320.00,S2C_1,34.00,51.80,51.80
28320.00,S2C_2,4.00,28.07,58.09
28320.00,S2C_3,11.00,83.82,83.82
28320.00,W2C_1,10.00,21.11,133.55
28320.00,W2C_2,12.00,29.71,49.41
28320.00,W2C_3,12.00,26.90,26.90
28380.00,:Center_11_0,48.00,14.80,11.60
28380.00,:Center_15_0,27.00,11.00,11.00
28380.00,E2C_0,39.00,376.22,360.72
28380.00,E2C_1,22.00,443.28,364.47
28380.00,E2C_2,13.00,446.73,360.59
28380.00,E2C_3,72.00,428.96,363.37
28380.00,N2C_0,71.00,351.20,351.20
28380.00,N2C_1,35.00,391.73,361.36
28380.00,N2C_2,26.00,468.18,363.00
28380.00,N2C_3,21.00,145.46,145.46
28380.00,S2C_1,31.00,82.12,82.12
28380.00,S2C_2,59.00,68.41,68.41
28380.00,S2C_3,13.00,34.63,96.15
28380.00,W2C_1,53.00,109.22,109.22
28380.00,W2C_2,53.00,109.92,109.92
28380.00,W2C_3,11.00,41.37,41.37
28440.00,:Center_11_0,108.00,14.80,11.60
28440.00,E2C_0,22.00,449.50,360.02
28440.00,E2C_1,13.00,472.72,334.64
28440.00,E2C_2,14.00,332.26,363.98
28440.00,E2C_3,61.00,443.09,362.26
28440.00,N2C_0,122.00,437.03,361.96
28440.00,N2C_1,35.00,480.79,361.14
28440.00,N2C_2,86.00,403.86,363.61
28440.00,N2C_3,81.00,97.40,97.40
28440.00,S2C_1,24.00,107.97,107.97
28440.00,S2C_2,18.00,90.75,105.21
28440.00,S2C_3,27.00,81.74,81.74
28440.00,W2C_0,3.00,3.20,3.20
28440.00,W2C_1,113.00,120.13,120.13
28440.00,W2C_2,113.00,120.83,120.83
28440.00,W2C_3,16.00,39.96,39.96
28500.00,:Center_15_0,0.00,0.00,11.67
28500.00,E2C_0,67.00,174.85,174.85
28500.00,E2C_1,16.00,462.03,363.03
28500.00,E2C_2,21.00,294.68,360.51
28500.00,E2C_3,14.00,324.31,364.92
28500.00,N2C_0,113.00,468.18,361.59
28500.00,N2C_1,54.00,459.15,361.87
28500.00,N2C_2,42.00,408.99,362.13
28500.00,N2C_3,16.00,27.30,87.45
28500.00,S2C_0,1.00,5.53,5.53
28500.00,S2C_1,8.00,13.21,32.70
28500.00,S2C_2,8.00,26.71,46.30
28500.00,S2C_3,5.00,45.80,70.91
28500.00,W2C_1,19.00,145.11,145.11
28500.00,W2C_2,14.00,149.52,149.52
28500.00,W2C_3,17.00,78.60,78.60
28560.00,:Center_3_0,5.00,22.30,6.80
28560.00,:Center_11_0,0.00,0.00,7.68
28560.00,E2C_0,127.00,265.78,273.42
28560.00,E2C_1,15.00,411.48,362.24
28560.00,E2C_2,16.00,458.59,324.08
28560.00,E2C_3,15.00,300.60,321.91
28560.00,N2C_0,173.00,480.57,369.38
28560.00,N2C_1,105.00,472.77,361.93
28560.00,N2C_2,16.00,398.46,365.03
28560.00,N2C_3,12.00,74.74,74.74
28560.00,S2C_1,4.00,78.23,85.28
28560.00,S2C_2,1.00,5.51,87.39
28560.00,S2C_3,1.00,12.18,84.93
28560.00,W2C_0,3.00,8.70,13.24
28560.00,W2C_1,15.00,166.04,173.66
28560.00,W2C_2,17.00,155.87,166.63
28560.00,W2C_3,19.00,45.63,45.63
28620.00,:Center_7_0,11.00,14.80,7.80
28620.00,:Center_15_0,11.00,13.21,8.70
28620.00,E2C_0,172.00,404.96,298.59
28620.00,E2C_1,50.00,439.67,362.60
28620.00,E2C_2,16.00,400.51,363.44
28620.00,E2C_3,27.00,428.72,367.47
28620.00,N2C_0,123.00,441.67,369.33
28620.00,N2C_1,71.00,464.44,366.01
28620.00,N2C_2,33.00,445.42,361.70
28620.00,N2C_3,26.00,67.28,67.28
28620.00,S2C_0,10.00,7.21,7.21
28620.00,S2C_1,23.00,63.00,91.06
28620.00,S2C_2,23.00,89.13,96.17
28620.00,S2C_3,28.00,57.50,57.50
28620.00,W2C_1,16.00,139.96,158.96
28620.00,W2C_2,14.00,127.11,157.20
28620.00,W2C_3,1.00,4.02,37.48
28680.00,E2C_0,32.00,200.54,203.76
28680.00,E2C_1,34.00,445.65,364.04
28680.00,E2C_2,31.00,431.64,363.97
28680.00,E2C_3,30.00,446.38,362.57
28680.00,N2C_0,178.00,468.48,369.02
28680.00,N2C_1,131.00,469.38,362.17
28680.00,N2C_2,40.00,468.31,363.58
28680.00,N2C_3,4.00,27.84,40.15
28680.00,S2C_1,47.00,138.03,138.03
28680.00,S2C_2,4.00,27.05,125.96
28680.00,S2C_3,8.00,110.61,114.18
28680.00,W2C_1,19.00,180.93,180.93
28680.00,W2C_2,20.00,164.65,164.65
28680.00,W2C_3,24.00,40.00,40.00
28740.00,:Center_11_0,7.00,5.50,8.99
28740.00,E2C_0,71.00,280.63,280.63
28740.00,E2C_1,38.00,414.75,363.83
28740.00,E2C_2,27.00,380.03,368.90
28740.00,E2C_3,47.00,384.02,362.53
28740.00,N2C_0,44.00,479.83,336.04
28740.00,N2C_1,191.00,459.63,353.94
28740.00,N2C_2,15.00,429.93,362.81
28740.00,S2C_1,11.00,69.29,91.42
28740.00,S2C_2,11.00,94.04,111.18
28740.00,S2C_3,16.00,54.40,54.40
28740.00,W2C_0,10.00,5.50,5.50
28740.00,W2C_1,21.00,179.98,179.98
28740.00,W2C_2,21.00,183.95,183.95
28740.00,W2C_3,11.00,16.81,34.25
28800.00,:Center_15_0,2.00,2.36,2.36
28800.00,E2C_0,1.00,309.47,320.17
28800.00,E2C_1,54.00,429.89,364.81
28800.00,E2C_2,18.00,450.37,361.87
28800.00,E2C_3,72.00,349.33,362.07
28800.00,N2C_0,44.00,477.37,281.48
28800.00,N2C_1,30.00,428.68,364.84
28800.00,N2C_2,10.00,291.35,373.76
28800.00,N2C_3,12.00,16.00,16.00
28800.00,S2C_1,24.00,113.03,113.03
28800.00,S2C_2,18.00,110.69,110.69
28800.00,S2C_3,12.00,48.44,63.61
28800.00,W2C_1,6.00,81.61,125.34
28800.00,W2C_2,10.00,72.46,110.52
28800.00,W2C_3,0.00,0.00,21.99
28860.00,:Center_7_0,17.00,11.40,11.40
28860.00,E2C_0,21.00,275.25,275.25
28860.00,E2C_1,12.00,313.62,332.99
28860.00,E2C_2,32.00,423.40,363.92
28860.00,E2C_3,44.00,423.70,362.81
28860.00,N2C_0,49.00,371.19,363.16
28860.00,N2C_1,20.00,474.11,366.15
28860.00,N2C_2,18.00,272.26,363.09
28860.00,S2C_1,11.00,106.22,138.06
28860.00,S2C_2,12.00,134.08,134.08
28860.00,S2C_3,37.00,80.41,80.41
28860.00,W2C_1,14.00,95.93,144.15
28860.00,W2C_2,12.00,70.85,143.90
28860.00,W2C_3,1.00,42.74,42.74
28920.00,:Center_11_0,5.00,11.60,11.60
28920.00,E2C_0,19.00,94.21,94.21
28920.00,E2C_1,18.00,224.70,360.77
28920.00,E2C_2,18.00,427.99,366.55
28920.00,E2C_3,88.00,437.92,362.64
28920.00,N2C_0,27.00,441.68,326.70
28920.00,N2C_1,109.00,351.02,365.28
28920.00,N2C_2,28.00,304.40,362.95
28920.00,N2C_3,1.00,3.00,7.06
28920.00,S2C_0,1.00,4.01,4.01
28920.00,S2C_1,13.00,77.81,149.44
28920.00,S2C_2,9.00,112.96,140.04
28920.00,S2C_3,11.00,115.42,115.42
28920.00,W2C_1,19.00,45.05,137.11
28920.00,W2C_2,18.00,39.32,76.63
28920.00,W2C_3,9.00,25.99,36.42
28980.00,:Center_7_0,10.00,13.30,13.30
28980.00,:Center_11_0,28.00,15.50,0.00
28980.00,:Center_15_0,21.00,14.80,11.60
28980.00,E2C_0,5.00,109.14,109.14
28980.00,E2C_1,12.00,239.50,263.78
28980.00,E2C_2,24.00,452.50,360.66
28980.00,E2C_3,142.00,463.37,362.55
28980.00,N2C_0,47.00,480.93,358.88
28980.00,N2C_1,24.00,467.52,362.09
28980.00,N2C_2,25.00,465.91,360.42
28980.00,N2C_3,26.00,22.64,29.65
28980.00,S2C_1,38.00,171.19,171.19
28980.00,S2C_2,38.00,165.50,169.04
28980.00,S2C_3,16.00,77.74,105.32
28980.00,W2C_1,2.00,10.23,107.72
28980.00,W2C_2,0.00,0.00,108.90
28980.00,W2C_3,16.00,39.87,39.87
29040.00,:Center_7_0,0.00,0.00,2.52
29040.00,E2C_0,9.00,71.53,159.13
29040.00,E2C_1,13.00,214.32,356.60
29040.00,E2C_2,70.00,300.18,362.90
29040.00,E2C_3,28.00,445.18,365.19
29040.00,N2C_0,39.00,454.64,374.28
29040.00,N2C_1,19.00,457.83,364.54
29040.00,N2C_2,11.00,397.60,359.32
29040.00,N2C_3,12.00,25.43,25.43
29040.00,S2C_0,9.00,11.00,11.00
29040.00,S2C_1,8.00,91.42,221.08
29040.00,S2C_2,10.00,107.73,196.06
29040.00,S2C_3,13.00,100.20,100.20
29040.00,W2C_1,11.00,94.24,110.02
29040.00,W2C_2,12.00,92.97,107.55
29040.00,W2C_3,0.00,0.00,24.80
29100.00,:Center_3_0,13.00,11.30,11.30
29100.00,E2C_0,14.00,82.11,82.11
29100.00,E2C_1,23.00,416.18,360.75
29100.00,E2C_2,43.00,435.92,363.93
29100.00,E2C_3,25.00,452.93,364.16
29100.00,N2C_0,98.00,477.40,374.28
29100.00,N2C_1,28.00,473.14,366.31
29100.00,N2C_2,10.00,469.07,358.73
29100.00,N2C_3,11.00,19.00,19.00
29100.00,S2C_1,11.00,144.03,222.22
29100.00,S2C_2,10.00,101.85,218.56
29100.00,S2C_3,25.00,96.51,96.51
29100.00,W2C_0,22.00,12.50,12.50
29100.00,W2C_1,23.00,81.79,88.48
29100.00,W2C_2,23.00,96.13,96.13
29100.00,W2C_3,16.00,14.20,14.20
29160.00,:Center_3_0,1.00,12.10,12.10
29160.00,:Center_9_0,0.00,0.00,26.40
29160.00,:Center_11_0,8.00,16.10,9.10
29160.00,E2C_0,17.00,65.20,73.14
29160.00,E2C_1,17.00,393.42,361.60
29160.00,E2C_2,42.00,453.32,359.95
29160.00,E2C_3,33.00,425.43,359.67
29160.00,N2C_0,34.00,284.47,306.62
29160.00,N2C_1,11.00,201.41,365.73
29160.00,N2C_2,8.00,198.19,362.14
29160.00,N2C_3,2.00,40.01,40.01
29160.00,S2C_1,5.00,220.38,240.39
29160.00,S2C_2,9.00,173.24,237.56
29160.00,S2C_3,8.00,90.30,90.30
29160.00,W2C_0,14.00,3.20,3.20
29160.00,W2C_1,15.00,34.51,61.22
29160.00,W2C_2,14.00,63.02,74.84
29160.00,W2C_3,15.00,18.91,18.91
29220.00,:Center_3_0,0.00,0.00,9.78
29220.00,:Center_11_0,20.00,11.62,11.62
29220.00,E2C_0,13.00,88.64,88.64
29220.00,E2C_1,18.00,460.37,361.88
29220.00,E2C_2,8.00,373.54,365.34
29220.00,E2C_3,9.00,274.44,352.79
29220.00,N2C_0,38.00,392.39,364.08
29220.00,N2C_1,26.00,450.20,364.34
29220.00,N2C_2,16.00,280.42,362.72
29220.00,N2C_3,3.00,5.27,5.27
29220.00,S2C_1,19.00,216.33,240.59
29220.00,S2C_2,17.00,162.46,246.35
29220.00,S2C_3,14.00,77.10,96.20
29220.00,W2C_0,4.00,3.20,7.88
29220.00,W2C_1,56.00,93.29,93.29
29220.00,W2C_2,57.00,89.62,100.37
29220.00,W2C_3,1.00,9.01,9.01
29280.00,:Center_7_0,2.00,8.11,11.98
29280.00,:Center_15_0,5.00,16.11,11.61
29280.00,E2C_0,33.00,157.32,157.32
29280.00,E2C_1,30.00,454.11,360.23
29280.00,E2C_2,2.00,366.89,366.89
29280.00,E2C_3,16.00,255.56,361.56
29280.00,N2C_0,54.00,476.88,360.77
29280.00,N2C_1,52.00,469.60,369.78
29280.00,N2C_2,15.00,340.56,360.05
29280.00,N2C_3,13.00,28.57,28.57
29280.00,S2C_0,1.00,5.50,5.50
29280.00,S2C_1,16.00,206.56,272.53
29280.00,S2C_2,15.00,269.48,272.74
29280.00,S2C_3,13.00,235.78,235.78
29280.00,W2C_0,23.00,12.93,16.19
29280.00,W2C_1,11.00,81.43,81.43
29280.00,W2C_2,15.00,85.23,85.23
29280.00,W2C_3,21.00,50.75,50.75
29340.00,:Center_3_0,0.00,0.00,8.44
29340.00,E2C_0,17.00,155.00,155.00
29340.00,E2C_1,15.00,416.24,370.27
29340.00,E2C_2,14.00,193.43,359.24
29340.00,E2C_3,24.00,433.53,363.45
29340.00,N2C_0,61.00,479.81,345.16
29340.00,N2C_1,44.00,464.83,362.58
29340.00,N2C_2,30.00,245.68,363.45
29340.00,N2C_3,12.00,38.81,38.81
29340.00,S2C_0,4.00,6.42,13.83
29340.00,S2C_1,5.00,261.08,276.31
29340.00,S2C_2,5.00,238.95,272.98
29340.00,S2C_3,6.00,99.55,99.55
29340.00,W2C_0,16.00,32.65,32.65
29340.00,W2C_1,25.00,90.39,97.99
29340.00,W2C_2,16.00,50.86,89.00
29340.00,W2C_3,16.00,59.62,59.62
29400.00,E2C_0,49.00,167.78,174.82
29400.00,E2C_1,17.00,402.08,366.39
29400.00,E2C_2,17.00,415.52,361.22
29400.00,E2C_3,84.00,324.29,359.23
29400.00,N2C_0,45.00,481.25,365.41
29400.00,N2C_1,18.00,438.97,364.32
29400.00,N2C_2,7.00,422.41,366.30
29400.00,N2C_3,34.00,94.99,94.99
29400.00,S2C_1,17.00,228.48,247.57
29400.00,S2C_2,8.00,96.69,261.01
29400.00,S2C_3,2.00,6.50,79.86
29400.00,W2C_0,11.00,9.60,9.60
29400.00,W2C_1,14.00,48.96,69.39
29400.00,W2C_2,16.00,46.90,65.15
29400.00,W2C_3,20.00,56.06,71.58
29460.00,E2C_0,13.00,167.92,171.21
29460.00,E2C_1,12.00,437.76,360.45
29460.00,E2C_2,12.00,438.44,363.57
29460.00,E2C_3,27.00,412.51,361.46
29460.00,N2C_0,65.00,474.35,251.87
29460.00,N2C_1,10.00,457.42,361.81
29460.00,N2C_2,19.00,167.04,350.85
29460.00,N2C_3,94.00,32.91,32.91
29460.00,S2C_1,21.00,222.36,256.49
29460.00,S2C_2,18.00,179.30,257.25
29460.00,S2C_3,13.00,70.62,70.62
29460.00,W2C_1,11.00,16.61,86.50
29460.00,W2C_2,12.00,31.41,83.12
29460.00,W2C_3,7.00,59.69,63.08
29520.00,:Center_15_0,8.00,23.60,0.00
29520.00,E2C_0,29.00,136.90,192.99
29520.00,E2C_1,9.00,234.92,361.68
29520.00,E2C_2,8.00,385.10,363.96
29520.00,E2C_3,7.00,418.24,362.56
29520.00,N2C_0,19.00,321.00,321.00
29520.00,N2C_1,18.00,417.74,363.17
29520.00,N2C_2,18.00,344.57,366.17
29520.00,N2C_3,19.00,53.23,53.23
29520.00,S2C_0,6.00,17.23,17.23
29520.00,S2C_1,18.00,285.94,285.94
29520.00,S2C_2,17.00,175.46,281.75
29520.00,S2C_3,8.00,36.56,48.63
29520.00,W2C_1,3.00,5.50,71.64
29520.00,W2C_2,3.00,5.50,71.93
29520.00,W2C_3,7.00,30.94,51.18
29580.00,:Center_3_0,2.00,3.10,10.22
29580.00,:Center_15_0,0.00,0.00,9.94
29580.00,E2C_0,44.00,195.33,195.33
29580.00,E2C_1,15.00,425.84,352.24
29580.00,E2C_2,16.00,462.05,360.87
29580.00,E2C_3,12.00,388.42,360.19
29580.00,N2C_0,62.00,477.21,363.18
29580.00,N2C_1,39.00,452.19,361.96
29580.00,N2C_2,7.00,197.19,363.21
29580.00,N2C_3,2.00,40.22,58.47
29580.00,S2C_0,2.00,9.00,9.00
29580.00,S2C_1,17.00,274.40,288.76
29580.00,S2C_2,9.00,264.39,292.30
29580.00,S2C_3,2.00,41.30,55.29
29580.00,W2C_1,13.00,57.32,57.32
29580.00,W2C_2,18.00,57.05,57.05
29580.00,W2C_3,18.00,53.01,53.01
29640.00,:Center_11_0,1.00,4.61,9.30
29640.00,E2C_0,66.00,253.85,253.85
29640.00,E2C_1,42.00,387.69,366.81
29640.00,E2C_2,40.00,409.63,365.54
29640.00,E2C_3,48.00,370.45,364.04
29640.00,N2C_0,45.00,469.07,369.27
29640.00,N2C_1,28.00,476.75,360.12
29640.00,N2C_2,6.00,157.02,363.88
29640.00,N2C_3,24.00,74.11,74.11
29640.00,S2C_1,20.00,174.40,295.50
29640.00,S2C_2,19.00,225.96,297.61
29640.00,S2C_3,10.00,62.20,62.20
29640.00,W2C_0,10.00,13.40,13.40
29640.00,W2C_1,12.00,22.85,33.55
29640.00,W2C_2,11.00,26.46,40.99
29640.00,W2C_3,6.00,15.93,61.22
29700.00,:Center_3_0,0.00,0.00,14.26
29700.00,:Center_11_0,0.00,0.00,14.24
29700.00,E2C_0,47.00,403.47,313.74
29700.00,E2C_1,34.00,474.93,361.30
29700.00,E2C_2,46.00,468.35,363.53
29700.00,E2C_3,15.00,302.63,339.01
29700.00,N2C_0,34.00,262.09,292.84
29700.00,N2C_1,51.00,432.94,366.58
29700.00,N2C_2,17.00,133.76,358.28
29700.00,N2C_3,18.00,97.17,97.17
29700.00,S2C_1,15.00,308.67,308.67
29700.00,S2C_2,17.00,288.90,302.74
29700.00,S2C_3,14.00,50.83,50.83
29700.00,W2C_1,8.00,53.25,53.25
29700.00,W2C_2,7.00,20.43,49.71
29700.00,W2C_3,8.00,43.25,55.29
29760.00,:Center_3_0,6.00,2.30,2.30
29760.00,:Center_11_0,41.00,14.80,7.80
29760.00,:Center_15_0,9.00,11.60,11.60
29760.00,E2C_0,100.00,420.74,365.48
29760.00,E2C_1,20.00,469.58,360.41
29760.00,E2C_2,14.00,333.59,364.43
29760.00,E2C_3,11.00,332.12,336.48
29760.00,N2C_0,58.00,366.08,362.63
29760.00,N2C_1,57.00,459.59,363.93
29760.00,N2C_2,16.00,334.02,363.37
29760.00,N2C_3,34.00,79.73,79.73
29760.00,S2C_1,29.00,298.55,310.56
29760.00,S2C_2,30.00,156.22,310.02
29760.00,S2C_3,20.00,166.22,171.98
29760.00,W2C_1,62.00,71.62,71.62
29760.00,W2C_2,44.00,76.32,76.32
29760.00,W2C_3,6.00,20.25,23.57
29820.00,:Center_3_0,0.00,0.00,8.29
29820.00,E2C_0,160.00,479.13,363.79
29820.00,E2C_1,34.00,455.01,359.93
29820.00,E2C_2,38.00,460.19,363.80
29820.00,E2C_3,15.00,310.24,310.24
29820.00,N2C_0,45.00,482.06,364.50
29820.00,N2C_1,28.00,460.13,369.02
29820.00,N2C_2,17.00,261.27,351.29
29820.00,N2C_3,8.00,71.86,71.86
29820.00,S2C_1,15.00,127.54,328.05
29820.00,S2C_2,20.00,299.30,325.96
29820.00,S2C_3,7.00,69.88,73.41
29820.00,W2C_0,1.00,13.49,13.49
29820.00,W2C_1,12.00,66.90,74.59
29820.00,W2C_2,14.00,56.21,86.25
29820.00,W2C_3,22.00,26.15,26.15
29880.00,E2C_0,133.00,480.89,363.01
29880.00,E2C_1,220.00,457.38,362.37
29880.00,E2C_2,23.00,452.53,364.70
29880.00,E2C_3,14.00,275.32,326.00
29880.00,N2C_0,63.00,469.90,359.89
29880.00,N2C_1,90.00,450.30,363.75
29880.00,N2C_2,5.00,273.68,357.70
29880.00,N2C_3,31.00,128.03,128.03
29880.00,S2C_0,23.00,22.43,22.43
29880.00,S2C_1,22.00,246.47,327.39
29880.00,S2C_2,18.00,336.29,336.29
29880.00,S2C_3,12.00,76.45,79.77
29880.00,W2C_0,1.00,5.51,5.51
29880.00,W2C_1,8.00,15.70,26.32
29880.00,W2C_2,6.00,89.93,97.13
29880.00,W2C_3,9.00,22.17,22.17
29940.00,:Center_7_0,0.00,0.00,17.85
29940.00,:Center_15_0,1.00,5.52,8.76
29940.00,E2C_0,55.00,439.14,363.84
29940.00,E2C_1,11.00,431.33,360.11
29940.00,E2C_2,39.00,441.96,361.39
29940.00,E2C_3,56.00,324.86,324.86
29940.00,N2C_0,89.00,459.58,357.06
29940.00,N2C_1,150.00,438.68,360.07
29940.00,N2C_2,13.00,239.87,362.49
29940.00,N2C_3,17.00,123.04,132.86
29940.00,S2C_0,8.00,10.20,10.20
29940.00,S2C_1,16.00,359.95,359.95
29940.00,S2C_2,17.00,325.79,356.98
29940.00,S2C_3,20.00,52.12,52.12
29940.00,W2C_0,0.00,0.00,3.79
29940.00,W2C_1,16.00,85.43,85.43
29940.00,W2C_2,17.00,81.31,84.91
29940.00,W2C_3,1.00,5.50,15.29
30000.00,:Center_3_0,2.00,4.60,4.60
30000.00,:Center_7_0,1.00,2.31,2.31
30000.00,:Center_15_0,1.00,2.55,5.94
30000.00,E2C_0,35.00,451.36,368.33
30000.00,E2C_1,17.00,463.94,370.78
30000.00,E2C_2,35.00,451.47,359.33
30000.00,E2C_3,27.00,295.85,300.36
30000.00,N2C_0,118.00,437.38,368.47
30000.00,N2C_1,210.00,456.52,362.63
30000.00,N2C_2,77.00,141.78,361.24
30000.00,N2C_3,37.00,201.25,201.25
30000.00,S2C_1,9.00,326.87,359.42
30000.00,S2C_2,11.00,259.50,362.58
30000.00,S2C_3,10.00,90.17,90.17
30000.00,W2C_1,15.00,77.53,77.53
30000.00,W2C_2,14.00,84.82,84.82
30060.00,:Center_3_0,8.00,16.10,9.10
30060.00,:Center_7_0,46.00,11.00,11.00
30060.00,:Center_11_0,9.00,6.80,6.80
30060.00,E2C_0,43.00,473.90,362.96
30060.00,E2C_1,33.00,469.74,361.65
30060.00,E2C_2,95.00,450.62,362.54
30060.00,E2C_3,87.00,306.87,306.87
30060.00,N2C_0,178.00,476.12,340.19
30060.00,N2C_1,270.00,470.90,360.45
30060.00,N2C_2,137.00,185.44,370.40
30060.00,N2C_3,37.00,233.59,257.67
30060.00,S2C_1,11.00,346.43,363.19
30060.00,S2C_2,15.00,329.74,366.43
30060.00,S2C_3,19.00,88.36,88.36
30060.00,W2C_0,14.00,6.40,6.40
30060.00,W2C_1,14.00,89.84,96.93
30060.00,W2C_2,13.00,50.67,100.57
30120.00,E2C_0,64.00,477.66,118.02
30120.00,E2C_1,52.00,471.16,362.77
30120.00,E2C_2,155.00,470.02,361.57
30120.00,E2C_3,79.00,254.85,254.85
30120.00,N2C_0,238.00,466.50,340.19
30120.00,N2C_1,330.00,467.90,363.26
30120.00,N2C_2,197.00,410.60,363.58
30120.00,N2C_3,97.00,184.83,184.83
30120.00,S2C_1,8.00,74.75,360.41
30120.00,S2C_2,7.00,27.91,357.81
30120.00,S2C_3,7.00,50.01,57.45
30120.00,W2C_0,2.00,8.95,8.95
30120.00,W2C_1,50.00,119.92,123.14
30120.00,W2C_2,46.00,125.92,125.92
30180.00,:Center_3_0,7.00,15.10,8.10
30180.00,:Center_11_0,3.00,4.60,4.60
30180.00,E2C_0,47.00,480.58,262.91
30180.00,E2C_1,33.00,477.68,364.47
30180.00,E2C_2,163.00,459.66,362.32
30180.00,E2C_3,97.00,220.86,263.61
30180.00,N2C_0,90.00,449.06,341.00
30180.00,N2C_1,72.00,435.55,370.77
30180.00,N2C_2,48.00,362.16,362.16
30180.00,N2C_3,44.00,272.57,275.96
30180.00,S2C_1,25.00,200.23,245.76
30180.00,S2C_2,21.00,129.45,252.42
30180.00,S2C_3,2.00,17.33,70.55
30180.00,W2C_0,11.00,30.50,30.50
30180.00,W2C_1,10.00,42.17,57.80
30180.00,W2C_2,16.00,31.45,86.16
30180.00,W2C_3,12.00,7.40,7.40
30240.00,:Center_7_0,3.00,14.11,14.11
30240.00,:Center_15_0,5.00,15.30,0.00
30240.00,E2C_0,18.00,357.34,364.53
30240.00,E2C_1,17.00,415.18,360.43
30240.00,E2C_2,23.00,452.77,367.31
30240.00,E2C_3,62.00,284.18,284.18
30240.00,N2C_0,45.00,464.37,365.95
30240.00,N2C_1,64.00,447.93,369.89
30240.00,N2C_2,28.00,436.41,360.25
30240.00,N2C_3,85.00,329.37,332.57
30240.00,S2C_1,18.00,238.68,242.11
30240.00,S2C_2,18.00,174.35,247.29
30240.00,S2C_3,11.00,82.81,82.81
30240.00,W2C_1,0.00,0.00,50.18
30240.00,W2C_2,0.00,0.00,53.45
30300.00,:Center_7_0,3.00,8.10,11.35
30300.00,:Center_11_0,0.00,0.00,4.65
30300.00,E2C_0,60.00,481.39,332.79
30300.00,E2C_1,34.00,467.36,369.20
30300.00,E2C_2,35.00,469.95,361.97
30300.00,E2C_3,29.00,346.17,346.17
30300.00,N2C_0,43.00,465.06,363.09
30300.00,N2C_1,19.00,451.85,366.28
30300.00,N2C_2,19.00,440.81,365.69
30300.00,N2C_3,17.00,321.05,321.05
30300.00,S2C_1,8.00,148.21,213.97
30300.00,S2C_2,12.00,212.69,243.27
30300.00,S2C_3,10.00,89.71,93.72
30300.00,W2C_1,11.00,48.82,48.82
30300.00,W2C_2,12.00,53.44,53.44
30360.00,:Center_7_0,63.00,11.30,11.30
30360.00,:Center_11_0,3.00,12.10,12.10
30360.00,E2C_0,50.00,469.87,335.83
30360.00,E2C_1,35.00,445.20,363.37
30360.00,E2C_2,13.00,440.52,364.43
30360.00,E2C_3,58.00,343.13,355.26
30360.00,N2C_0,57.00,465.85,364.16
30360.00,N2C_1,78.00,461.72,364.16
30360.00,N2C_2,79.00,370.23,366.86
30360.00,N2C_3,42.00,342.63,342.63
30360.00,S2C_1,34.00,247.77,247.77
30360.00,S2C_2,33.00,191.07,231.15
30360.00,S2C_3,2.00,38.13,45.22
30360.00,W2C_0,0.00,0.00,5.51
30360.00,W2C_1,63.00,90.72,90.72
30360.00,W2C_2,65.00,87.62,87.62
30420.00,:Center_3_0,9.00,11.60,11.60
30420.00,:Center_11_0,4.00,9.12,9.12
30420.00,E2C_0,26.00,423.33,361.31
30420.00,E2C_1,26.00,475.54,361.22
30420.00,E2C_2,25.00,466.25,361.79
30420.00,E2C_3,118.00,344.69,344.69
30420.00,N2C_0,75.00,479.97,346.70
30420.00,N2C_1,130.00,441.77,358.95
30420.00,N2C_2,122.00,363.26,363.26
30420.00,N2C_3,40.00,191.50,199.25
30420.00,S2C_1,4.00,114.55,149.60
30420.00,S2C_2,5.00,79.35,245.61
30420.00,S2C_3,4.00,8.46,24.12
30420.00,W2C_0,8.00,10.20,10.20
30420.00,W2C_1,16.00,44.35,140.54
30420.00,W2C_2,18.00,55.25,135.37
30420.00,W2C_3,11.00,5.50,5.50
30480.00,:Center_3_0,9.00,8.10,8.10
30480.00,:Center_7_0,8.00,14.81,11.60
30480.00,:Center_15_0,0.00,0.00,12.15
30480.00,E2C_0,41.00,440.55,359.05
30480.00,E2C_1,16.00,453.12,362.82
30480.00,E2C_2,18.00,458.12,364.76
30480.00,E2C_3,69.00,369.09,365.89
30480.00,N2C_0,47.00,480.01,360.82
30480.00,N2C_1,97.00,471.80,374.08
30480.00,N2C_2,17.00,402.49,360.29
30480.00,N2C_3,21.00,290.37,297.46
30480.00,S2C_0,0.00,0.00,3.26
30480.00,S2C_1,15.00,187.44,187.44
30480.00,S2C_2,13.00,161.04,183.94
30480.00,S2C_3,11.00,30.21,30.21
30480.00,W2C_1,17.00,151.45,151.45
30480.00,W2C_2,18.00,150.16,157.32
30540.00,:Center_11_0,0.00,0.00,8.50
30540.00,E2C_0,100.00,471.72,374.32
30540.00,E2C_1,55.00,455.92,360.64
30540.00,E2C_2,37.00,398.38,361.38
30540.00,E2C_3,116.00,373.60,362.69
30540.00,N2C_0,90.00,473.32,365.20
30540.00,N2C_1,81.00,433.72,359.36
30540.00,N2C_2,113.00,388.09,361.32
30540.00,N2C_3,33.00,275.84,275.84
30540.00,S2C_0,7.00,10.07,10.07
30540.00,S2C_1,12.00,150.79,157.92
30540.00,S2C_2,13.00,133.80,169.74
30540.00,S2C_3,2.00,14.53,22.96
30540.00,W2C_1,13.00,93.93,102.39
30540.00,W2C_2,13.00,87.40,103.97
30540.00,W2C_3,0.00,0.00,26.61
30600.00,:Center_3_0,1.00,3.11,3.11
30600.00,:Center_7_0,0.00,0.00,2.30
30600.00,:Center_11_0,0.00,0.00,10.15
30600.00,E2C_0,78.00,473.81,374.32
30600.00,E2C_1,12.00,478.32,365.35
30600.00,E2C_2,12.00,428.10,363.67
30600.00,E2C_3,42.00,402.52,361.82
30600.00,N2C_0,74.00,477.97,362.30
30600.00,N2C_1,32.00,448.36,359.94
30600.00,N2C_2,23.00,370.19,362.60
30600.00,N2C_3,73.00,280.24,280.24
30600.00,S2C_1,13.00,110.27,131.47
30600.00,S2C_2,10.00,97.77,150.28
30600.00,S2C_3,0.00,0.00,25.77
30600.00,W2C_1,11.00,132.55,136.28
30600.00,W2C_2,11.00,138.57,138.57
30600.00,W2C_3,11.00,17.40,20.62
30660.00,:Center_7_0,13.00,14.81,11.60
30660.00,:Center_11_0,13.00,8.10,8.10
30660.00,:Center_15_0,10.00,17.00,10.00
30660.00,E2C_0,43.00,472.06,373.29
30660.00,E2C_1,26.00,476.56,361.37
30660.00,E2C_2,27.00,475.46,362.57
30660.00,E2C_3,26.00,351.86,351.86
30660.00,N2C_0,59.00,472.15,360.80
30660.00,N2C_1,22.00,444.00,363.78
30660.00,N2C_2,16.00,394.69,362.02
30660.00,N2C_3,63.00,277.03,277.03
30660.00,S2C_0,13.00,3.20,3.20
30660.00,S2C_1,19.00,159.57,159.57
30660.00,S2C_2,19.00,157.29,157.29
30660.00,S2C_3,15.00,3.20,3.20
30660.00,W2C_1,15.00,100.74,138.78
30660.00,W2C_2,16.00,136.05,136.05
30660.00,W2C_3,3.00,10.65,10.65
30720.00,:Center_3_0,3.00,16.44,9.32
30720.00,:Center_7_0,4.00,2.30,2.30
30720.00,:Center_11_0,5.00,8.76,12.20
30720.00,E2C_0,18.00,473.20,122.19
30720.00,E2C_1,15.00,426.88,360.06
30720.00,E2C_2,23.00,472.93,370.18
30720.00,E2C_3,33.00,368.10,361.05
30720.00,N2C_0,98.00,478.59,289.55
30720.00,N2C_1,66.00,473.70,360.89
30720.00,N2C_2,49.00,389.79,365.88
30720.00,N2C_3,80.00,295.45,295.45
30720.00,S2C_1,32.00,170.49,181.57
30720.00,S2C_2,13.00,121.48,167.25
30720.00,S2C_3,0.00,0.00,6.75
30720.00,W2C_1,47.00,165.23,165.23
30720.00,W2C_2,14.00,61.46,159.72
30720.00,W2C_3,14.00,31.04,31.04
30780.00,:Center_7_0,64.00,21.00,21.00
30780.00,:Center_11_0,12.00,8.70,8.70
30780.00,E2C_0,43.00,207.07,207.07
30780.00,E2C_1,60.00,471.86,362.47
30780.00,E2C_2,37.00,432.00,365.81
30780.00,E2C_3,67.00,386.13,365.97
30780.00,N2C_0,71.00,456.44,346.52
30780.00,N2C_1,126.00,442.52,361.61
30780.00,N2C_2,109.00,420.37,361.95
30780.00,N2C_3,57.00,119.55,135.51
30780.00,S2C_1,6.00,41.31,55.95
30780.00,S2C_2,10.00,47.12,54.09
30780.00,W2C_0,4.00,8.51,15.58
30780.00,W2C_1,49.00,168.74,168.74
30780.00,W2C_2,51.00,176.43,176.43
30780.00,W2C_3,50.00,41.91,41.91
30840.00,:Center_7_0,124.00,21.00,21.00
30840.00,E2C_0,79.00,274.58,274.58
30840.00,E2C_1,56.00,472.67,362.16
30840.00,E2C_2,45.00,461.80,364.14
30840.00,E2C_3,69.00,282.48,293.52
30840.00,N2C_0,95.00,475.43,367.45
30840.00,N2C_1,186.00,476.63,361.41
30840.00,N2C_2,169.00,476.33,363.37
30840.00,N2C_3,117.00,184.14,187.34
30840.00,S2C_0,0.00,0.00,3.40
30840.00,W2C_0,11.00,51.41,51.41
30840.00,W2C_1,74.00,209.75,209.75
30840.00,W2C_2,74.00,203.04,203.04
30840.00,W2C_3,70.00,48.01,48.01
30900.00,:Center_3_0,6.00,2.30,2.30
30900.00,:Center_7_0,3.00,5.55,8.91
30900.00,E2C_0,120.00,445.45,365.45
30900.00,E2C_1,116.00,471.75,359.45
30900.00,E2C_2,25.00,470.84,365.74
30900.00,E2C_3,25.00,328.60,328.60
30900.00,N2C_0,125.00,457.24,364.52
30900.00,N2C_1,195.00,481.22,369.21
30900.00,N2C_2,41.00,324.32,370.26
30900.00,N2C_3,36.00,343.21,346.44
30900.00,S2C_1,6.00,12.50,12.50
30900.00,S2C_2,10.00,8.50,8.50
30900.00,S2C_3,4.00,5.50,5.50
30900.00,W2C_0,0.00,0.00,52.01
30900.00,W2C_1,35.00,172.54,240.30
30900.00,W2C_2,37.00,197.30,246.89
30900.00,W2C_3,33.00,52.91,52.91
30960.00,:Center_3_0,7.00,18.81,7.80
30960.00,:Center_7_0,9.00,8.70,8.70
30960.00,:Center_11_0,6.00,12.51,9.30
30960.00,:Center_15_0,10.00,2.30,2.30
30960.00,E2C_0,147.00,477.94,361.80
30960.00,E2C_1,176.00,473.37,359.45
30960.00,E2C_2,17.00,364.25,364.25
30960.00,E2C_3,56.00,327.49,327.49
30960.00,N2C_0,149.00,476.24,364.46
30960.00,N2C_1,95.00,469.30,361.24
30960.00,N2C_2,40.00,425.84,366.30
30960.00,N2C_3,59.00,315.96,315.96
30960.00,S2C_1,14.00,27.01,30.69
30960.00,S2C_2,14.00,30.07,30.07
30960.00,S2C_3,0.00,0.00,24.66
30960.00,W2C_0,1.00,18.04,18.04
30960.00,W2C_1,12.00,31.62,67.77
30960.00,W2C_2,14.00,26.72,101.81
30960.00,W2C_3,40.00,45.35,45.35
31020.00,:Center_3_0,0.00,0.00,10.89
31020.00,:Center_11_0,0.00,0.00,9.95
31020.00,E2C_0,70.00,473.83,360.66
31020.00,E2C_1,22.00,469.71,369.22
31020.00,E2C_2,20.00,465.65,371.69
31020.00,E2C_3,43.00,279.27,293.60
31020.00,N2C_0,209.00,463.52,360.39
31020.00,N2C_1,53.00,471.77,364.48
31020.00,N2C_2,155.00,355.03,365.47
31020.00,N2C_3,26.00,326.12,326.12
31020.00,S2C_1,7.00,51.32,51.32
31020.00,S2C_2,10.00,46.48,49.87
31020.00,W2C_0,7.00,19.15,19.15
31020.00,W2C_1,41.00,181.43,181.43
31020.00,W2C_2,39.00,180.63,180.63
31020.00,W2C_3,4.00,34.78,49.09
31080.00,:Center_7_0,19.00,14.60,7.60
31080.00,E2C_0,91.00,477.65,351.51
31080.00,E2C_1,47.00,475.24,360.81
31080.00,E2C_2,35.00,392.74,362.24
31080.00,E2C_3,23.00,322.24,322.24
31080.00,N2C_0,262.00,474.01,360.39
31080.00,N2C_1,21.00,470.89,363.87
31080.00,N2C_2,32.00,466.92,361.78
31080.00,N2C_3,34.00,318.38,318.38
31080.00,S2C_0,20.00,16.50,16.50
31080.00,S2C_1,24.00,23.41,23.41
31080.00,S2C_2,25.00,17.40,17.40
31080.00,S2C_3,15.00,13.40,13.40
31080.00,W2C_0,7.00,42.80,42.80
31080.00,W2C_1,36.00,187.43,187.43
31080.00,W2C_2,32.00,184.14,184.14
31080.00,W2C_3,0.00,0.00,92.63
31140.00,:Center_7_0,31.00,14.20,11.00
31140.00,E2C_0,135.00,439.41,370.87
31140.00,E2C_1,107.00,470.38,362.83
31140.00,E2C_2,68.00,445.90,364.45
31140.00,E2C_3,22.00,219.18,295.88
31140.00,N2C_0,44.00,468.58,360.02
31140.00,N2C_1,42.00,471.82,368.00
31140.00,N2C_2,39.00,438.07,355.67
31140.00,N2C_3,46.00,325.56,325.56
31140.00,S2C_0,26.00,9.60,9.60
31140.00,S2C_1,42.00,35.72,35.72
31140.00,S2C_2,45.00,24.09,31.59
31140.00,S2C_3,45.00,14.20,14.20
31140.00,W2C_2,1.00,182.71,182.71
31200.00,:Center_3_0,42.00,13.30,10.10
31200.00,:Center_11_0,25.00,4.60,4.60
31200.00,:Center_15_0,25.00,13.80,9.30
31200.00,E2C_0,195.00,482.51,370.47
31200.00,E2C_1,157.00,475.45,366.47
31200.00,E2C_2,167.00,479.98,347.23
31200.00,E2C_3,36.00,348.26,348.26
31200.00,N2C_0,33.00,445.37,367.62
31200.00,N2C_1,46.00,453.49,353.99
31200.00,N2C_2,47.00,451.94,355.78
31200.00,N2C_3,37.00,347.48,347.48
31200.00,S2C_0,30.00,10.20,10.20
31200.00,S2C_1,32.00,53.01,53.01
31200.00,S2C_2,31.00,47.31,47.31
31200.00,S2C_3,33.00,16.70,16.70
31200.00,W2C_1,31.00,46.42,46.42
31200.00,W2C_2,30.00,50.35,50.35
31200.00,W2C_3,18.00,22.35,22.35
31260.00,:Center_7_0,0.00,0.00,8.94
31260.00,E2C_0,128.00,468.39,339.88
31260.00,E2C_1,32.00,460.09,369.25
31260.00,E2C_2,15.00,457.69,362.74
31260.00,E2C_3,31.00,341.45,341.45
31260.00,N2C_0,44.00,479.58,331.62
31260.00,N2C_1,45.00,472.15,360.53
31260.00,N2C_2,37.00,464.13,365.09
31260.00,N2C_3,77.00,361.63,361.63
31260.00,S2C_0,0.00,0.00,6.59
31260.00,S2C_1,17.00,78.61,78.61
31260.00,S2C_2,21.00,37.15,77.87
31260.00,S2C_3,2.00,13.43,13.43
31260.00,W2C_0,0.00,0.00,5.56
31260.00,W2C_1,39.00,73.81,80.61
31260.00,W2C_2,52.00,77.72,77.72
31260.00,W2C_3,4.00,13.62,57.13
31320.00,:Center_7_0,0.00,0.00,10.00
31320.00,:Center_15_0,5.00,13.81,9.30
31320.00,E2C_0,79.00,443.73,364.17
31320.00,E2C_1,12.00,462.36,363.44
31320.00,E2C_2,10.00,452.48,359.07
31320.00,E2C_3,10.00,259.22,362.03
31320.00,N2C_0,37.00,476.30,363.06
31320.00,N2C_1,37.00,475.75,359.02
31320.00,N2C_2,16.00,471.97,363.10
31320.00,N2C_3,38.00,189.59,193.26
31320.00,S2C_1,16.00,77.89,93.48
31320.00,S2C_2,14.00,67.14,97.40
31320.00,S2C_3,5.00,9.40,9.40
31320.00,W2C_1,26.00,88.22,88.22
31320.00,W2C_2,24.00,90.42,90.42
31320.00,W2C_3,2.00,15.96,35.43
31380.00,:Center_15_0,5.00,11.61,11.61
31380.00,E2C_0,80.00,474.20,364.09
31380.00,E2C_1,21.00,462.52,360.57
31380.00,E2C_2,7.00,182.66,354.93
31380.00,E2C_3,21.00,301.95,325.05
31380.00,N2C_0,27.00,471.57,292.46
31380.00,N2C_1,15.00,446.82,362.96
31380.00,N2C_2,18.00,392.62,373.50
31380.00,N2C_3,41.00,208.10,208.10
31380.00,S2C_0,4.00,32.20,32.20
31380.00,S2C_1,9.00,24.40,37.55
31380.00,S2C_2,10.00,48.21,122.71
31380.00,S2C_3,7.00,19.50,19.50
31380.00,W2C_1,6.00,66.23,66.23
31380.00,W2C_2,4.00,53.27,65.33
31380.00,W2C_3,0.00,0.00,66.16
31440.00,:Center_15_0,3.00,11.64,11.64
31440.00,E2C_0,56.00,476.01,365.20
31440.00,E2C_1,42.00,427.95,362.48
31440.00,E2C_2,11.00,94.61,363.64
31440.00,E2C_3,64.00,271.04,275.58
31440.00,N2C_0,11.00,445.41,355.41
31440.00,N2C_1,11.00,468.01,364.23
31440.00,N2C_2,16.00,390.20,360.87
31440.00,N2C_3,101.00,206.29,206.29
31440.00,S2C_0,7.00,18.92,18.92
31440.00,S2C_1,11.00,125.61,125.61
31440.00,S2C_2,11.00,120.19,120.19
31440.00,S2C_3,9.00,11.71,11.71
31440.00,W2C_1,8.00,46.76,54.18
31440.00,W2C_2,9.00,51.71,51.71
31440.00,W2C_3,7.00,50.41,50.41
31500.00,:Center_11_0,4.00,4.60,4.60
31500.00,E2C_0,90.00,426.66,364.35
31500.00,E2C_1,77.00,436.72,362.95
31500.00,E2C_2,14.00,276.16,359.73
31500.00,E2C_3,30.00,305.17,305.17
31500.00,N2C_0,15.00,424.02,331.82
31500.00,N2C_1,13.00,240.71,357.95
31500.00,N2C_2,3.00,458.54,366.13
31500.00,N2C_3,19.00,224.14,224.14
31500.00,S2C_1,15.00,130.13,130.13
31500.00,S2C_2,18.00,128.34,132.91
31500.00,S2C_3,3.00,19.51,26.75
31500.00,W2C_1,14.00,29.31,29.31
31500.00,W2C_2,14.00,24.41,27.65
31500.00,W2C_3,10.00,19.41,39.20
31560.00,:Center_3_0,9.00,11.01,11.01
31560.00,:Center_15_0,23.00,14.00,9.50
31560.00,E2C_0,32.00,443.94,360.84
31560.00,E2C_1,28.00,460.71,363.18
31560.00,E2C_2,29.00,449.68,374.26
31560.00,E2C_3,16.00,251.11,251.11
31560.00,N2C_0,40.00,428.42,366.17
31560.00,N2C_1,18.00,416.93,360.37
31560.00,N2C_2,21.00,195.73,337.67
31560.00,N2C_3,23.00,150.25,150.25
31560.00,S2C_1,14.00,114.57,145.66
31560.00,S2C_2,14.00,104.70,151.13
31560.00,S2C_3,2.00,7.96,7.96
31560.00,W2C_0,14.00,6.40,6.40
31560.00,W2C_1,14.00,15.40,15.40
31560.00,W2C_2,16.00,21.21,21.21
31560.00,W2C_3,14.00,11.55,11.55
31620.00,:Center_7_0,10.00,17.10,10.10
31620.00,:Center_15_0,11.00,16.30,9.30
31620.00,E2C_0,68.00,460.50,359.33
31620.00,E2C_1,77.00,413.91,366.31
31620.00,E2C_2,73.00,386.03,364.86
31620.00,E2C_3,6.00,46.30,256.69
31620.00,N2C_0,42.00,475.36,374.05
31620.00,N2C_1,32.00,481.68,366.02
31620.00,N2C_2,61.00,349.69,364.43
31620.00,N2C_3,56.00,93.06,103.75
31620.00,S2C_0,7.00,4.00,8.54
31620.00,S2C_1,37.00,173.82,173.82
31620.00,S2C_2,17.00,141.06,165.26
31620.00,S2C_3,18.00,31.31,31.31
31620.00,W2C_3,6.00,13.15,16.48
31680.00,:Center_11_0,5.00,8.74,12.05
31680.00,E2C_0,33.00,300.42,307.63
31680.00,E2C_1,22.00,475.99,366.13
31680.00,E2C_2,20.00,479.19,363.52
31680.00,E2C_3,19.00,222.04,222.04
31680.00,N2C_0,31.00,476.92,343.84
31680.00,N2C_1,28.00,339.29,359.73
31680.00,N2C_2,8.00,332.04,362.45
31680.00,N2C_3,1.00,64.43,143.65
31680.00,S2C_1,45.00,177.74,188.75
31680.00,S2C_2,44.00,180.39,180.39
31680.00,S2C_3,38.00,49.41,53.55
31680.00,W2C_0,9.00,3.20,3.20
31680.00,W2C_1,11.00,6.40,6.40
31680.00,W2C_2,7.00,4.00,4.00
31680.00,W2C_3,16.00,35.50,35.50
31740.00,:Center_7_0,1.00,3.10,3.10
31740.00,E2C_0,29.00,377.44,363.62
31740.00,E2C_1,25.00,481.36,362.26
31740.00,E2C_2,29.00,417.70,364.62
31740.00,E2C_3,29.00,180.20,180.20
31740.00,N2C_0,37.00,453.15,304.51
31740.00,N2C_1,21.00,358.49,374.08
31740.00,N2C_2,31.00,185.65,359.44
31740.00,N2C_3,12.00,82.05,105.14
31740.00,S2C_1,12.00,49.44,189.17
31740.00,S2C_2,18.00,101.06,189.37
31740.00,S2C_3,25.00,52.32,52.32
31740.00,W2C_3,7.00,18.98,50.30
31800.00,:Center_7_0,61.00,14.60,10.10
31800.00,:Center_11_0,30.00,11.90,11.90
31800.00,E2C_0,55.00,455.18,363.01
31800.00,E2C_1,30.00,473.93,365.19
31800.00,E2C_2,20.00,315.94,360.14
31800.00,E2C_3,29.00,161.18,161.18
31800.00,N2C_0,75.00,413.34,360.78
31800.00,N2C_1,62.00,404.49,361.67
31800.00,N2C_2,63.00,230.07,363.96
31800.00,N2C_3,7.00,129.33,133.42
31800.00,S2C_1,10.00,125.35,143.59
31800.00,S2C_2,7.00,96.10,132.30
31800.00,S2C_3,0.00,0.00,19.88
31800.00,W2C_0,20.00,13.20,16.43
31800.00,W2C_1,34.00,25.50,25.50
31800.00,W2C_2,31.00,24.21,24.21
31800.00,W2C_3,14.00,59.19,59.19
31860.00,:Center_7_0,121.00,14.60,10.10
31860.00,:Center_11_0,7.00,14.80,11.60
31860.00,E2C_0,54.00,476.45,362.46
31860.00,E2C_1,43.00,458.66,362.67
31860.00,E2C_2,53.00,457.97,365.56
31860.00,E2C_3,89.00,139.17,139.17
31860.00,N2C_0,72.00,479.59,360.68
31860.00,N2C_1,122.00,413.57,362.53
31860.00,N2C_2,123.00,351.65,366.75
31860.00,N2C_3,58.00,140.45,140.45
31860.00,S2C_1,9.00,63.90,68.60
31860.00,S2C_2,9.00,65.72,65.72
31860.00,S2C_3,1.00,14.27,14.27
31860.00,W2C_0,17.00,28.78,28.78
31860.00,W2C_1,14.00,34.84,41.90
31860.00,W2C_2,13.00,36.51,39.87
31860.00,W2C_3,9.00,26.41,45.65
31920.00,:Center_7_0,0.00,0.00,8.17
31920.00,E2C_0,41.00,414.99,316.81
31920.00,E2C_1,29.00,462.78,363.70
31920.00,E2C_2,45.00,459.30,366.30
31920.00,E2C_3,149.00,146.17,146.17
31920.00,N2C_0,132.00,479.59,351.00
31920.00,N2C_1,182.00,465.49,363.86
31920.00,N2C_2,183.00,453.59,364.37
31920.00,N2C_3,52.00,131.23,131.23
31920.00,S2C_1,0.00,0.00,13.42
31920.00,S2C_2,0.00,0.00,9.31
31920.00,W2C_0,5.00,6.40,17.30
31920.00,W2C_1,21.00,99.62,99.62
31920.00,W2C_2,15.00,89.62,93.04
31920.00,W2C_3,2.00,10.20,55.23
31980.00,:Center_3_0,0.00,0.00,2.40
31980.00,E2C_0,42.00,352.03,352.03
31980.00,E2C_1,9.00,462.52,363.90
31980.00,E2C_2,29.00,416.75,364.13
31980.00,E2C_3,28.00,166.56,212.69
31980.00,N2C_0,127.00,435.47,368.63
31980.00,N2C_1,132.00,473.38,363.86
31980.00,N2C_2,10.00,410.92,368.28
31980.00,N2C_3,48.00,401.66,153.58
31980.00,S2C_1,0.00,0.00,16.03
31980.00,W2C_0,8.00,13.41,18.06
31980.00,W2C_1,24.00,118.62,118.62
31980.00,W2C_2,29.00,121.31,121.31
31980.00,W2C_3,12.00,27.48,56.84
32040.00,:Center_7_0,30.00,11.60,11.60
32040.00,:Center_15_0,13.00,14.20,11.00
32040.00,E2C_0,96.00,397.64,362.93
32040.00,E2C_1,17.00,434.30,363.86
32040.00,E2C_2,18.00,376.51,366.18
32040.00,E2C_3,12.00,175.80,179.15
32040.00,N2C_0,80.00,475.09,366.75
32040.00,N2C_1,33.00,467.83,360.07
32040.00,N2C_2,32.00,441.20,362.71
32040.00,N2C_3,25.00,182.22,182.22
32040.00,S2C_1,32.00,44.81,44.81
32040.00,S2C_2,33.00,42.92,47.59
32040.00,W2C_1,35.00,138.23,138.23
32040.00,W2C_2,35.00,152.73,152.73
32040.00,W2C_3,5.00,18.09,62.23
32100.00,:Center_3_0,0.00,0.00,17.03
32100.00,:Center_11_0,0.00,0.00,8.25
32100.00,E2C_0,106.00,463.33,362.62
32100.00,E2C_1,62.00,461.19,361.86
32100.00,E2C_2,14.00,431.06,357.51
32100.00,E2C_3,18.00,177.55,177.55
32100.00,N2C_0,33.00,478.06,355.49
32100.00,N2C_1,45.00,471.18,356.73
32100.00,N2C_2,14.00,386.77,361.75
32100.00,N2C_3,22.00,130.68,135.33
32100.00,S2C_1,38.00,72.34,75.99
32100.00,S2C_2,64.00,78.72,78.72
32100.00,W2C_0,0.00,0.00,19.60
32100.00,W2C_1,12.00,58.54,128.87
32100.00,W2C_2,13.00,58.00,107.59
32100.00,W2C_3,17.00,51.64,51.64
32160.00,:Center_7_0,15.00,11.00,11.00
32160.00,:Center_15_0,15.00,17.80,10.80
32160.00,E2C_0,34.00,423.61,361.22
32160.00,E2C_1,112.00,419.41,361.65
32160.00,E2C_2,122.00,248.06,364.16
32160.00,E2C_3,7.00,18.27,134.67
32160.00,N2C_0,69.00,440.69,302.53
32160.00,N2C_1,28.00,469.81,365.19
32160.00,N2C_2,25.00,313.92,363.00
32160.00,N2C_3,26.00,63.29,66.57
32160.00,S2C_0,19.00,3.20,3.20
32160.00,S2C_1,26.00,71.21,79.18
32160.00,S2C_2,25.00,66.60,85.64
32160.00,S2C_3,24.00,5.50,5.50
32160.00,W2C_1,9.00,115.15,115.15
32160.00,W2C_2,6.00,110.23,113.83
32160.00,W2C_3,9.00,33.37,36.91
32220.00,:Center_3_0,11.00,5.50,5.50
32220.00,E2C_0,39.00,457.64,363.68
32220.00,E2C_1,24.00,454.74,361.07
32220.00,E2C_2,22.00,416.04,362.74
32220.00,E2C_3,25.00,86.15,99.42
32220.00,N2C_0,64.00,468.89,261.09
32220.00,N2C_1,38.00,456.12,363.88
32220.00,N2C_2,26.00,417.93,372.27
32220.00,N2C_3,32.00,70.08,70.08
32220.00,S2C_1,5.00,79.58,94.71
32220.00,S2C_2,8.00,91.04,91.04
32220.00,W2C_0,23.00,7.11,7.11
32220.00,W2C_1,20.00,76.39,111.97
32220.00,W2C_2,19.00,59.10,92.21
32220.00,W2C_3,23.00,52.71,52.71
32280.00,E2C_0,17.00,331.59,343.49
32280.00,E2C_1,16.00,468.51,365.80
32280.00,E2C_2,15.00,346.10,364.33
32280.00,E2C_3,16.00,152.84,152.84
32280.00,N2C_0,35.00,321.11,321.11
32280.00,N2C_1,17.00,476.29,361.98
32280.00,N2C_2,3.00,475.45,363.87
32280.00,N2C_3,0.00,0.00,3.40
32280.00,S2C_1,8.00,85.15,93.22
32280.00,S2C_2,12.00,93.18,93.18
32280.00,W2C_0,8.00,10.20,10.20
32280.00,W2C_1,15.00,58.84,84.67
32280.00,W2C_2,16.00,46.83,110.92
32280.00,W2C_3,10.00,33.44,52.62
32340.00,:Center_3_0,0.00,0.00,4.74
32340.00,:Center_7_0,6.00,12.06,12.06
32340.00,:Center_11_0,2.00,9.16,9.16
32340.00,E2C_0,39.00,460.52,284.36
32340.00,E2C_1,14.00,461.16,292.63
32340.00,E2C_2,13.00,237.41,364.99
32340.00,E2C_3,15.00,141.92,141.92
32340.00,N2C_0,69.00,440.75,359.06
32340.00,N2C_1,18.00,468.64,360.83
32340.00,N2C_2,13.00,401.31,361.43
32340.00,N2C_3,6.00,32.29,32.29
32340.00,S2C_1,12.00,110.51,117.76
32340.00,S2C_2,12.00,100.92,116.55
32340.00,W2C_0,14.00,3.02,6.60
32340.00,W2C_1,13.00,41.64,58.12
32340.00,W2C_2,12.00,17.31,50.69
32340.00,W2C_3,7.00,15.79,20.62
32400.00,:Center_3_0,0.00,0.00,9.63
32400.00,E2C_0,42.00,378.53,363.02
32400.00,E2C_1,26.00,437.17,361.95
32400.00,E2C_2,25.00,151.75,360.73
32400.00,E2C_3,12.00,124.99,144.77
32400.00,N2C_0,97.00,450.28,358.07
32400.00,N2C_1,50.00,468.95,359.92
32400.00,N2C_2,16.00,240.57,360.56
32400.00,N2C_3,11.00,31.11,31.11
32400.00,S2C_1,17.00,91.25,143.85
32400.00,S2C_2,15.00,98.66,132.32
32400.00,W2C_1,11.00,23.42,31.26
32400.00,W2C_2,12.00,31.42,72.13
32400.00,W2C_3,11.00,25.70,28.93
32460.00,:Center_11_0,1.00,13.39,13.39
32460.00,:Center_15_0,4.00,2.30,5.50
32460.00,E2C_0,56.00,427.27,372.06
32460.00,E2C_1,27.00,366.00,361.84
32460.00,E2C_2,11.00,315.21,362.37
32460.00,E2C_3,9.00,140.66,140.66
32460.00,N2C_0,157.00,478.67,275.57
32460.00,N2C_1,84.00,462.71,366.10
32460.00,N2C_2,20.00,448.08,359.10
32460.00,N2C_3,0.00,0.00,20.50
32460.00,S2C_1,36.00,158.90,158.90
32460.00,S2C_2,36.00,154.18,160.91
32460.00,S2C_3,0.00,0.00,12.08
32460.00,W2C_0,1.00,3.22,3.22
32460.00,W2C_1,7.00,27.27,38.46
32460.00,W2C_2,10.00,26.90,30.46
32520.00,:Center_7_0,8.00,14.80,0.00
32520.00,:Center_15_0,19.00,7.80,7.80
32520.00,E2C_0,50.00,477.20,363.55
32520.00,E2C_1,38.00,451.27,362.22
32520.00,E2C_2,28.00,444.01,357.89
32520.00,E2C_3,20.00,168.20,168.20
32520.00,N2C_0,37.00,470.76,310.58
32520.00,N2C_1,28.00,451.95,360.79
32520.00,N2C_2,19.00,50.01,362.21
32520.00,N2C_3,29.00,54.13,54.13
32520.00,S2C_0,5.00,3.21,3.21
32520.00,S2C_1,28.00,186.52,186.52
32520.00,S2C_2,27.00,176.37,184.46
32520.00,S2C_3,19.00,27.55,42.58
32520.00,W2C_1,2.00,5.51,5.51
32520.00,W2C_2,0.00,0.00,3.22
32580.00,:Center_7_0,2.00,3.15,7.40
32580.00,:Center_15_0,2.00,12.04,12.04
32580.00,E2C_0,49.00,474.00,312.42
32580.00,E2C_1,28.00,469.67,361.98
32580.00,E2C_2,19.00,359.96,363.69
32580.00,E2C_3,15.00,119.17,119.17
32580.00,N2C_0,41.00,430.87,360.26
32580.00,N2C_1,8.00,414.89,363.85
32580.00,N2C_2,9.00,166.50,353.78
32580.00,N2C_3,47.00,83.91,83.91
32580.00,S2C_1,36.00,192.18,192.18
32580.00,S2C_2,36.00,204.78,204.78
32580.00,S2C_3,11.00,34.14,57.37
32580.00,W2C_1,39.00,46.03,46.03
32580.00,W2C_2,40.00,46.04,46.04
32580.00,W2C_3,0.00,0.00,23.95
32640.00,:Center_11_0,7.00,11.31,11.31
32640.00,E2C_0,67.00,423.73,361.49
32640.00,E2C_1,23.00,468.07,368.03
32640.00,E2C_2,20.00,333.28,364.37
32640.00,E2C_3,15.00,135.44,143.82
32640.00,N2C_0,48.00,478.98,367.35
32640.00,N2C_1,40.00,452.87,363.42
32640.00,N2C_2,9.00,121.73,365.51
32640.00,N2C_3,51.00,99.32,99.32
32640.00,S2C_1,15.00,148.32,225.61
32640.00,S2C_2,11.00,136.13,223.38
32640.00,S2C_3,2.00,3.22,81.26
32640.00,W2C_0,21.00,13.40,13.40
32640.00,W2C_1,22.00,36.91,36.91
32640.00,W2C_2,23.00,40.11,44.30
32640.00,W2C_3,18.00,14.20,14.20
32700.00,:Center_3_0,2.00,4.61,20.13
32700.00,:Center_11_0,0.00,0.00,12.23
32700.00,E2C_0,51.00,468.46,365.82
32700.00,E2C_1,27.00,367.22,363.98
32700.00,E2C_2,27.00,240.04,369.09
32700.00,E2C_3,50.00,151.22,155.74
32700.00,N2C_0,101.00,461.36,361.27
32700.00,N2C_1,11.00,420.65,364.40
32700.00,N2C_2,7.00,316.26,361.56
32700.00,N2C_3,21.00,113.54,113.54
32700.00,S2C_1,11.00,158.36,217.64
32700.00,S2C_2,11.00,214.20,214.20
32700.00,S2C_3,0.00,0.00,78.86
32700.00,W2C_1,28.00,72.17,72.17
32700.00,W2C_2,27.00,72.61,72.61
32700.00,W2C_3,12.00,4.00,4.00
32760.00,:Center_3_0,3.00,15.34,12.10
32760.00,E2C_0,78.00,479.14,362.98
32760.00,E2C_1,54.00,439.83,361.39
32760.00,E2C_2,20.00,243.27,327.93
32760.00,E2C_3,33.00,194.89,194.89
32760.00,N2C_0,88.00,437.71,363.89
32760.00,N2C_1,91.00,291.43,372.36
32760.00,N2C_2,16.00,278.86,365.90
32760.00,N2C_3,15.00,141.36,148.48
32760.00,S2C_1,12.00,192.35,192.35
32760.00,S2C_2,9.00,186.16,189.38
32760.00,S2C_3,12.00,73.81,77.13
32760.00,W2C_1,13.00,44.78,51.90
32760.00,W2C_2,8.00,24.93,49.01
32760.00,W2C_3,2.00,5.51,5.51
32820.00,:Center_3_0,1.00,4.62,4.62
32820.00,:Center_11_0,0.00,0.00,3.15
32820.00,E2C_0,138.00,468.24,362.98
32820.00,E2C_1,114.00,432.04,363.28
32820.00,E2C_2,17.00,271.12,361.18
32820.00,E2C_3,75.00,129.67,129.67
32820.00,N2C_0,34.00,233.90,246.90
32820.00,N2C_1,83.00,428.13,363.45
32820.00,N2C_2,14.00,411.16,364.18
32820.00,N2C_3,20.00,133.17,140.26
32820.00,S2C_1,15.00,92.37,146.69
32820.00,S2C_2,13.00,158.52,158.52
32820.00,S2C_3,16.00,74.91,74.91
32820.00,W2C_0,6.00,5.50,5.50
32820.00,W2C_1,6.00,20.43,27.46
32820.00,W2C_2,10.00,28.53,28.53
32880.00,:Center_15_0,0.00,0.00,8.11
32880.00,E2C_0,18.00,268.11,287.55
32880.00,E2C_1,14.00,359.86,364.60
32880.00,E2C_2,60.00,361.57,361.57
32880.00,E2C_3,135.00,111.78,116.73
32880.00,N2C_0,9.00,350.11,354.73
32880.00,N2C_1,54.00,427.92,365.17
32880.00,N2C_2,7.00,260.09,357.78
32880.00,N2C_3,31.00,177.91,177.91
32880.00,S2C_1,14.00,61.34,91.20
32880.00,S2C_2,14.00,58.27,143.48
32880.00,S2C_3,21.00,89.91,89.91
32880.00,W2C_1,7.00,34.23,34.23
32880.00,W2C_2,6.00,15.72,53.36
32880.00,W2C_3,0.00,0.00,5.52
32940.00,:Center_11_0,12.00,4.60,4.60
32940.00,:Center_15_0,8.00,2.30,2.30
32940.00,E2C_0,40.00,329.35,329.35
32940.00,E2C_1,60.00,407.17,366.24
32940.00,E2C_2,55.00,435.52,361.30
32940.00,E2C_3,195.00,148.51,148.51
32940.00,N2C_0,29.00,402.23,362.27
32940.00,N2C_1,114.00,434.03,363.26
32940.00,N2C_2,20.00,459.44,358.41
32940.00,N2C_3,25.00,225.39,225.39
32940.00,S2C_0,3.00,5.50,12.51
32940.00,S2C_1,19.00,51.61,143.01
32940.00,S2C_2,18.00,133.77,133.77
32940.00,S2C_3,14.00,79.93,79.93
32940.00,W2C_1,17.00,69.22,69.22
32940.00,W2C_2,17.00,68.16,75.20
33000.00,:Center_3_0,1.00,12.12,12.12
33000.00,:Center_11_0,4.00,7.82,7.82
33000.00,E2C_0,26.00,469.12,366.20
33000.00,E2C_1,108.00,435.30,359.80
33000.00,E2C_2,14.00,428.16,361.76
33000.00,E2C_3,33.00,169.27,169.27
33000.00,N2C_0,89.00,470.49,362.45
33000.00,N2C_1,174.00,303.53,364.50
33000.00,N2C_2,12.00,275.59,364.37
33000.00,N2C_3,20.00,194.95,194.95
33000.00,S2C_1,24.00,129.47,129.47
33000.00,S2C_2,23.00,116.88,129.04
33000.00,S2C_3,19.00,85.57,85.57
33000.00,W2C_0,6.00,5.50,9.50
33000.00,W2C_1,12.00,32.75,49.14
33000.00,W2C_2,14.00,39.00,61.42
33060.00,:Center_11_0,28.00,17.00,10.00
33060.00,E2C_0,13.00,467.18,368.78
33060.00,E2C_1,39.00,391.29,368.19
33060.00,E2C_2,37.00,228.11,361.85
33060.00,E2C_3,40.00,200.28,203.55
33060.00,N2C_0,149.00,384.51,368.14
33060.00,N2C_1,234.00,400.60,364.46
33060.00,N2C_2,27.00,260.67,360.33
33060.00,N2C_3,19.00,177.51,231.49
33060.00,S2C_1,0.00,0.00,137.93
33060.00,S2C_2,2.00,136.65,140.46
33060.00,S2C_3,12.00,85.28,85.28
33060.00,W2C_0,20.00,5.50,5.50
33060.00,W2C_1,41.00,77.28,77.28
33060.00,W2C_2,39.00,79.21,79.21
33060.00,W2C_3,32.00,32.00,32.00
33120.00,:Center_7_0,0.00,0.00,13.42
33120.00,:Center_15_0,0.00,0.00,17.57
33120.00,E2C_0,21.00,466.94,298.26
33120.00,E2C_1,35.00,382.14,361.49
33120.00,E2C_2,39.00,383.62,366.11
33120.00,E2C_3,32.00,221.33,221.33
33120.00,N2C_0,143.00,481.55,363.35
33120.00,N2C_1,43.00,381.29,363.21
33120.00,N2C_2,18.00,443.00,361.78
33120.00,N2C_3,3.00,164.98,164.98
33120.00,S2C_0,4.00,10.20,10.20
33120.00,S2C_3,7.00,29.32,29.32
33120.00,W2C_1,19.00,91.37,104.42
33120.00,W2C_2,19.00,101.68,108.75
33120.00,W2C_3,13.00,50.21,50.21
33180.00,:Center_3_0,1.00,2.33,9.42
33180.00,E2C_0,23.00,427.19,365.28
33180.00,E2C_1,30.00,409.81,365.19
33180.00,E2C_2,32.00,473.98,362.63
33180.00,E2C_3,23.00,190.37,190.37
33180.00,N2C_0,66.00,482.01,361.16
33180.00,N2C_1,86.00,465.75,368.76
33180.00,N2C_2,29.00,455.00,363.33
33180.00,N2C_3,32.00,176.54,176.54
33180.00,S2C_3,0.00,0.00,36.29
33180.00,W2C_0,13.00,12.20,12.20
33180.00,W2C_1,13.00,55.90,109.89
33180.00,W2C_2,14.00,33.12,55.23
33180.00,W2C_3,14.00,48.99,48.99
33240.00,:Center_3_0,0.00,0.00,13.44
33240.00,E2C_0,54.00,474.12,361.82
33240.00,E2C_1,10.00,442.01,363.72
33240.00,E2C_2,49.00,374.44,363.41
33240.00,E2C_3,17.00,185.75,189.21
33240.00,N2C_0,100.00,474.29,360.91
33240.00,N2C_1,55.00,472.89,356.86
33240.00,N2C_2,31.00,458.67,355.41
33240.00,N2C_3,16.00,140.62,140.62
33240.00,S2C_1,2.00,10.29,13.59
33240.00,S2C_2,4.00,5.54,19.86
33240.00,S2C_3,0.00,0.00,18.18
33240.00,W2C_0,0.00,0.00,3.26
33240.00,W2C_1,5.00,94.32,94.32
33240.00,W2C_2,6.00,22.78,96.92
33240.00,W2C_3,2.00,16.92,16.92
33300.00,:Center_7_0,25.00,18.80,7.80
33300.00,:Center_11_0,6.00,12.10,12.10
33300.00,:Center_15_0,3.00,5.55,10.44
33300.00,E2C_0,48.00,468.30,373.70
33300.00,E2C_1,40.00,422.38,358.20
33300.00,E2C_2,26.00,470.32,364.26
33300.00,E2C_3,11.00,171.39,182.48
33300.00,N2C_0,20.00,445.18,299.74
33300.00,N2C_1,49.00,461.93,366.67
33300.00,N2C_2,27.00,304.59,359.40
33300.00,N2C_3,5.00,153.47,153.47
33300.00,S2C_1,12.00,36.11,36.11
33300.00,S2C_2,14.00,34.53,39.16
33300.00,S2C_3,13.00,4.00,4.00
33300.00,W2C_1,25.00,71.98,71.98
33300.00,W2C_2,11.00,64.35,67.55
33360.00,:Center_7_0,85.00,18.80,7.80
33360.00,:Center_11_0,0.00,0.00,10.85
33360.00,E2C_0,23.00,364.42,364.42
33360.00,E2C_1,15.00,470.71,362.13
33360.00,E2C_2,46.00,442.78,366.79
33360.00,E2C_3,63.00,260.68,265.29
33360.00,N2C_0,50.00,444.70,368.30
33360.00,N2C_1,89.00,466.79,360.70
33360.00,N2C_2,87.00,459.62,364.73
33360.00,N2C_3,48.00,136.22,136.22
33360.00,S2C_1,1.00,9.04,9.04
33360.00,S2C_2,0.00,0.00,7.53
33360.00,W2C_0,14.00,12.20,12.20
33360.00,W2C_1,29.00,97.42,97.42
33360.00,W2C_2,29.00,96.81,96.81
33360.00,W2C_3,0.00,0.00,3.23
33420.00,:Center_3_0,4.00,9.31,9.31
33420.00,E2C_0,41.00,442.49,156.23
33420.00,E2C_1,16.00,472.97,364.58
33420.00,E2C_2,27.00,282.50,347.58
33420.00,E2C_3,59.00,279.02,284.40
33420.00,N2C_0,53.00,474.02,360.53
33420.00,N2C_1,66.00,474.35,359.93
33420.00,N2C_2,26.00,426.93,360.95
33420.00,N2C_3,26.00,134.37,137.75
33420.00,S2C_3,0.00,0.00,27.77
33420.00,W2C_0,7.00,9.00,12.68
33420.00,W2C_1,13.00,107.30,107.30
33420.00,W2C_2,12.00,113.64,113.64
33420.00,W2C_3,9.00,5.50,5.50
33480.00,:Center_3_0,9.00,4.60,4.60
33480.00,:Center_7_0,6.00,14.10,14.10
33480.00,:Center_15_0,6.00,6.80,6.80
33480.00,E2C_0,87.00,477.70,194.24
33480.00,E2C_1,32.00,454.48,365.64
33480.00,E2C_2,52.00,466.93,363.25
33480.00,E2C_3,31.00,266.02,266.02
33480.00,N2C_0,28.00,461.78,263.43
33480.00,N2C_1,57.00,444.62,362.72
33480.00,N2C_2,17.00,333.14,355.61
33480.00,N2C_3,51.00,190.01,190.01
33480.00,S2C_0,14.00,6.40,6.40
33480.00,S2C_1,32.00,27.30,27.30
33480.00,S2C_2,34.00,22.30,29.32
33480.00,S2C_3,20.00,37.61,44.70
33480.00,W2C_1,8.00,85.87,93.00
33480.00,W2C_2,6.00,104.14,104.14
33540.00,:Center_3_0,12.00,4.60,11.61
33540.00,E2C_0,16.00,249.07,249.07
33540.00,E2C_1,61.00,453.46,363.26
33540.00,E2C_2,20.00,452.56,363.37
33540.00,E2C_3,67.00,284.56,284.56
33540.00,N2C_0,38.00,326.64,326.64
33540.00,N2C_1,86.00,481.50,371.04
33540.00,N2C_2,12.00,323.62,362.96
33540.00,N2C_3,111.00,250.67,250.67
33540.00,S2C_1,0.00,0.00,36.61
33540.00,S2C_2,13.00,33.21,33.21
33540.00,S2C_3,16.00,111.24,111.24
33540.00,W2C_1,3.00,7.72,73.59
33540.00,W2C_2,6.00,17.02,26.86
33600.00,:Center_3_0,2.00,4.60,11.66
33600.00,E2C_0,51.00,481.63,362.33
33600.00,E2C_1,78.00,475.30,362.81
33600.00,E2C_2,49.00,336.15,361.03
33600.00,E2C_3,58.00,294.63,294.63
33600.00,N2C_0,50.00,433.08,364.36
33600.00,N2C_1,30.00,468.51,366.42
33600.00,N2C_2,27.00,233.81,366.37
33600.00,N2C_3,171.00,236.58,239.87
33600.00,S2C_1,0.00,0.00,26.43
33600.00,S2C_3,25.00,104.02,104.02
33600.00,W2C_0,7.00,4.00,4.00
33600.00,W2C_1,9.00,17.00,17.00
33600.00,W2C_2,11.00,16.01,23.36
33600.00,W2C_3,0.00,0.00,4.34
33660.00,:Center_3_0,16.00,11.00,11.00
33660.00,:Center_7_0,0.00,0.00,6.60
33660.00,:Center_15_0,3.00,5.50,5.50
33660.00,E2C_0,71.00,434.85,308.39
33660.00,E2C_1,67.00,476.15,361.96
33660.00,E2C_2,35.00,477.58,371.07
33660.00,E2C_3,35.00,267.83,267.83
33660.00,N2C_0,57.00,472.82,360.41
33660.00,N2C_1,9.00,461.35,364.54
33660.00,N2C_2,3.00,298.67,363.46
33660.00,N2C_3,34.00,196.40,215.64
33660.00,S2C_1,2.00,481.61,5.51
33660.00,S2C_3,10.00,126.34,126.34
33720.00,:Center_11_0,1.00,3.10,10.20
33720.00,:Center_15_0,0.00,0.00,2.30
33720.00,E2C_0,43.00,468.36,356.28
33720.00,E2C_1,97.00,459.75,365.05
33720.00,E2C_2,9.00,375.53,361.28
33720.00,E2C_3,32.00,303.83,303.83
33720.00,N2C_0,49.00,436.65,353.66
33720.00,N2C_1,12.00,452.87,364.16
33720.00,N2C_2,26.00,350.61,361.33
33720.00,N2C_3,20.00,178.47,208.88
33720.00,S2C_0,6.00,3.20,3.20
33720.00,S2C_1,4.00,34.22,45.17
33720.00,S2C_2,9.00,38.21,42.02
33720.00,S2C_3,25.00,119.00,122.52
33720.00,W2C_1,6.00,23.33,23.33
33720.00,W2C_2,5.00,16.13,16.13
33720.00,W2C_3,0.00,0.00,15.26
33780.00,:Center_3_0,0.00,0.00,10.83
33780.00,:Center_7_0,58.00,12.10,12.10
33780.00,:Center_11_0,14.00,17.80,17.80
33780.00,E2C_0,24.00,474.86,360.84
33780.00,E2C_1,43.00,469.03,363.38
33780.00,E2C_2,9.00,49.65,370.33
33780.00,E2C_3,55.00,276.16,280.85
33780.00,N2C_0,32.00,466.41,360.28
33780.00,N2C_1,49.00,414.01,363.52
33780.00,N2C_2,60.00,384.29,363.20
33780.00,N2C_3,19.00,153.73,228.74
33780.00,S2C_1,4.00,16.11,34.47
33780.00,S2C_2,4.00,13.83,39.59
33780.00,S2C_3,12.00,59.82,76.46
33780.00,W2C_0,8.00,17.40,17.40
33780.00,W2C_1,66.00,44.51,47.73
33780.00,W2C_2,65.00,37.21,44.27
33780.00,W2C_3,2.00,3.23,6.48
33840.00,:Center_7_0,118.00,12.10,12.10
33840.00,:Center_11_0,35.00,12.10,12.10
33840.00,E2C_0,55.00,459.90,326.26
33840.00,E2C_1,47.00,457.52,368.76
33840.00,E2C_2,69.00,210.02,355.42
33840.00,E2C_3,115.00,224.19,224.19
33840.00,N2C_0,38.00,421.52,173.77
33840.00,N2C_1,109.00,481.11,361.04
33840.00,N2C_2,120.00,447.94,362.51
33840.00,N2C_3,40.00,236.04,236.04
33840.00,W2C_0,25.00,3.20,3.20
33840.00,W2C_1,126.00,79.81,79.81
33840.00,W2C_2,125.00,81.42,81.42
33840.00,W2C_3,27.00,17.00,32.57
33900.00,:Center_3_0,16.00,17.80,17.80
33900.00,E2C_0,49.00,482.11,307.70
33900.00,E2C_1,19.00,424.43,365.33
33900.00,E2C_2,28.00,402.76,362.28
33900.00,E2C_3,100.00,213.82,221.44
33900.00,N2C_0,81.00,347.07,353.95
33900.00,N2C_1,78.00,474.23,364.76
33900.00,N2C_2,29.00,415.86,361.18
33900.00,N2C_3,97.00,249.33,249.33
33900.00,S2C_1,27.00,37.81,42.37
33900.00,S2C_2,32.00,42.82,46.17
33900.00,S2C_3,9.00,12.14,12.14
33900.00,W2C_1,6.00,85.70,90.36
33900.00,W2C_2,12.00,88.51,88.51
33900.00,W2C_3,5.00,19.24,19.24
33960.00,:Center_7_0,4.00,12.10,12.10
33960.00,:Center_15_0,3.00,4.61,7.94
33960.00,E2C_0,60.00,405.13,362.36
33960.00,E2C_1,66.00,455.68,364.36
33960.00,E2C_2,22.00,441.07,366.22
33960.00,E2C_3,49.00,246.79,246.79
33960.00,N2C_0,43.00,479.84,368.29
33960.00,N2C_1,86.00,475.18,364.10
33960.00,N2C_2,14.00,454.04,366.26
33960.00,N2C_3,22.00,261.26,264.54
33960.00,S2C_0,3.00,9.00,12.24
33960.00,S2C_1,17.00,23.87,23.87
33960.00,S2C_2,15.00,19.61,26.99
33960.00,S2C_3,10.00,3.20,3.20
33960.00,W2C_1,12.00,100.62,100.62
33960.00,W2C_2,8.00,99.14,99.14
33960.00,W2C_3,0.00,0.00,34.52
34020.00,:Center_3_0,17.00,16.10,11.60
34020.00,:Center_7_0,14.00,3.10,3.10
34020.00,:Center_11_0,13.00,21.00,10.00
34020.00,E2C_0,42.00,476.37,362.60
34020.00,E2C_1,28.00,449.97,360.90
34020.00,E2C_2,18.00,468.48,366.11
34020.00,E2C_3,44.00,261.36,261.36
34020.00,N2C_0,46.00,465.72,367.46
34020.00,N2C_1,116.00,463.10,361.41
34020.00,N2C_2,21.00,371.39,364.16
34020.00,N2C_3,17.00,245.98,245.98
34020.00,S2C_1,7.00,48.02,48.02
34020.00,S2C_2,8.00,52.34,52.34
34020.00,S2C_3,10.00,7.24,7.24
34020.00,W2C_1,22.00,79.62,79.62
34020.00,W2C_2,24.00,73.80,77.70
34020.00,W2C_3,7.00,23.51,23.51
34080.00,:Center_3_0,2.00,2.31,5.94
34080.00,:Center_11_0,5.00,20.10,20.10
34080.00,:Center_15_0,4.00,3.10,3.10
34080.00,E2C_0,76.00,474.70,362.39
34080.00,E2C_1,26.00,458.28,362.11
34080.00,E2C_2,14.00,232.24,369.90
34080.00,E2C_3,35.00,235.35,250.38
34080.00,N2C_0,52.00,470.58,328.27
34080.00,N2C_1,65.00,480.62,362.08
34080.00,N2C_2,11.00,409.63,360.11
34080.00,N2C_3,13.00,233.28,258.43
34080.00,S2C_1,12.00,48.71,48.71
34080.00,S2C_2,8.00,46.77,46.77
34080.00,S2C_3,0.00,0.00,7.15
34080.00,W2C_1,12.00,40.95,111.75
34080.00,W2C_2,9.00,33.42,114.78
34080.00,W2C_3,8.00,13.41,18.03
34140.00,:Center_15_0,3.00,10.11,10.11
34140.00,E2C_0,39.00,474.32,358.10
34140.00,E2C_1,20.00,455.79,365.52
34140.00,E2C_2,12.00,442.53,360.75
34140.00,E2C_3,43.00,259.25,259.25
34140.00,N2C_0,41.00,479.31,247.27
34140.00,N2C_1,54.00,477.48,362.57
34140.00,N2C_2,21.00,427.76,360.04
34140.00,N2C_3,31.00,163.72,179.49
34140.00,S2C_0,11.00,3.20,3.20
34140.00,S2C_1,18.00,51.64,80.45
34140.00,S2C_2,17.00,61.74,81.65
34140.00,S2C_3,17.00,13.20,13.20
34140.00,W2C_1,34.00,107.42,107.42
34140.00,W2C_2,1.00,12.39,102.04
34140.00,W2C_3,0.00,0.00,3.98
34200.00,E2C_0,87.00,480.56,365.11
34200.00,E2C_1,55.00,473.61,361.79
34200.00,E2C_2,14.00,452.23,363.01
34200.00,E2C_3,103.00,224.98,224.98
34200.00,N2C_0,48.00,461.76,270.98
34200.00,N2C_1,14.00,463.64,362.69
34200.00,N2C_2,33.00,456.99,363.18
34200.00,N2C_3,42.00,176.24,180.77
34200.00,S2C_0,1.00,5.51,5.51
34200.00,S2C_1,16.00,107.42,107.42
34200.00,S2C_2,22.00,105.92,105.92
34200.00,S2C_3,6.00,6.42,6.42
34200.00,W2C_1,10.00,55.04,99.89
34200.00,W2C_2,13.00,64.85,115.39
34200.00,W2C_3,9.00,42.65,50.04
34260.00,E2C_0,66.00,478.04,233.75
34260.00,E2C_1,31.00,360.21,365.15
34260.00,E2C_2,33.00,341.30,363.20
34260.00,E2C_3,44.00,225.36,225.36
34260.00,N2C_0,108.00,467.09,362.85
34260.00,N2C_1,15.00,380.91,361.86
34260.00,N2C_2,19.00,326.38,362.13
34260.00,N2C_3,26.00,181.32,181.32
34260.00,S2C_0,5.00,12.50,12.50
34260.00,S2C_1,4.00,22.02,93.57
34260.00,S2C_2,6.00,26.23,98.51
34260.00,W2C_1,15.00,58.08,121.10
34260.00,W2C_2,13.00,69.99,123.11
34260.00,W2C_3,12.00,42.31,42.31
34320.00,:Center_3_0,0.00,0.00,9.75
34320.00,:Center_11_0,0.00,0.00,21.05
34320.00,E2C_0,27.00,361.75,361.75
34320.00,E2C_1,73.00,406.29,364.58
34320.00,E2C_2,126.00,392.91,368.00
34320.00,E2C_3,10.00,213.21,213.21
34320.00,N2C_0,39.00,433.72,360.72
34320.00,N2C_1,31.00,468.41,362.52
34320.00,N2C_2,17.00,381.06,361.21
34320.00,N2C_3,13.00,165.85,177.09
34320.00,S2C_1,19.00,74.31,74.31
34320.00,S2C_2,21.00,72.51,72.51
34320.00,S2C_3,0.00,0.00,23.77
34320.00,W2C_1,8.00,141.49,141.49
34320.00,W2C_2,9.00,138.13,141.96
34320.00,W2C_3,5.00,11.93,20.80
34380.00,:Center_15_0,0.00,0.00,4.72
34380.00,E2C_0,38.00,402.55,362.64
34380.00,E2C_1,34.00,449.13,361.73
34380.00,E2C_2,32.00,458.06,363.10
34380.00,E2C_3,35.00,225.47,225.47
34380.00,N2C_0,44.00,479.80,240.10
34380.00,N2C_1,21.00,464.39,363.49
34380.00,N2C_2,13.00,185.77,360.79
34380.00,N2C_3,8.00,189.25,189.25
34380.00,S2C_1,21.00,75.34,115.72
34380.00,S2C_2,22.00,91.30,117.74
34380.00,S2C_3,0.00,0.00,6.70
34380.00,W2C_1,2.00,118.74,134.38
34380.00,W2C_2,5.00,97.87,123.93
34440.00,:Center_11_0,6.00,6.80,6.80
34440.00,:Center_15_0,4.00,6.83,11.68
34440.00,E2C_0,79.00,470.05,356.29
34440.00,E2C_1,23.00,447.00,361.30
34440.00,E2C_2,14.00,442.94,360.80
34440.00,E2C_3,24.00,240.68,240.68
34440.00,N2C_0,98.00,481.50,229.65
34440.00,N2C_1,30.00,451.15,359.88
34440.00,N2C_2,29.00,322.67,363.90
34440.00,N2C_3,20.00,207.15,214.30
34440.00,S2C_1,14.00,42.17,106.68
34440.00,S2C_2,12.00,29.93,66.36
34440.00,S2C_3,16.00,23.31,27.91
34440.00,W2C_1,17.00,132.07,143.00
34440.00,W2C_2,16.00,83.87,131.49
34500.00,:Center_3_0,7.00,13.33,13.33
34500.00,:Center_11_0,3.00,2.34,10.81
34500.00,E2C_0,62.00,482.20,326.22
34500.00,E2C_1,24.00,472.48,362.90
34500.00,E2C_2,14.00,327.44,363.92
34500.00,E2C_3,26.00,231.49,304.58
34500.00,N2C_0,15.00,298.62,309.57
34500.00,N2C_1,37.00,424.12,363.79
34500.00,N2C_2,17.00,323.51,362.41
34500.00,N2C_3,30.00,207.31,207.31
34500.00,S2C_1,18.00,108.82,108.82
34500.00,S2C_2,18.00,109.62,112.91
34500.00,S2C_3,2.00,4.60,14.50
34500.00,W2C_1,15.00,41.80,159.42
34500.00,W2C_2,47.00,158.13,158.13
34500.00,W2C_3,10.00,3.20,3.20
34560.00,:Center_3_0,0.00,0.00,10.60
34560.00,:Center_11_0,0.00,0.00,10.25
34560.00,E2C_0,30.00,447.18,364.46
34560.00,E2C_1,40.00,454.15,363.96
34560.00,E2C_2,39.00,197.40,360.58
34560.00,E2C_3,25.00,193.79,193.79
34560.00,N2C_0,60.00,339.61,339.61
34560.00,N2C_1,19.00,454.56,364.47
34560.00,N2C_2,21.00,459.11,363.29
34560.00,N2C_3,21.00,210.56,210.56
34560.00,S2C_0,0.00,0.00,14.40
34560.00,S2C_1,20.00,95.82,95.82
34560.00,S2C_2,15.00,59.46,91.91
34560.00,S2C_3,2.00,17.86,17.86
34560.00,W2C_1,6.00,136.63,143.72
34560.00,W2C_2,7.00,128.91,147.78
34560.00,W2C_3,0.00,0.00,11.06
34620.00,:Center_7_0,10.00,12.60,12.60
34620.00,:Center_15_0,8.00,6.80,6.80
34620.00,E2C_0,73.00,469.69,315.16
34620.00,E2C_1,69.00,430.19,372.08
34620.00,E2C_2,37.00,401.23,369.93
34620.00,E2C_3,23.00,193.11,193.11
34620.00,N2C_0,120.00,451.78,360.83
34620.00,N2C_1,27.00,471.08,360.65
34620.00,N2C_2,19.00,347.23,361.84
34620.00,N2C_3,21.00,193.40,193.40
34620.00,S2C_0,17.00,10.20,10.20
34620.00,S2C_1,18.00,130.02,130.02
34620.00,S2C_2,30.00,125.93,132.94
34620.00,S2C_3,6.00,21.54,28.70
34620.00,W2C_1,37.00,138.38,142.01
34620.00,W2C_2,40.00,152.83,152.83
34680.00,:Center_3_0,11.00,12.50,9.30
34680.00,:Center_11_0,2.00,3.11,12.73
34680.00,E2C_0,20.00,462.34,361.49
34680.00,E2C_1,17.00,474.04,368.24
34680.00,E2C_2,19.00,41.20,360.95
34680.00,E2C_3,20.00,227.23,227.23
34680.00,N2C_0,180.00,473.48,344.32
34680.00,N2C_1,60.00,467.60,370.27
34680.00,N2C_2,10.00,378.58,363.99
34680.00,N2C_3,24.00,174.74,174.74
34680.00,S2C_1,10.00,105.26,133.72
34680.00,S2C_2,7.00,99.58,137.05
34680.00,S2C_3,1.00,5.51,28.25
34680.00,W2C_0,18.00,22.07,22.07
34680.00,W2C_1,18.00,129.86,133.45
34680.00,W2C_2,17.00,31.33,138.28
34680.00,W2C_3,8.00,32.71,32.71
34740.00,:Center_3_0,1.00,4.61,4.61
34740.00,:Center_11_0,0.00,0.00,3.17
34740.00,E2C_0,72.00,420.06,363.66
34740.00,E2C_1,14.00,402.95,360.35
34740.00,E2C_2,16.00,245.78,358.90
34740.00,E2C_3,14.00,206.16,213.25
34740.00,N2C_0,45.00,476.82,360.65
34740.00,N2C_1,32.00,463.07,362.85
34740.00,N2C_2,29.00,386.16,365.66
34740.00,N2C_3,82.00,169.23,169.23
34740.00,S2C_1,9.00,71.99,122.57
34740.00,S2C_2,7.00,82.40,123.58
34740.00,S2C_3,0.00,0.00,22.91
34740.00,W2C_0,14.00,51.26,51.26
34740.00,W2C_1,11.00,110.70,136.03
34740.00,W2C_2,12.00,134.84,138.52
34740.00,W2C_3,16.00,19.59,19.59
34800.00,:Center_3_0,1.00,13.39,13.39
34800.00,E2C_0,42.00,480.35,371.90
34800.00,E2C_1,15.00,428.96,363.73
34800.00,E2C_2,22.00,392.41,364.12
34800.00,E2C_3,33.00,236.58,239.96
34800.00,N2C_0,53.00,481.67,359.53
34800.00,N2C_1,43.00,467.69,364.33
34800.00,N2C_2,12.00,324.27,361.79
34800.00,N2C_3,18.00,180.48,180.48
34800.00,S2C_1,28.00,136.81,143.97
34800.00,S2C_2,29.00,138.73,145.79
34800.00,S2C_3,0.00,0.00,22.85
34800.00,W2C_0,8.00,19.59,29.00
34800.00,W2C_1,6.00,86.76,105.49
34800.00,W2C_2,7.00,102.08,109.53
34800.00,W2C_3,0.00,0.00,9.03
34860.00,:Center_7_0,8.00,14.82,7.80
34860.00,:Center_15_0,3.00,2.30,2.30
34860.00,E2C_0,29.00,472.88,372.56
34860.00,E2C_1,16.00,362.60,362.60
34860.00,E2C_2,11.00,400.40,362.10
34860.00,E2C_3,10.00,225.34,240.74
34860.00,N2C_0,51.00,472.89,356.43
34860.00,N2C_1,14.00,388.19,362.85
34860.00,N2C_2,15.00,461.11,365.07
34860.00,N2C_3,43.00,119.92,119.92
34860.00,S2C_0,5.00,8.71,8.71
34860.00,S2C_1,15.00,141.51,144.81
34860.00,S2C_2,15.00,138.68,149.33
34860.00,S2C_3,14.00,19.50,19.50
34860.00,W2C_1,29.00,133.46,133.46
34860.00,W2C_2,16.00,131.46,131.46
34860.00,W2C_3,1.00,50.36,50.36
34920.00,:Center_3_0,8.00,12.10,12.10
34920.00,:Center_7_0,4.00,12.57,12.57
34920.00,E2C_0,29.00,428.75,128.18
34920.00,E2C_1,9.00,261.58,360.94
34920.00,E2C_2,37.00,220.42,362.24
34920.00,E2C_3,18.00,222.25,229.39
34920.00,N2C_0,35.00,434.66,364.01
34920.00,N2C_1,94.00,438.19,360.24
34920.00,N2C_2,16.00,191.96,354.98
34920.00,N2C_3,24.00,115.59,115.59
34920.00,S2C_0,5.00,12.25,12.25
34920.00,S2C_1,12.00,158.53,163.08
34920.00,S2C_2,12.00,134.40,153.53
34920.00,W2C_1,13.00,78.53,111.77
34920.00,W2C_2,11.00,87.20,137.71
34920.00,W2C_3,19.00,69.28,69.28
34980.00,:Center_7_0,10.00,6.30,6.30
34980.00,E2C_0,89.00,320.63,320.63
34980.00,E2C_1,64.00,313.21,363.30
34980.00,E2C_2,65.00,385.22,364.66
34980.00,E2C_3,30.00,245.18,252.27
34980.00,N2C_0,41.00,463.56,361.28
34980.00,N2C_1,154.00,438.73,369.69
34980.00,N2C_2,17.00,363.38,363.38
34980.00,N2C_3,18.00,119.46,119.46
34980.00,S2C_0,3.00,12.51,12.51
34980.00,S2C_1,17.00,131.44,131.44
34980.00,S2C_2,11.00,115.53,129.91
34980.00,W2C_1,13.00,60.62,80.26
34980.00,W2C_2,15.00,54.63,138.12
34980.00,W2C_3,31.00,65.79,65.79
35040.00,:Center_3_0,4.00,4.60,4.60
35040.00,:Center_7_0,9.00,7.60,7.60
35040.00,:Center_11_0,4.00,13.89,9.30
35040.00,E2C_0,42.00,400.68,362.48
35040.00,E2C_1,67.00,458.99,365.98
35040.00,E2C_2,15.00,295.82,363.51
35040.00,E2C_3,15.00,260.79,260.79
35040.00,N2C_0,33.00,336.00,350.59
35040.00,N2C_1,214.00,440.48,363.71
35040.00,N2C_2,20.00,248.68,366.50
35040.00,N2C_3,13.00,124.21,140.84
35040.00,S2C_1,10.00,118.41,123.05
35040.00,S2C_2,9.00,106.47,120.85
35040.00,W2C_0,11.00,3.20,3.20
35040.00,W2C_1,15.00,42.37,119.80
35040.00,W2C_2,14.00,113.68,120.82
35040.00,W2C_3,19.00,69.70,73.00
35100.00,:Center_3_0,0.00,0.00,2.75
35100.00,:Center_15_0,2.00,4.60,4.60
35100.00,E2C_0,45.00,470.51,184.71
35100.00,E2C_1,22.00,468.43,363.27
35100.00,E2C_2,10.00,145.52,363.96
35100.00,E2C_3,21.00,224.54,261.11
35100.00,N2C_0,54.00,323.81,362.74
35100.00,N2C_1,274.00,439.47,361.00
35100.00,N2C_2,20.00,381.10,360.27
35100.00,N2C_3,31.00,178.74,178.74
35100.00,S2C_1,9.00,93.31,108.90
35100.00,S2C_2,11.00,94.95,102.06
35100.00,W2C_0,5.00,5.50,5.50
35100.00,W2C_1,11.00,128.46,131.86
35100.00,W2C_2,14.00,133.74,133.74
35100.00,W2C_3,3.00,16.01,52.79
35160.00,:Center_3_0,6.00,10.03,10.03
35160.00,:Center_11_0,9.00,11.95,11.95
35160.00,E2C_0,53.00,471.23,308.17
35160.00,E2C_1,32.00,482.23,362.95
35160.00,E2C_2,46.00,295.05,333.17
35160.00,E2C_3,47.00,242.45,242.45
35160.00,N2C_0,82.00,460.83,362.95
35160.00,N2C_1,153.00,462.38,360.85
35160.00,N2C_2,2.00,324.03,364.58
35160.00,N2C_3,2.00,141.17,148.23
35160.00,S2C_2,0.00,0.00,77.25
35160.00,S2C_3,0.00,0.00,7.80
35160.00,W2C_0,18.00,9.00,13.60
35160.00,W2C_1,27.00,137.38,137.38
35160.00,W2C_2,18.00,131.11,138.68
35160.00,W2C_3,18.00,54.31,70.02
35220.00,:Center_7_0,8.00,20.10,20.10
35220.00,:Center_15_0,14.00,14.80,11.60
35220.00,E2C_0,59.00,385.19,365.98
35220.00,E2C_1,47.00,439.00,361.48
35220.00,E2C_2,22.00,449.82,360.98
35220.00,E2C_3,17.00,284.90,284.90
35220.00,N2C_0,67.00,478.87,362.75
35220.00,N2C_1,23.00,449.60,364.02
35220.00,N2C_2,22.00,146.73,362.82
35220.00,N2C_3,16.00,150.35,157.44
35220.00,S2C_0,19.00,8.70,8.70
35220.00,S2C_1,20.00,56.54,56.54
35220.00,S2C_2,18.00,47.25,47.25
35220.00,S2C_3,16.00,22.70,22.70
35220.00,W2C_1,7.00,117.06,121.68
35220.00,W2C_2,9.00,107.67,121.91
35220.00,W2C_3,9.00,92.35,92.35
35280.00,E2C_0,38.00,474.00,361.83
35280.00,E2C_1,34.00,474.80,364.63
35280.00,E2C_2,13.00,352.56,366.78
35280.00,E2C_3,12.00,225.98,225.98
35280.00,N2C_0,101.00,458.47,315.09
35280.00,N2C_1,19.00,446.97,365.53
35280.00,N2C_2,28.00,188.60,359.13
35280.00,N2C_3,28.00,125.07,125.07
35280.00,S2C_1,2.00,20.01,27.81
35280.00,S2C_2,4.00,15.81,60.71
35280.00,S2C_3,0.00,0.00,8.42
35280.00,W2C_1,15.00,63.71,70.91
35280.00,W2C_2,14.00,40.93,49.74
35280.00,W2C_3,9.00,81.45,85.28
35340.00,:Center_3_0,0.00,0.00,11.89
35340.00,:Center_7_0,6.00,4.60,4.60
35340.00,:Center_11_0,3.00,5.58,8.90
35340.00,E2C_0,34.00,467.44,361.73
35340.00,E2C_1,12.00,404.82,364.14
35340.00,E2C_2,27.00,220.06,366.32
35340.00,E2C_3,25.00,205.66,205.66
35340.00,N2C_0,161.00,457.77,369.78
35340.00,N2C_1,26.00,448.77,360.93
35340.00,N2C_2,23.00,273.20,362.38
35340.00,N2C_3,17.00,87.86,103.78
35340.00,S2C_1,6.00,56.88,56.88
35340.00,S2C_2,10.00,59.00,59.00
35340.00,S2C_3,0.00,0.00,42.44
35340.00,W2C_0,2.00,3.20,3.20
35340.00,W2C_1,10.00,34.42,41.64
35340.00,W2C_2,13.00,48.91,48.91
35340.00,W2C_3,15.00,39.64,109.84
35400.00,:Center_7_0,11.00,11.30,11.30
35400.00,E2C_0,42.00,478.62,364.04
35400.00,E2C_1,14.00,457.08,364.43
35400.00,E2C_2,21.00,464.10,362.25
35400.00,E2C_3,23.00,189.34,189.34
35400.00,N2C_0,15.00,398.78,367.40
35400.00,N2C_1,37.00,419.81,364.09
35400.00,N2C_2,18.00,412.53,363.67
35400.00,N2C_3,12.00,113.82,113.82
35400.00,S2C_0,0.00,0.00,8.41
35400.00,S2C_1,21.00,60.81,60.81
35400.00,S2C_2,20.00,57.21,57.21
35400.00,S2C_3,19.00,27.92,35.04
35400.00,W2C_1,37.00,64.81,64.81
35400.00,W2C_2,17.00,64.14,64.14
35400.00,W2C_3,7.00,25.94,115.30
35460.00,:Center_7_0,45.00,16.30,9.30
35460.00,:Center_11_0,42.00,14.80,7.80
35460.00,:Center_15_0,1.00,5.64,10.39
35460.00,E2C_0,38.00,180.62,180.62
35460.00,E2C_1,40.00,409.77,361.57
35460.00,E2C_2,38.00,303.66,356.72
35460.00,E2C_3,39.00,238.91,238.91
35460.00,N2C_0,72.00,482.06,363.44
35460.00,N2C_1,62.00,448.65,360.59
35460.00,N2C_2,61.00,427.12,362.90
35460.00,N2C_3,23.00,80.34,80.34
35460.00,S2C_1,30.00,73.01,76.33
35460.00,S2C_2,30.00,89.58,89.58
35460.00,S2C_3,6.00,9.00,9.00
35460.00,W2C_1,44.00,84.42,84.42
35460.00,W2C_2,46.00,79.82,79.82
35460.00,W2C_3,22.00,87.61,90.90
35520.00,:Center_7_0,105.00,16.30,9.30
35520.00,:Center_11_0,102.00,14.80,7.80
35520.00,E2C_0,42.00,244.50,244.50
35520.00,E2C_1,48.00,469.87,361.47
35520.00,E2C_2,50.00,375.87,362.23
35520.00,E2C_3,99.00,229.45,229.45
35520.00,N2C_0,132.00,481.59,361.57
35520.00,N2C_1,122.00,440.43,364.55
35520.00,N2C_2,121.00,346.99,361.81
35520.00,N2C_3,83.00,133.25,133.25
35520.00,W2C_0,39.00,12.20,12.20
35520.00,W2C_1,104.00,122.93,122.93
35520.00,W2C_2,106.00,120.83,120.83
35520.00,W2C_3,41.00,100.81,100.81
35580.00,:Center_7_0,165.00,16.30,9.30
35580.00,:Center_11_0,2.00,12.67,9.33
35580.00,E2C_0,102.00,320.39,327.41
35580.00,E2C_1,42.00,461.55,363.10
35580.00,E2C_2,40.00,335.89,366.76
35580.00,E2C_3,159.00,229.24,236.48
35580.00,N2C_0,192.00,478.54,363.02
35580.00,N2C_1,182.00,472.65,364.53
35580.00,N2C_2,181.00,457.32,365.90
35580.00,N2C_3,143.00,136.45,136.45
35580.00,W2C_0,27.00,16.60,16.60
35580.00,W2C_1,164.00,144.03,144.03
35580.00,W2C_2,166.00,138.03,138.03
35580.00,W2C_3,35.00,113.73,113.73
35640.00,:Center_3_0,16.00,6.30,6.30
35640.00,:Center_11_0,0.00,0.00,3.68
35640.00,E2C_0,162.00,450.05,364.03
35640.00,E2C_1,32.00,476.21,372.96
35640.00,E2C_2,28.00,429.30,354.68
35640.00,E2C_3,26.00,474.77,239.39
35640.00,N2C_0,242.00,464.34,363.02
35640.00,N2C_1,212.00,457.15,364.53
35640.00,N2C_2,211.00,437.16,362.06
35640.00,N2C_3,11.00,362.27,362.27
35640.00,W2C_0,32.00,16.87,16.87
35640.00,W2C_1,30.00,73.17,154.62
35640.00,W2C_2,30.00,71.40,158.59
35640.00,W2C_3,32.00,109.18,127.48
35700.00,:Center_7_0,0.00,0.00,10.28
35700.00,E2C_0,33.00,474.05,361.56
35700.00,E2C_1,37.00,471.68,370.69
35700.00,E2C_2,222.00,447.26,363.70
35700.00,E2C_3,26.00,223.52,259.45
35700.00,N2C_0,168.00,464.00,362.54
35700.00,N2C_1,48.00,447.01,365.81
35700.00,N2C_2,7.00,305.04,357.23
35700.00,N2C_3,35.00,314.00,364.34
35700.00,S2C_1,8.00,5.50,5.50
35700.00,S2C_2,2.00,13.00,13.00
35700.00,S2C_3,7.00,12.13,12.13
35700.00,W2C_0,0.00,0.00,22.94
35700.00,W2C_1,11.00,185.91,185.91
35700.00,W2C_2,11.00,177.93,177.93
35700.00,W2C_3,15.00,91.03,112.75
35760.00,E2C_0,29.00,444.77,359.98
35760.00,E2C_1,18.00,459.11,368.28
35760.00,E2C_2,25.00,451.16,363.09
35760.00,E2C_3,15.00,157.29,227.59
35760.00,N2C_0,123.00,446.93,362.24
35760.00,N2C_1,41.00,447.95,365.24
35760.00,N2C_2,28.00,173.76,363.96
35760.00,N2C_3,43.00,402.03,364.51
35760.00,S2C_0,3.00,25.26,32.34
35760.00,S2C_1,1.00,2.30,9.48
35760.00,S2C_2,2.00,4.60,8.44
35760.00,S2C_3,0.00,0.00,12.70
35760.00,W2C_0,2.00,5.50,5.50
35760.00,W2C_1,17.00,116.22,156.79
35760.00,W2C_2,17.00,106.79,142.84
35760.00,W2C_3,23.00,99.73,99.73
35820.00,:Center_15_0,4.00,9.10,9.10
35820.00,E2C_0,54.00,467.34,117.32
35820.00,E2C_1,17.00,465.75,296.80
35820.00,E2C_2,19.00,314.66,360.84
35820.00,E2C_3,33.00,245.18,245.18
35820.00,N2C_0,78.00,468.66,365.97
35820.00,N2C_1,183.00,438.01,360.68
35820.00,N2C_2,40.00,345.34,356.53
35820.00,N2C_3,52.00,389.55,366.61
35820.00,S2C_0,6.00,3.20,3.20
35820.00,S2C_1,12.00,12.11,12.11
35820.00,S2C_2,11.00,17.40,17.40
35820.00,S2C_3,8.00,3.20,3.20
35820.00,W2C_1,10.00,105.23,161.60
35820.00,W2C_2,12.00,81.47,165.33
35820.00,W2C_3,17.00,90.03,93.43
35880.00,:Center_7_0,0.00,0.00,11.20
35880.00,E2C_0,51.00,257.97,265.71
35880.00,E2C_1,43.00,422.77,351.19
35880.00,E2C_2,44.00,312.11,361.63
35880.00,E2C_3,44.00,254.78,254.78
35880.00,N2C_0,24.00,385.84,359.68
35880.00,N2C_1,243.00,398.56,368.29
35880.00,N2C_2,7.00,447.81,347.93
35880.00,N2C_3,32.00,425.54,361.45
35880.00,S2C_0,7.00,10.21,10.21
35880.00,S2C_1,6.00,31.51,35.31
35880.00,S2C_2,9.00,36.59,36.59
35880.00,S2C_3,11.00,4.00,4.00
35880.00,W2C_1,10.00,83.43,117.36
35880.00,W2C_2,8.00,57.81,153.94
35880.00,W2C_3,4.00,74.44,97.69
35940.00,E2C_0,49.00,348.42,348.42
35940.00,E2C_1,45.00,468.66,362.35
35940.00,E2C_2,19.00,338.19,361.07
35940.00,E2C_3,17.00,266.35,266.35
35940.00,N2C_0,84.00,477.30,364.97
35940.00,N2C_1,303.00,461.90,360.14
35940.00,N2C_2,38.00,294.38,364.43
35940.00,N2C_3,64.00,313.98,313.98
35940.00,S2C_1,15.00,49.51,52.78
35940.00,S2C_2,10.00,51.26,51.26
35940.00,W2C_0,1.00,3.21,3.21
35940.00,W2C_1,7.00,17.42,92.26
35940.00,W2C_2,10.00,96.21,96.21
35940.00,W2C_3,16.00,126.73,126.73
36000.00,:Center_7_0,18.00,14.10,14.10
36000.00,:Center_15_0,14.00,19.70,8.70
36000.00,E2C_0,83.00,454.33,361.81
36000.00,E2C_1,38.00,465.73,357.69
36000.00,E2C_2,33.00,450.63,361.03
36000.00,E2C_3,40.00,293.11,293.11
36000.00,N2C_0,108.00,460.23,362.39
36000.00,N2C_1,69.00,472.72,364.60
36000.00,N2C_2,44.00,461.91,355.78
36000.00,N2C_3,16.00,321.78,321.78
36000.00,S2C_1,19.00,11.90,11.90
36000.00,S2C_2,18.00,10.20,10.20
36000.00,S2C_3,10.00,6.43,6.43
36000.00,W2C_1,0.00,0.00,95.88
36000.00,W2C_2,0.00,0.00,100.44
36000.00,W2C_3,31.00,124.40,124.40
36060.00,E2C_0,143.00,467.93,357.29
36060.00,E2C_1,21.00,472.95,362.64
36060.00,E2C_2,17.00,477.48,362.21
36060.00,E2C_3,36.00,309.56,312.93
36060.00,N2C_0,70.00,477.81,363.22
36060.00,N2C_1,38.00,320.36,366.29
36060.00,N2C_2,34.00,318.27,367.14
36060.00,N2C_3,45.00,330.87,330.87
36060.00,S2C_1,57.00,32.21,32.21
36060.00,S2C_2,57.00,29.91,29.91
36060.00,S2C_3,0.00,0.00,12.91
36060.00,W2C_3,37.00,106.28,106.28
36120.00,:Center_15_0,7.00,14.10,14.10
36120.00,E2C_0,26.00,476.67,359.92
36120.00,E2C_1,34.00,475.31,365.92
36120.00,E2C_2,11.00,473.19,356.57
36120.00,E2C_3,22.00,307.94,307.94
36120.00,N2C_0,52.00,478.66,364.06
36120.00,N2C_1,48.00,452.30,363.04
36120.00,N2C_2,19.00,313.90,360.08
36120.00,N2C_3,24.00,311.29,311.29
36120.00,S2C_1,14.00,12.20,12.20
36120.00,S2C_2,13.00,9.00,9.00
36120.00,W2C_3,4.00,79.05,90.92
36180.00,E2C_0,38.00,477.85,372.92
36180.00,E2C_1,25.00,482.37,373.24
36180.00,E2C_2,22.00,397.67,365.88
36180.00,E2C_3,26.00,299.42,299.42
36180.00,N2C_0,61.00,476.22,252.47
36180.00,N2C_1,70.00,446.02,362.44
36180.00,N2C_2,8.00,466.82,359.85
36180.00,N2C_3,9.00,117.96,324.84
36180.00,W2C_3,17.00,57.23,57.23
36240.00,E2C_0,67.00,448.23,372.81
36240.00,E2C_1,21.00,457.37,360.42
36240.00,E2C_2,15.00,274.93,363.44
36240.00,E2C_3,27.00,277.36,281.92
36240.00,N2C_0,10.00,461.13,361.48
36240.00,N2C_1,8.00,135.51,362.40
36240.00,N2C_2,13.00,328.26,363.99
36240.00,N2C_3,12.00,82.11,82.11
36240.00,W2C_3,8.00,23.24,27.97
36300.00,E2C_0,22.00,187.50,204.93
36300.00,E2C_1,16.00,372.42,362.01
36300.00,E2C_2,10.00,191.07,363.90
36300.00,E2C_3,14.00,334.39,334.39
36300.00,N2C_0,5.00,95.03,286.13
36300.00,N2C_1,7.00,151.51,361.52
36300.00,N2C_2,7.00,337.86,360.88
36300.00,N2C_3,9.00,109.10,125.60
36360.00,E2C_0,38.00,309.36,309.36
36360.00,E2C_1,17.00,431.74,363.20
36360.00,E2C_2,13.00,126.35,365.85
36360.00,E2C_3,19.00,354.35,361.58
36360.00,N2C_0,9.00,355.14,359.78
36360.00,N2C_1,13.00,257.52,362.37
36360.00,N2C_2,13.00,342.70,362.13
36360.00,N2C_3,4.00,150.43,161.88
36420.00,E2C_0,48.00,355.91,360.44
36420.00,E2C_1,9.00,358.27,361.65
36420.00,E2C_2,15.00,239.79,360.33
36420.00,E2C_3,6.00,240.21,247.60
36420.00,N2C_0,15.00,336.17,336.17
36420.00,N2C_1,17.00,299.51,362.38
36420.00,N2C_2,17.00,271.32,365.87
36420.00,N2C_3,19.00,53.92,53.92
36480.00,E2C_0,32.00,317.64,317.64
36480.00,E2C_1,18.00,336.21,366.80
36480.00,E2C_2,5.00,213.67,362.60
36480.00,E2C_3,20.00,367.58,364.20
36480.00,N2C_0,13.00,345.40,345.40
36480.00,N2C_1,18.00,378.17,360.94
36480.00,N2C_2,15.00,138.60,362.28
36480.00,N2C_3,14.00,16.23,16.23
36540.00,E2C_0,12.00,218.77,227.08
36540.00,E2C_1,12.00,396.35,359.86
36540.00,E2C_2,15.00,316.32,364.49
36540.00,E2C_3,2.00,425.90,364.54
36540.00,N2C_0,9.00,306.49,318.40
36540.00,N2C_1,14.00,481.35,362.82
36540.00,N2C_2,6.00,208.55,339.73
36540.00,N2C_3,5.00,11.00,11.00
36600.00,E2C_0,15.00,299.17,303.11
36600.00,E2C_1,15.00,481.03,359.29
36600.00,E2C_2,15.00,232.91,350.09
36600.00,E2C_3,13.00,178.16,205.12
36600.00,N2C_0,8.00,349.61,356.83
36600.00,N2C_1,19.00,300.46,357.30
36600.00,N2C_2,11.00,81.75,326.58
36600.00,N2C_3,1.00,3.01,10.58
36660.00,E2C_0,14.00,180.52,184.13
36660.00,E2C_1,10.00,362.78,362.78
36660.00,E2C_2,13.00,121.05,354.29
36660.00,E2C_3,23.00,325.68,328.89
36660.00,N2C_0,41.00,429.51,256.82
36660.00,N2C_1,19.00,463.85,361.73
36660.00,N2C_2,9.00,53.53,361.88
36720.00,E2C_0,13.00,244.63,244.63
36720.00,E2C_1,9.00,360.48,363.99
36720.00,E2C_2,16.00,247.98,360.99
36720.00,E2C_3,30.00,302.72,302.72
36720.00,N2C_0,21.00,297.56,297.56
36720.00,N2C_1,13.00,358.93,366.04
36720.00,N2C_2,6.00,62.02,361.91
36720.00,N2C_3,19.00,93.90,93.90
36780.00,E2C_0,21.00,144.85,148.62
36780.00,E2C_1,9.00,419.66,366.89
36780.00,E2C_2,6.00,309.41,364.36
36780.00,E2C_3,22.00,345.70,357.09
36780.00,N2C_0,30.00,346.33,350.90
36780.00,N2C_1,54.00,356.52,359.87
36780.00,N2C_2,11.00,32.54,355.62
36780.00,N2C_3,19.00,160.29,160.29
36840.00,E2C_0,7.00,96.41,112.62
36840.00,E2C_1,8.00,206.87,361.83
36840.00,E2C_2,6.00,95.56,365.09
36840.00,E2C_3,8.00,343.50,359.26
36840.00,N2C_0,23.00,382.74,359.67
36840.00,N2C_1,14.00,471.44,363.73
36840.00,N2C_2,15.00,229.10,365.32
36840.00,N2C_3,9.00,114.32,142.30
36900.00,E2C_0,0.00,0.00,67.07
36900.00,E2C_1,10.00,204.37,363.83
36900.00,E2C_2,7.00,76.79,364.05
36900.00,E2C_3,36.00,184.72,192.75
36900.00,N2C_0,38.00,463.84,260.40
36900.00,N2C_1,16.00,470.84,365.03
36900.00,N2C_2,10.00,330.28,361.06
36900.00,N2C_3,19.00,169.88,169.88
36960.00,E2C_1,12.00,64.44,237.28
36960.00,E2C_2,12.00,124.64,302.65
36960.00,E2C_3,56.00,178.68,182.23
36960.00,N2C_0,19.00,322.26,322.26
36960.00,N2C_1,15.00,374.37,364.01
36960.00,N2C_2,10.00,162.89,354.09
36960.00,N2C_3,33.00,212.14,215.49
37020.00,E2C_1,12.00,114.06,215.55
37020.00,E2C_2,14.00,216.77,216.77
37020.00,E2C_3,8.00,74.34,122.89
37020.00,N2C_0,6.00,149.52,164.99
37020.00,N2C_1,19.00,383.78,363.24
37020.00,N2C_2,13.00,268.99,361.37
37020.00,N2C_3,50.00,258.57,258.57
37080.00,E2C_1,9.00,87.61,117.16
37080.00,E2C_2,6.00,105.14,137.84
37080.00,E2C_3,5.00,77.02,80.49
37080.00,N2C_0,20.00,256.60,256.60
37080.00,N2C_1,19.00,456.69,366.39
37080.00,N2C_2,16.00,277.85,354.36
37080.00,N2C_3,16.00,224.64,263.20
37140.00,E2C_1,14.00,94.64,94.64
37140.00,E2C_2,17.00,96.50,96.50
37140.00,E2C_3,18.00,39.01,39.01
37140.00,N2C_0,73.00,330.38,330.38
37140.00,N2C_1,18.00,458.09,361.80
37140.00,N2C_2,6.00,210.68,371.31
37140.00,N2C_3,7.00,22.20,82.51
37200.00,E2C_1,14.00,36.13,36.13
37200.00,E2C_2,13.00,22.11,32.55
37200.00,N2C_0,24.00,414.66,363.30
37200.00,N2C_1,6.00,390.94,367.40
37200.00,N2C_2,16.00,340.94,364.03
37200.00,N2C_3,5.00,68.53,68.53
37260.00,E2C_1,23.00,5.50,5.50
37260.00,E2C_2,21.00,8.70,8.70
37260.00,N2C_0,9.00,338.85,338.85
37260.00,N2C_1,5.00,448.14,360.03
37260.00,N2C_2,3.00,82.77,360.45
37260.00,N2C_3,1.00,43.52,53.55
37320.00,N2C_0,4.00,336.67,363.11
37320.00,N2C_1,18.00,482.29,360.86
37320.00,N2C_2,0.00,0.00,351.01
37380.00,N2C_0,0.00,0.00,288.50
37380.00,N2C_1,1.00,330.86,345.97
37380.00,N2C_2,0.00,0.00,317.13
37440.00,N2C_0,9.00,22.62,22.62
37440.00,N2C_1,9.00,22.30,252.21
37440.00,N2C_2,4.00,30.12,125.35
37440.00,N2C_3,2.00,118.82,118.82
37500.00,N2C_0,5.00,5.50,5.50
37500.00,N2C_1,4.00,14.27,221.68
37500.00,N2C_2,6.00,22.01,199.91
37500.00,N2C_3,3.00,3.20,3.20
37800.00,N2C_1,1.00,481.51,0.00
37860.00,N2C_1,0.00,0.00,16.20
37920.00,N2C_1,3.00,3.22,6.90
37920.00,N2C_3,0.00,0.00,3.94
